Analysis & Synthesis report for halfadder
Sat Sep 19 16:25:57 2026
Quartus Prime Version 25.1std.0 Build 1129 10/21/2025 SC Lite Edition


---------------------
; Table of Contents ;
---------------------
  1. Legal Notice
  2. Analysis & Synthesis Summary
  3. Analysis & Synthesis Settings
  4. Parallel Compilation
  5. Analysis & Synthesis Source Files Read
  6. Analysis & Synthesis Resource Usage Summary
  7. Analysis & Synthesis Resource Utilization by Entity
  8. General Register Statistics
  9. Port Connectivity Checks: "eightbitsadder:s_p2_alta"
 10. Port Connectivity Checks: "somador16bits:s_p2_baixa"
 11. Port Connectivity Checks: "eightbitsadder:soma2"
 12. Port Connectivity Checks: "somador16bits:soma1"
 13. Port Connectivity Checks: "complementodedois24bits:complementoC"
 14. Port Connectivity Checks: "complementodedois16bits:complementodoproduto|somador16bits:somador"
 15. Port Connectivity Checks: "multiplicador:fazerproduto"
 16. Port Connectivity Checks: "complementodedois24bits:complementoax2|eightbitsadder:soma_alta"
 17. Port Connectivity Checks: "complementodedois24bits:complementoax2|somador16bits:soma_baixa"
 18. Port Connectivity Checks: "eightbitsadder:d"
 19. Port Connectivity Checks: "somador16bits:w"
 20. Port Connectivity Checks: "multiplicador:mt02"
 21. Port Connectivity Checks: "multiplicador:mt01"
 22. Port Connectivity Checks: "multiplicador:mt00|somador16bits:s_final"
 23. Port Connectivity Checks: "multiplicador:mt00|somador16bits:s_l2_1"
 24. Port Connectivity Checks: "multiplicador:mt00|somador16bits:s_l2_0"
 25. Port Connectivity Checks: "multiplicador:mt00|somador16bits:s_l1_3"
 26. Port Connectivity Checks: "multiplicador:mt00|somador16bits:s_l1_2"
 27. Port Connectivity Checks: "multiplicador:mt00|somador16bits:s_l1_1"
 28. Port Connectivity Checks: "multiplicador:mt00|somador16bits:s_l1_0"
 29. Port Connectivity Checks: "multiplicador:mt00"
 30. Post-Synthesis Netlist Statistics for Top Partition
 31. Elapsed Time Per Partition
 32. Analysis & Synthesis Messages



----------------
; Legal Notice ;
----------------
Copyright (C) 2025  Altera Corporation. All rights reserved.
Your use of Altera Corporation's design tools, logic functions 
and other software and tools, and any partner logic 
functions, and any output files from any of the foregoing 
(including device programming or simulation files), and any 
associated documentation or information are expressly subject 
to the terms and conditions of the Altera Program License 
Subscription Agreement, the Altera Quartus Prime License Agreement,
the Altera IP License Agreement, or other applicable license
agreement, including, without limitation, that your use is for
the sole purpose of programming logic devices manufactured by
Altera and sold by Altera or its authorized distributors.  Please
refer to the Altera Software License Subscription Agreements 
on the Quartus Prime software download page.



+--------------------------------------------------------------------------------------+
; Analysis & Synthesis Summary                                                         ;
+------------------------------------+-------------------------------------------------+
; Analysis & Synthesis Status        ; Successful - Sat Sep 19 16:25:57 2026           ;
; Quartus Prime Version              ; 25.1std.0 Build 1129 10/21/2025 SC Lite Edition ;
; Revision Name                      ; halfadder                                       ;
; Top-level Entity Name              ; funcao                                          ;
; Family                             ; MAX 10                                          ;
; Total logic elements               ; 685                                             ;
;     Total combinational functions  ; 685                                             ;
;     Dedicated logic registers      ; 0                                               ;
; Total registers                    ; 0                                               ;
; Total pins                         ; 56                                              ;
; Total virtual pins                 ; 0                                               ;
; Total memory bits                  ; 0                                               ;
; Embedded Multiplier 9-bit elements ; 0                                               ;
; Total PLLs                         ; 0                                               ;
; UFM blocks                         ; 0                                               ;
; ADC blocks                         ; 0                                               ;
+------------------------------------+-------------------------------------------------+


+------------------------------------------------------------------------------------------------------------+
; Analysis & Synthesis Settings                                                                              ;
+------------------------------------------------------------------+--------------------+--------------------+
; Option                                                           ; Setting            ; Default Value      ;
+------------------------------------------------------------------+--------------------+--------------------+
; Device                                                           ; 10M50DAF484C7G     ;                    ;
; Top-level entity name                                            ; funcao             ; halfadder          ;
; Family name                                                      ; MAX 10             ; Cyclone V          ;
; Use smart compilation                                            ; Off                ; Off                ;
; Enable parallel Assembler and Timing Analyzer during compilation ; On                 ; On                 ;
; Enable compact report table                                      ; Off                ; Off                ;
; Restructure Multiplexers                                         ; Auto               ; Auto               ;
; Create Debugging Nodes for IP Cores                              ; Off                ; Off                ;
; Preserve fewer node names                                        ; On                 ; On                 ;
; Intel FPGA IP Evaluation Mode                                    ; Enable             ; Enable             ;
; Verilog Version                                                  ; Verilog_2001       ; Verilog_2001       ;
; VHDL Version                                                     ; VHDL_1993          ; VHDL_1993          ;
; State Machine Processing                                         ; Auto               ; Auto               ;
; Safe State Machine                                               ; Off                ; Off                ;
; Extract Verilog State Machines                                   ; On                 ; On                 ;
; Extract VHDL State Machines                                      ; On                 ; On                 ;
; Ignore Verilog initial constructs                                ; Off                ; Off                ;
; Iteration limit for constant Verilog loops                       ; 5000               ; 5000               ;
; Iteration limit for non-constant Verilog loops                   ; 250                ; 250                ;
; Add Pass-Through Logic to Inferred RAMs                          ; On                 ; On                 ;
; Infer RAMs from Raw Logic                                        ; On                 ; On                 ;
; Parallel Synthesis                                               ; On                 ; On                 ;
; DSP Block Balancing                                              ; Auto               ; Auto               ;
; NOT Gate Push-Back                                               ; On                 ; On                 ;
; Power-Up Don't Care                                              ; On                 ; On                 ;
; Remove Redundant Logic Cells                                     ; Off                ; Off                ;
; Remove Duplicate Registers                                       ; On                 ; On                 ;
; Ignore CARRY Buffers                                             ; Off                ; Off                ;
; Ignore CASCADE Buffers                                           ; Off                ; Off                ;
; Ignore GLOBAL Buffers                                            ; Off                ; Off                ;
; Ignore ROW GLOBAL Buffers                                        ; Off                ; Off                ;
; Ignore LCELL Buffers                                             ; Off                ; Off                ;
; Ignore SOFT Buffers                                              ; On                 ; On                 ;
; Limit AHDL Integers to 32 Bits                                   ; Off                ; Off                ;
; Optimization Technique                                           ; Balanced           ; Balanced           ;
; Carry Chain Length                                               ; 70                 ; 70                 ;
; Auto Carry Chains                                                ; On                 ; On                 ;
; Auto Open-Drain Pins                                             ; On                 ; On                 ;
; Perform WYSIWYG Primitive Resynthesis                            ; Off                ; Off                ;
; Auto ROM Replacement                                             ; On                 ; On                 ;
; Auto RAM Replacement                                             ; On                 ; On                 ;
; Auto DSP Block Replacement                                       ; On                 ; On                 ;
; Auto Shift Register Replacement                                  ; Auto               ; Auto               ;
; Allow Shift Register Merging across Hierarchies                  ; Auto               ; Auto               ;
; Auto Clock Enable Replacement                                    ; On                 ; On                 ;
; Strict RAM Replacement                                           ; Off                ; Off                ;
; Allow Synchronous Control Signals                                ; On                 ; On                 ;
; Force Use of Synchronous Clear Signals                           ; Off                ; Off                ;
; Auto RAM Block Balancing                                         ; On                 ; On                 ;
; Auto RAM to Logic Cell Conversion                                ; Off                ; Off                ;
; Auto Resource Sharing                                            ; Off                ; Off                ;
; Allow Any RAM Size For Recognition                               ; Off                ; Off                ;
; Allow Any ROM Size For Recognition                               ; Off                ; Off                ;
; Allow Any Shift Register Size For Recognition                    ; Off                ; Off                ;
; Use LogicLock Constraints during Resource Balancing              ; On                 ; On                 ;
; Ignore translate_off and synthesis_off directives                ; Off                ; Off                ;
; Timing-Driven Synthesis                                          ; On                 ; On                 ;
; Report Parameter Settings                                        ; On                 ; On                 ;
; Report Source Assignments                                        ; On                 ; On                 ;
; Report Connectivity Checks                                       ; On                 ; On                 ;
; Ignore Maximum Fan-Out Assignments                               ; Off                ; Off                ;
; Synchronization Register Chain Length                            ; 2                  ; 2                  ;
; Power Optimization During Synthesis                              ; Normal compilation ; Normal compilation ;
; HDL message level                                                ; Level2             ; Level2             ;
; Suppress Register Optimization Related Messages                  ; Off                ; Off                ;
; Number of Removed Registers Reported in Synthesis Report         ; 5000               ; 5000               ;
; Number of Swept Nodes Reported in Synthesis Report               ; 5000               ; 5000               ;
; Number of Inverted Registers Reported in Synthesis Report        ; 100                ; 100                ;
; Clock MUX Protection                                             ; On                 ; On                 ;
; Auto Gated Clock Conversion                                      ; Off                ; Off                ;
; Block Design Naming                                              ; Auto               ; Auto               ;
; SDC constraint protection                                        ; Off                ; Off                ;
; Synthesis Effort                                                 ; Auto               ; Auto               ;
; Shift Register Replacement - Allow Asynchronous Clear Signal     ; On                 ; On                 ;
; Pre-Mapping Resynthesis Optimization                             ; Off                ; Off                ;
; Analysis & Synthesis Message Level                               ; Medium             ; Medium             ;
; Disable Register Merging Across Hierarchies                      ; Auto               ; Auto               ;
; Resource Aware Inference For Block RAM                           ; On                 ; On                 ;
+------------------------------------------------------------------+--------------------+--------------------+


+------------------------------------------+
; Parallel Compilation                     ;
+----------------------------+-------------+
; Processors                 ; Number      ;
+----------------------------+-------------+
; Number detected on machine ; 12          ;
; Maximum allowed            ; 12          ;
;                            ;             ;
; Average used               ; 1.00        ;
; Maximum used               ; 1           ;
;                            ;             ;
; Usage by Processor         ; % Time Used ;
;     Processor 1            ; 100.0%      ;
+----------------------------+-------------+


+-----------------------------------------------------------------------------------------------------------------------------------------------------------------------------+
; Analysis & Synthesis Source Files Read                                                                                                                                      ;
+----------------------------------+-----------------+------------------------+-------------------------------------------------------------------------------------+---------+
; File Name with User-Entered Path ; Used in Netlist ; File Type              ; File Name with Absolute Path                                                        ; Library ;
+----------------------------------+-----------------+------------------------+-------------------------------------------------------------------------------------+---------+
; halfadder.v                      ; yes             ; User Verilog HDL File  ; C:/Users/Tatiane/Documents/Eletronica/PBL-CD/PBL2/projeto/halfadder.v               ;         ;
; fulladder.v                      ; yes             ; User Verilog HDL File  ; C:/Users/Tatiane/Documents/Eletronica/PBL-CD/PBL2/projeto/fulladder.v               ;         ;
; fourbitsadder.v                  ; yes             ; User Verilog HDL File  ; C:/Users/Tatiane/Documents/Eletronica/PBL-CD/PBL2/projeto/fourbitsadder.v           ;         ;
; eightbitsadder.v                 ; yes             ; User Verilog HDL File  ; C:/Users/Tatiane/Documents/Eletronica/PBL-CD/PBL2/projeto/eightbitsadder.v          ;         ;
; somador16bits.v                  ; yes             ; User Verilog HDL File  ; C:/Users/Tatiane/Documents/Eletronica/PBL-CD/PBL2/projeto/somador16bits.v           ;         ;
; multiplicador.v                  ; yes             ; User Verilog HDL File  ; C:/Users/Tatiane/Documents/Eletronica/PBL-CD/PBL2/projeto/multiplicador.v           ;         ;
; complementodedois16bits.v        ; yes             ; User Verilog HDL File  ; C:/Users/Tatiane/Documents/Eletronica/PBL-CD/PBL2/projeto/complementodedois16bits.v ;         ;
; funcao.v                         ; yes             ; User Verilog HDL File  ; C:/Users/Tatiane/Documents/Eletronica/PBL-CD/PBL2/projeto/funcao.v                  ;         ;
; complementodedois24bits.v        ; yes             ; User Verilog HDL File  ; C:/Users/Tatiane/Documents/Eletronica/PBL-CD/PBL2/projeto/complementodedois24bits.v ;         ;
+----------------------------------+-----------------+------------------------+-------------------------------------------------------------------------------------+---------+


+----------------------------------------------------------+
; Analysis & Synthesis Resource Usage Summary              ;
+---------------------------------------------+------------+
; Resource                                    ; Usage      ;
+---------------------------------------------+------------+
; Estimated Total logic elements              ; 685        ;
;                                             ;            ;
; Total combinational functions               ; 685        ;
; Logic element usage by number of LUT inputs ;            ;
;     -- 4 input functions                    ; 483        ;
;     -- 3 input functions                    ; 93         ;
;     -- <=2 input functions                  ; 109        ;
;                                             ;            ;
; Logic elements by mode                      ;            ;
;     -- normal mode                          ; 685        ;
;     -- arithmetic mode                      ; 0          ;
;                                             ;            ;
; Total registers                             ; 0          ;
;     -- Dedicated logic registers            ; 0          ;
;     -- I/O registers                        ; 0          ;
;                                             ;            ;
; I/O pins                                    ; 56         ;
;                                             ;            ;
; Embedded Multiplier 9-bit elements          ; 0          ;
;                                             ;            ;
; Maximum fan-out node                        ; X[0]~input ;
; Maximum fan-out                             ; 46         ;
; Total fan-out                               ; 2509       ;
; Average fan-out                             ; 3.15       ;
+---------------------------------------------+------------+


+---------------------------------------------------------------------------------------------------------------------------------------------------------------------------------------------------------------------------------------------------------------------------------------------------------------------------------------------------------------------------------------------------------+
; Analysis & Synthesis Resource Utilization by Entity                                                                                                                                                                                                                                                                                                                                                     ;
+---------------------------------------------------+---------------------+---------------------------+-------------+------------+--------------+---------+-----------+------+--------------+------------+-------------------------------------------------------------------------------------------------------------------------------------------------------+-------------------------+--------------+
; Compilation Hierarchy Node                        ; Combinational ALUTs ; Dedicated Logic Registers ; Memory Bits ; UFM Blocks ; DSP Elements ; DSP 9x9 ; DSP 18x18 ; Pins ; Virtual Pins ; ADC blocks ; Full Hierarchy Name                                                                                                                                   ; Entity Name             ; Library Name ;
+---------------------------------------------------+---------------------+---------------------------+-------------+------------+--------------+---------+-----------+------+--------------+------------+-------------------------------------------------------------------------------------------------------------------------------------------------------+-------------------------+--------------+
; |funcao                                           ; 685 (2)             ; 0 (0)                     ; 0           ; 0          ; 0            ; 0       ; 0         ; 56   ; 0            ; 0          ; |funcao                                                                                                                                               ; funcao                  ; work         ;
;    |complementodedois16bits:complementodoproduto| ; 38 (21)             ; 0 (0)                     ; 0           ; 0          ; 0            ; 0       ; 0         ; 0    ; 0            ; 0          ; |funcao|complementodedois16bits:complementodoproduto                                                                                                  ; complementodedois16bits ; work         ;
;       |somador16bits:somador|                     ; 17 (0)              ; 0 (0)                     ; 0           ; 0          ; 0            ; 0       ; 0         ; 0    ; 0            ; 0          ; |funcao|complementodedois16bits:complementodoproduto|somador16bits:somador                                                                            ; somador16bits           ; work         ;
;          |eightbitsadder:s1|                      ; 9 (0)               ; 0 (0)                     ; 0           ; 0          ; 0            ; 0       ; 0         ; 0    ; 0            ; 0          ; |funcao|complementodedois16bits:complementodoproduto|somador16bits:somador|eightbitsadder:s1                                                          ; eightbitsadder          ; work         ;
;             |fourbitsadder:addr0|                 ; 5 (0)               ; 0 (0)                     ; 0           ; 0          ; 0            ; 0       ; 0         ; 0    ; 0            ; 0          ; |funcao|complementodedois16bits:complementodoproduto|somador16bits:somador|eightbitsadder:s1|fourbitsadder:addr0                                      ; fourbitsadder           ; work         ;
;                |fulladder:addr0|                  ; 1 (0)               ; 0 (0)                     ; 0           ; 0          ; 0            ; 0       ; 0         ; 0    ; 0            ; 0          ; |funcao|complementodedois16bits:complementodoproduto|somador16bits:somador|eightbitsadder:s1|fourbitsadder:addr0|fulladder:addr0                      ; fulladder               ; work         ;
;                   |halfadder:halfadder2|          ; 1 (1)               ; 0 (0)                     ; 0           ; 0          ; 0            ; 0       ; 0         ; 0    ; 0            ; 0          ; |funcao|complementodedois16bits:complementodoproduto|somador16bits:somador|eightbitsadder:s1|fourbitsadder:addr0|fulladder:addr0|halfadder:halfadder2 ; halfadder               ; work         ;
;                |fulladder:addr1|                  ; 2 (0)               ; 0 (0)                     ; 0           ; 0          ; 0            ; 0       ; 0         ; 0    ; 0            ; 0          ; |funcao|complementodedois16bits:complementodoproduto|somador16bits:somador|eightbitsadder:s1|fourbitsadder:addr0|fulladder:addr1                      ; fulladder               ; work         ;
;                   |halfadder:halfadder2|          ; 2 (2)               ; 0 (0)                     ; 0           ; 0          ; 0            ; 0       ; 0         ; 0    ; 0            ; 0          ; |funcao|complementodedois16bits:complementodoproduto|somador16bits:somador|eightbitsadder:s1|fourbitsadder:addr0|fulladder:addr1|halfadder:halfadder2 ; halfadder               ; work         ;
;                |fulladder:addr2|                  ; 1 (0)               ; 0 (0)                     ; 0           ; 0          ; 0            ; 0       ; 0         ; 0    ; 0            ; 0          ; |funcao|complementodedois16bits:complementodoproduto|somador16bits:somador|eightbitsadder:s1|fourbitsadder:addr0|fulladder:addr2                      ; fulladder               ; work         ;
;                   |halfadder:halfadder2|          ; 1 (1)               ; 0 (0)                     ; 0           ; 0          ; 0            ; 0       ; 0         ; 0    ; 0            ; 0          ; |funcao|complementodedois16bits:complementodoproduto|somador16bits:somador|eightbitsadder:s1|fourbitsadder:addr0|fulladder:addr2|halfadder:halfadder2 ; halfadder               ; work         ;
;                |fulladder:addr3|                  ; 1 (0)               ; 0 (0)                     ; 0           ; 0          ; 0            ; 0       ; 0         ; 0    ; 0            ; 0          ; |funcao|complementodedois16bits:complementodoproduto|somador16bits:somador|eightbitsadder:s1|fourbitsadder:addr0|fulladder:addr3                      ; fulladder               ; work         ;
;                   |halfadder:halfadder2|          ; 1 (1)               ; 0 (0)                     ; 0           ; 0          ; 0            ; 0       ; 0         ; 0    ; 0            ; 0          ; |funcao|complementodedois16bits:complementodoproduto|somador16bits:somador|eightbitsadder:s1|fourbitsadder:addr0|fulladder:addr3|halfadder:halfadder2 ; halfadder               ; work         ;
;             |fourbitsadder:addr1|                 ; 4 (0)               ; 0 (0)                     ; 0           ; 0          ; 0            ; 0       ; 0         ; 0    ; 0            ; 0          ; |funcao|complementodedois16bits:complementodoproduto|somador16bits:somador|eightbitsadder:s1|fourbitsadder:addr1                                      ; fourbitsadder           ; work         ;
;                |fulladder:addr0|                  ; 1 (0)               ; 0 (0)                     ; 0           ; 0          ; 0            ; 0       ; 0         ; 0    ; 0            ; 0          ; |funcao|complementodedois16bits:complementodoproduto|somador16bits:somador|eightbitsadder:s1|fourbitsadder:addr1|fulladder:addr0                      ; fulladder               ; work         ;
;                   |halfadder:halfadder2|          ; 1 (1)               ; 0 (0)                     ; 0           ; 0          ; 0            ; 0       ; 0         ; 0    ; 0            ; 0          ; |funcao|complementodedois16bits:complementodoproduto|somador16bits:somador|eightbitsadder:s1|fourbitsadder:addr1|fulladder:addr0|halfadder:halfadder2 ; halfadder               ; work         ;
;                |fulladder:addr1|                  ; 1 (0)               ; 0 (0)                     ; 0           ; 0          ; 0            ; 0       ; 0         ; 0    ; 0            ; 0          ; |funcao|complementodedois16bits:complementodoproduto|somador16bits:somador|eightbitsadder:s1|fourbitsadder:addr1|fulladder:addr1                      ; fulladder               ; work         ;
;                   |halfadder:halfadder2|          ; 1 (1)               ; 0 (0)                     ; 0           ; 0          ; 0            ; 0       ; 0         ; 0    ; 0            ; 0          ; |funcao|complementodedois16bits:complementodoproduto|somador16bits:somador|eightbitsadder:s1|fourbitsadder:addr1|fulladder:addr1|halfadder:halfadder2 ; halfadder               ; work         ;
;                |fulladder:addr2|                  ; 1 (0)               ; 0 (0)                     ; 0           ; 0          ; 0            ; 0       ; 0         ; 0    ; 0            ; 0          ; |funcao|complementodedois16bits:complementodoproduto|somador16bits:somador|eightbitsadder:s1|fourbitsadder:addr1|fulladder:addr2                      ; fulladder               ; work         ;
;                   |halfadder:halfadder2|          ; 1 (1)               ; 0 (0)                     ; 0           ; 0          ; 0            ; 0       ; 0         ; 0    ; 0            ; 0          ; |funcao|complementodedois16bits:complementodoproduto|somador16bits:somador|eightbitsadder:s1|fourbitsadder:addr1|fulladder:addr2|halfadder:halfadder2 ; halfadder               ; work         ;
;                |fulladder:addr3|                  ; 1 (0)               ; 0 (0)                     ; 0           ; 0          ; 0            ; 0       ; 0         ; 0    ; 0            ; 0          ; |funcao|complementodedois16bits:complementodoproduto|somador16bits:somador|eightbitsadder:s1|fourbitsadder:addr1|fulladder:addr3                      ; fulladder               ; work         ;
;                   |halfadder:halfadder2|          ; 1 (1)               ; 0 (0)                     ; 0           ; 0          ; 0            ; 0       ; 0         ; 0    ; 0            ; 0          ; |funcao|complementodedois16bits:complementodoproduto|somador16bits:somador|eightbitsadder:s1|fourbitsadder:addr1|fulladder:addr3|halfadder:halfadder2 ; halfadder               ; work         ;
;          |eightbitsadder:s2|                      ; 8 (0)               ; 0 (0)                     ; 0           ; 0          ; 0            ; 0       ; 0         ; 0    ; 0            ; 0          ; |funcao|complementodedois16bits:complementodoproduto|somador16bits:somador|eightbitsadder:s2                                                          ; eightbitsadder          ; work         ;
;             |fourbitsadder:addr0|                 ; 4 (0)               ; 0 (0)                     ; 0           ; 0          ; 0            ; 0       ; 0         ; 0    ; 0            ; 0          ; |funcao|complementodedois16bits:complementodoproduto|somador16bits:somador|eightbitsadder:s2|fourbitsadder:addr0                                      ; fourbitsadder           ; work         ;
;                |fulladder:addr0|                  ; 1 (0)               ; 0 (0)                     ; 0           ; 0          ; 0            ; 0       ; 0         ; 0    ; 0            ; 0          ; |funcao|complementodedois16bits:complementodoproduto|somador16bits:somador|eightbitsadder:s2|fourbitsadder:addr0|fulladder:addr0                      ; fulladder               ; work         ;
;                   |halfadder:halfadder2|          ; 1 (1)               ; 0 (0)                     ; 0           ; 0          ; 0            ; 0       ; 0         ; 0    ; 0            ; 0          ; |funcao|complementodedois16bits:complementodoproduto|somador16bits:somador|eightbitsadder:s2|fourbitsadder:addr0|fulladder:addr0|halfadder:halfadder2 ; halfadder               ; work         ;
;                |fulladder:addr1|                  ; 1 (0)               ; 0 (0)                     ; 0           ; 0          ; 0            ; 0       ; 0         ; 0    ; 0            ; 0          ; |funcao|complementodedois16bits:complementodoproduto|somador16bits:somador|eightbitsadder:s2|fourbitsadder:addr0|fulladder:addr1                      ; fulladder               ; work         ;
;                   |halfadder:halfadder2|          ; 1 (1)               ; 0 (0)                     ; 0           ; 0          ; 0            ; 0       ; 0         ; 0    ; 0            ; 0          ; |funcao|complementodedois16bits:complementodoproduto|somador16bits:somador|eightbitsadder:s2|fourbitsadder:addr0|fulladder:addr1|halfadder:halfadder2 ; halfadder               ; work         ;
;                |fulladder:addr2|                  ; 1 (0)               ; 0 (0)                     ; 0           ; 0          ; 0            ; 0       ; 0         ; 0    ; 0            ; 0          ; |funcao|complementodedois16bits:complementodoproduto|somador16bits:somador|eightbitsadder:s2|fourbitsadder:addr0|fulladder:addr2                      ; fulladder               ; work         ;
;                   |halfadder:halfadder2|          ; 1 (1)               ; 0 (0)                     ; 0           ; 0          ; 0            ; 0       ; 0         ; 0    ; 0            ; 0          ; |funcao|complementodedois16bits:complementodoproduto|somador16bits:somador|eightbitsadder:s2|fourbitsadder:addr0|fulladder:addr2|halfadder:halfadder2 ; halfadder               ; work         ;
;                |fulladder:addr3|                  ; 1 (0)               ; 0 (0)                     ; 0           ; 0          ; 0            ; 0       ; 0         ; 0    ; 0            ; 0          ; |funcao|complementodedois16bits:complementodoproduto|somador16bits:somador|eightbitsadder:s2|fourbitsadder:addr0|fulladder:addr3                      ; fulladder               ; work         ;
;                   |halfadder:halfadder2|          ; 1 (1)               ; 0 (0)                     ; 0           ; 0          ; 0            ; 0       ; 0         ; 0    ; 0            ; 0          ; |funcao|complementodedois16bits:complementodoproduto|somador16bits:somador|eightbitsadder:s2|fourbitsadder:addr0|fulladder:addr3|halfadder:halfadder2 ; halfadder               ; work         ;
;             |fourbitsadder:addr1|                 ; 4 (0)               ; 0 (0)                     ; 0           ; 0          ; 0            ; 0       ; 0         ; 0    ; 0            ; 0          ; |funcao|complementodedois16bits:complementodoproduto|somador16bits:somador|eightbitsadder:s2|fourbitsadder:addr1                                      ; fourbitsadder           ; work         ;
;                |fulladder:addr0|                  ; 1 (0)               ; 0 (0)                     ; 0           ; 0          ; 0            ; 0       ; 0         ; 0    ; 0            ; 0          ; |funcao|complementodedois16bits:complementodoproduto|somador16bits:somador|eightbitsadder:s2|fourbitsadder:addr1|fulladder:addr0                      ; fulladder               ; work         ;
;                   |halfadder:halfadder2|          ; 1 (1)               ; 0 (0)                     ; 0           ; 0          ; 0            ; 0       ; 0         ; 0    ; 0            ; 0          ; |funcao|complementodedois16bits:complementodoproduto|somador16bits:somador|eightbitsadder:s2|fourbitsadder:addr1|fulladder:addr0|halfadder:halfadder2 ; halfadder               ; work         ;
;                |fulladder:addr1|                  ; 1 (0)               ; 0 (0)                     ; 0           ; 0          ; 0            ; 0       ; 0         ; 0    ; 0            ; 0          ; |funcao|complementodedois16bits:complementodoproduto|somador16bits:somador|eightbitsadder:s2|fourbitsadder:addr1|fulladder:addr1                      ; fulladder               ; work         ;
;                   |halfadder:halfadder2|          ; 1 (1)               ; 0 (0)                     ; 0           ; 0          ; 0            ; 0       ; 0         ; 0    ; 0            ; 0          ; |funcao|complementodedois16bits:complementodoproduto|somador16bits:somador|eightbitsadder:s2|fourbitsadder:addr1|fulladder:addr1|halfadder:halfadder2 ; halfadder               ; work         ;
;                |fulladder:addr2|                  ; 1 (0)               ; 0 (0)                     ; 0           ; 0          ; 0            ; 0       ; 0         ; 0    ; 0            ; 0          ; |funcao|complementodedois16bits:complementodoproduto|somador16bits:somador|eightbitsadder:s2|fourbitsadder:addr1|fulladder:addr2                      ; fulladder               ; work         ;
;                   |halfadder:halfadder2|          ; 1 (1)               ; 0 (0)                     ; 0           ; 0          ; 0            ; 0       ; 0         ; 0    ; 0            ; 0          ; |funcao|complementodedois16bits:complementodoproduto|somador16bits:somador|eightbitsadder:s2|fourbitsadder:addr1|fulladder:addr2|halfadder:halfadder2 ; halfadder               ; work         ;
;                |fulladder:addr3|                  ; 1 (0)               ; 0 (0)                     ; 0           ; 0          ; 0            ; 0       ; 0         ; 0    ; 0            ; 0          ; |funcao|complementodedois16bits:complementodoproduto|somador16bits:somador|eightbitsadder:s2|fourbitsadder:addr1|fulladder:addr3                      ; fulladder               ; work         ;
;                   |halfadder:halfadder2|          ; 1 (1)               ; 0 (0)                     ; 0           ; 0          ; 0            ; 0       ; 0         ; 0    ; 0            ; 0          ; |funcao|complementodedois16bits:complementodoproduto|somador16bits:somador|eightbitsadder:s2|fourbitsadder:addr1|fulladder:addr3|halfadder:halfadder2 ; halfadder               ; work         ;
;    |complementodedois24bits:absolutofinal|        ; 79 (44)             ; 0 (0)                     ; 0           ; 0          ; 0            ; 0       ; 0         ; 0    ; 0            ; 0          ; |funcao|complementodedois24bits:absolutofinal                                                                                                         ; complementodedois24bits ; work         ;
;       |eightbitsadder:soma_alta|                  ; 10 (0)              ; 0 (0)                     ; 0           ; 0          ; 0            ; 0       ; 0         ; 0    ; 0            ; 0          ; |funcao|complementodedois24bits:absolutofinal|eightbitsadder:soma_alta                                                                                ; eightbitsadder          ; work         ;
;          |fourbitsadder:addr0|                    ; 5 (0)               ; 0 (0)                     ; 0           ; 0          ; 0            ; 0       ; 0         ; 0    ; 0            ; 0          ; |funcao|complementodedois24bits:absolutofinal|eightbitsadder:soma_alta|fourbitsadder:addr0                                                            ; fourbitsadder           ; work         ;
;             |fulladder:addr0|                     ; 1 (0)               ; 0 (0)                     ; 0           ; 0          ; 0            ; 0       ; 0         ; 0    ; 0            ; 0          ; |funcao|complementodedois24bits:absolutofinal|eightbitsadder:soma_alta|fourbitsadder:addr0|fulladder:addr0                                            ; fulladder               ; work         ;
;                |halfadder:halfadder2|             ; 1 (1)               ; 0 (0)                     ; 0           ; 0          ; 0            ; 0       ; 0         ; 0    ; 0            ; 0          ; |funcao|complementodedois24bits:absolutofinal|eightbitsadder:soma_alta|fourbitsadder:addr0|fulladder:addr0|halfadder:halfadder2                       ; halfadder               ; work         ;
;             |fulladder:addr1|                     ; 2 (0)               ; 0 (0)                     ; 0           ; 0          ; 0            ; 0       ; 0         ; 0    ; 0            ; 0          ; |funcao|complementodedois24bits:absolutofinal|eightbitsadder:soma_alta|fourbitsadder:addr0|fulladder:addr1                                            ; fulladder               ; work         ;
;                |halfadder:halfadder2|             ; 2 (2)               ; 0 (0)                     ; 0           ; 0          ; 0            ; 0       ; 0         ; 0    ; 0            ; 0          ; |funcao|complementodedois24bits:absolutofinal|eightbitsadder:soma_alta|fourbitsadder:addr0|fulladder:addr1|halfadder:halfadder2                       ; halfadder               ; work         ;
;             |fulladder:addr2|                     ; 1 (0)               ; 0 (0)                     ; 0           ; 0          ; 0            ; 0       ; 0         ; 0    ; 0            ; 0          ; |funcao|complementodedois24bits:absolutofinal|eightbitsadder:soma_alta|fourbitsadder:addr0|fulladder:addr2                                            ; fulladder               ; work         ;
;                |halfadder:halfadder2|             ; 1 (1)               ; 0 (0)                     ; 0           ; 0          ; 0            ; 0       ; 0         ; 0    ; 0            ; 0          ; |funcao|complementodedois24bits:absolutofinal|eightbitsadder:soma_alta|fourbitsadder:addr0|fulladder:addr2|halfadder:halfadder2                       ; halfadder               ; work         ;
;             |fulladder:addr3|                     ; 1 (0)               ; 0 (0)                     ; 0           ; 0          ; 0            ; 0       ; 0         ; 0    ; 0            ; 0          ; |funcao|complementodedois24bits:absolutofinal|eightbitsadder:soma_alta|fourbitsadder:addr0|fulladder:addr3                                            ; fulladder               ; work         ;
;                |halfadder:halfadder2|             ; 1 (1)               ; 0 (0)                     ; 0           ; 0          ; 0            ; 0       ; 0         ; 0    ; 0            ; 0          ; |funcao|complementodedois24bits:absolutofinal|eightbitsadder:soma_alta|fourbitsadder:addr0|fulladder:addr3|halfadder:halfadder2                       ; halfadder               ; work         ;
;          |fourbitsadder:addr1|                    ; 5 (0)               ; 0 (0)                     ; 0           ; 0          ; 0            ; 0       ; 0         ; 0    ; 0            ; 0          ; |funcao|complementodedois24bits:absolutofinal|eightbitsadder:soma_alta|fourbitsadder:addr1                                                            ; fourbitsadder           ; work         ;
;             |fulladder:addr0|                     ; 2 (0)               ; 0 (0)                     ; 0           ; 0          ; 0            ; 0       ; 0         ; 0    ; 0            ; 0          ; |funcao|complementodedois24bits:absolutofinal|eightbitsadder:soma_alta|fourbitsadder:addr1|fulladder:addr0                                            ; fulladder               ; work         ;
;                |halfadder:halfadder2|             ; 2 (2)               ; 0 (0)                     ; 0           ; 0          ; 0            ; 0       ; 0         ; 0    ; 0            ; 0          ; |funcao|complementodedois24bits:absolutofinal|eightbitsadder:soma_alta|fourbitsadder:addr1|fulladder:addr0|halfadder:halfadder2                       ; halfadder               ; work         ;
;             |fulladder:addr1|                     ; 1 (0)               ; 0 (0)                     ; 0           ; 0          ; 0            ; 0       ; 0         ; 0    ; 0            ; 0          ; |funcao|complementodedois24bits:absolutofinal|eightbitsadder:soma_alta|fourbitsadder:addr1|fulladder:addr1                                            ; fulladder               ; work         ;
;                |halfadder:halfadder2|             ; 1 (1)               ; 0 (0)                     ; 0           ; 0          ; 0            ; 0       ; 0         ; 0    ; 0            ; 0          ; |funcao|complementodedois24bits:absolutofinal|eightbitsadder:soma_alta|fourbitsadder:addr1|fulladder:addr1|halfadder:halfadder2                       ; halfadder               ; work         ;
;             |fulladder:addr2|                     ; 2 (0)               ; 0 (0)                     ; 0           ; 0          ; 0            ; 0       ; 0         ; 0    ; 0            ; 0          ; |funcao|complementodedois24bits:absolutofinal|eightbitsadder:soma_alta|fourbitsadder:addr1|fulladder:addr2                                            ; fulladder               ; work         ;
;                |halfadder:halfadder2|             ; 2 (2)               ; 0 (0)                     ; 0           ; 0          ; 0            ; 0       ; 0         ; 0    ; 0            ; 0          ; |funcao|complementodedois24bits:absolutofinal|eightbitsadder:soma_alta|fourbitsadder:addr1|fulladder:addr2|halfadder:halfadder2                       ; halfadder               ; work         ;
;       |somador16bits:soma_baixa|                  ; 25 (0)              ; 0 (0)                     ; 0           ; 0          ; 0            ; 0       ; 0         ; 0    ; 0            ; 0          ; |funcao|complementodedois24bits:absolutofinal|somador16bits:soma_baixa                                                                                ; somador16bits           ; work         ;
;          |eightbitsadder:s1|                      ; 14 (0)              ; 0 (0)                     ; 0           ; 0          ; 0            ; 0       ; 0         ; 0    ; 0            ; 0          ; |funcao|complementodedois24bits:absolutofinal|somador16bits:soma_baixa|eightbitsadder:s1                                                              ; eightbitsadder          ; work         ;
;             |fourbitsadder:addr0|                 ; 9 (0)               ; 0 (0)                     ; 0           ; 0          ; 0            ; 0       ; 0         ; 0    ; 0            ; 0          ; |funcao|complementodedois24bits:absolutofinal|somador16bits:soma_baixa|eightbitsadder:s1|fourbitsadder:addr0                                          ; fourbitsadder           ; work         ;
;                |fulladder:addr0|                  ; 2 (0)               ; 0 (0)                     ; 0           ; 0          ; 0            ; 0       ; 0         ; 0    ; 0            ; 0          ; |funcao|complementodedois24bits:absolutofinal|somador16bits:soma_baixa|eightbitsadder:s1|fourbitsadder:addr0|fulladder:addr0                          ; fulladder               ; work         ;
;                   |halfadder:halfadder2|          ; 2 (2)               ; 0 (0)                     ; 0           ; 0          ; 0            ; 0       ; 0         ; 0    ; 0            ; 0          ; |funcao|complementodedois24bits:absolutofinal|somador16bits:soma_baixa|eightbitsadder:s1|fourbitsadder:addr0|fulladder:addr0|halfadder:halfadder2     ; halfadder               ; work         ;
;                |fulladder:addr1|                  ; 4 (0)               ; 0 (0)                     ; 0           ; 0          ; 0            ; 0       ; 0         ; 0    ; 0            ; 0          ; |funcao|complementodedois24bits:absolutofinal|somador16bits:soma_baixa|eightbitsadder:s1|fourbitsadder:addr0|fulladder:addr1                          ; fulladder               ; work         ;
;                   |halfadder:halfadder2|          ; 4 (4)               ; 0 (0)                     ; 0           ; 0          ; 0            ; 0       ; 0         ; 0    ; 0            ; 0          ; |funcao|complementodedois24bits:absolutofinal|somador16bits:soma_baixa|eightbitsadder:s1|fourbitsadder:addr0|fulladder:addr1|halfadder:halfadder2     ; halfadder               ; work         ;
;                |fulladder:addr2|                  ; 2 (0)               ; 0 (0)                     ; 0           ; 0          ; 0            ; 0       ; 0         ; 0    ; 0            ; 0          ; |funcao|complementodedois24bits:absolutofinal|somador16bits:soma_baixa|eightbitsadder:s1|fourbitsadder:addr0|fulladder:addr2                          ; fulladder               ; work         ;
;                   |halfadder:halfadder2|          ; 2 (2)               ; 0 (0)                     ; 0           ; 0          ; 0            ; 0       ; 0         ; 0    ; 0            ; 0          ; |funcao|complementodedois24bits:absolutofinal|somador16bits:soma_baixa|eightbitsadder:s1|fourbitsadder:addr0|fulladder:addr2|halfadder:halfadder2     ; halfadder               ; work         ;
;                |fulladder:addr3|                  ; 1 (0)               ; 0 (0)                     ; 0           ; 0          ; 0            ; 0       ; 0         ; 0    ; 0            ; 0          ; |funcao|complementodedois24bits:absolutofinal|somador16bits:soma_baixa|eightbitsadder:s1|fourbitsadder:addr0|fulladder:addr3                          ; fulladder               ; work         ;
;                   |halfadder:halfadder2|          ; 1 (1)               ; 0 (0)                     ; 0           ; 0          ; 0            ; 0       ; 0         ; 0    ; 0            ; 0          ; |funcao|complementodedois24bits:absolutofinal|somador16bits:soma_baixa|eightbitsadder:s1|fourbitsadder:addr0|fulladder:addr3|halfadder:halfadder2     ; halfadder               ; work         ;
;             |fourbitsadder:addr1|                 ; 5 (0)               ; 0 (0)                     ; 0           ; 0          ; 0            ; 0       ; 0         ; 0    ; 0            ; 0          ; |funcao|complementodedois24bits:absolutofinal|somador16bits:soma_baixa|eightbitsadder:s1|fourbitsadder:addr1                                          ; fourbitsadder           ; work         ;
;                |fulladder:addr0|                  ; 1 (0)               ; 0 (0)                     ; 0           ; 0          ; 0            ; 0       ; 0         ; 0    ; 0            ; 0          ; |funcao|complementodedois24bits:absolutofinal|somador16bits:soma_baixa|eightbitsadder:s1|fourbitsadder:addr1|fulladder:addr0                          ; fulladder               ; work         ;
;                   |halfadder:halfadder2|          ; 1 (1)               ; 0 (0)                     ; 0           ; 0          ; 0            ; 0       ; 0         ; 0    ; 0            ; 0          ; |funcao|complementodedois24bits:absolutofinal|somador16bits:soma_baixa|eightbitsadder:s1|fourbitsadder:addr1|fulladder:addr0|halfadder:halfadder2     ; halfadder               ; work         ;
;                |fulladder:addr1|                  ; 2 (0)               ; 0 (0)                     ; 0           ; 0          ; 0            ; 0       ; 0         ; 0    ; 0            ; 0          ; |funcao|complementodedois24bits:absolutofinal|somador16bits:soma_baixa|eightbitsadder:s1|fourbitsadder:addr1|fulladder:addr1                          ; fulladder               ; work         ;
;                   |halfadder:halfadder2|          ; 2 (2)               ; 0 (0)                     ; 0           ; 0          ; 0            ; 0       ; 0         ; 0    ; 0            ; 0          ; |funcao|complementodedois24bits:absolutofinal|somador16bits:soma_baixa|eightbitsadder:s1|fourbitsadder:addr1|fulladder:addr1|halfadder:halfadder2     ; halfadder               ; work         ;
;                |fulladder:addr2|                  ; 1 (0)               ; 0 (0)                     ; 0           ; 0          ; 0            ; 0       ; 0         ; 0    ; 0            ; 0          ; |funcao|complementodedois24bits:absolutofinal|somador16bits:soma_baixa|eightbitsadder:s1|fourbitsadder:addr1|fulladder:addr2                          ; fulladder               ; work         ;
;                   |halfadder:halfadder2|          ; 1 (1)               ; 0 (0)                     ; 0           ; 0          ; 0            ; 0       ; 0         ; 0    ; 0            ; 0          ; |funcao|complementodedois24bits:absolutofinal|somador16bits:soma_baixa|eightbitsadder:s1|fourbitsadder:addr1|fulladder:addr2|halfadder:halfadder2     ; halfadder               ; work         ;
;                |fulladder:addr3|                  ; 1 (0)               ; 0 (0)                     ; 0           ; 0          ; 0            ; 0       ; 0         ; 0    ; 0            ; 0          ; |funcao|complementodedois24bits:absolutofinal|somador16bits:soma_baixa|eightbitsadder:s1|fourbitsadder:addr1|fulladder:addr3                          ; fulladder               ; work         ;
;                   |halfadder:halfadder2|          ; 1 (1)               ; 0 (0)                     ; 0           ; 0          ; 0            ; 0       ; 0         ; 0    ; 0            ; 0          ; |funcao|complementodedois24bits:absolutofinal|somador16bits:soma_baixa|eightbitsadder:s1|fourbitsadder:addr1|fulladder:addr3|halfadder:halfadder2     ; halfadder               ; work         ;
;          |eightbitsadder:s2|                      ; 11 (0)              ; 0 (0)                     ; 0           ; 0          ; 0            ; 0       ; 0         ; 0    ; 0            ; 0          ; |funcao|complementodedois24bits:absolutofinal|somador16bits:soma_baixa|eightbitsadder:s2                                                              ; eightbitsadder          ; work         ;
;             |fourbitsadder:addr0|                 ; 6 (0)               ; 0 (0)                     ; 0           ; 0          ; 0            ; 0       ; 0         ; 0    ; 0            ; 0          ; |funcao|complementodedois24bits:absolutofinal|somador16bits:soma_baixa|eightbitsadder:s2|fourbitsadder:addr0                                          ; fourbitsadder           ; work         ;
;                |fulladder:addr0|                  ; 2 (0)               ; 0 (0)                     ; 0           ; 0          ; 0            ; 0       ; 0         ; 0    ; 0            ; 0          ; |funcao|complementodedois24bits:absolutofinal|somador16bits:soma_baixa|eightbitsadder:s2|fourbitsadder:addr0|fulladder:addr0                          ; fulladder               ; work         ;
;                   |halfadder:halfadder2|          ; 2 (2)               ; 0 (0)                     ; 0           ; 0          ; 0            ; 0       ; 0         ; 0    ; 0            ; 0          ; |funcao|complementodedois24bits:absolutofinal|somador16bits:soma_baixa|eightbitsadder:s2|fourbitsadder:addr0|fulladder:addr0|halfadder:halfadder2     ; halfadder               ; work         ;
;                |fulladder:addr1|                  ; 1 (0)               ; 0 (0)                     ; 0           ; 0          ; 0            ; 0       ; 0         ; 0    ; 0            ; 0          ; |funcao|complementodedois24bits:absolutofinal|somador16bits:soma_baixa|eightbitsadder:s2|fourbitsadder:addr0|fulladder:addr1                          ; fulladder               ; work         ;
;                   |halfadder:halfadder2|          ; 1 (1)               ; 0 (0)                     ; 0           ; 0          ; 0            ; 0       ; 0         ; 0    ; 0            ; 0          ; |funcao|complementodedois24bits:absolutofinal|somador16bits:soma_baixa|eightbitsadder:s2|fourbitsadder:addr0|fulladder:addr1|halfadder:halfadder2     ; halfadder               ; work         ;
;                |fulladder:addr2|                  ; 1 (0)               ; 0 (0)                     ; 0           ; 0          ; 0            ; 0       ; 0         ; 0    ; 0            ; 0          ; |funcao|complementodedois24bits:absolutofinal|somador16bits:soma_baixa|eightbitsadder:s2|fourbitsadder:addr0|fulladder:addr2                          ; fulladder               ; work         ;
;                   |halfadder:halfadder2|          ; 1 (1)               ; 0 (0)                     ; 0           ; 0          ; 0            ; 0       ; 0         ; 0    ; 0            ; 0          ; |funcao|complementodedois24bits:absolutofinal|somador16bits:soma_baixa|eightbitsadder:s2|fourbitsadder:addr0|fulladder:addr2|halfadder:halfadder2     ; halfadder               ; work         ;
;                |fulladder:addr3|                  ; 2 (0)               ; 0 (0)                     ; 0           ; 0          ; 0            ; 0       ; 0         ; 0    ; 0            ; 0          ; |funcao|complementodedois24bits:absolutofinal|somador16bits:soma_baixa|eightbitsadder:s2|fourbitsadder:addr0|fulladder:addr3                          ; fulladder               ; work         ;
;                   |halfadder:halfadder2|          ; 2 (2)               ; 0 (0)                     ; 0           ; 0          ; 0            ; 0       ; 0         ; 0    ; 0            ; 0          ; |funcao|complementodedois24bits:absolutofinal|somador16bits:soma_baixa|eightbitsadder:s2|fourbitsadder:addr0|fulladder:addr3|halfadder:halfadder2     ; halfadder               ; work         ;
;             |fourbitsadder:addr1|                 ; 5 (0)               ; 0 (0)                     ; 0           ; 0          ; 0            ; 0       ; 0         ; 0    ; 0            ; 0          ; |funcao|complementodedois24bits:absolutofinal|somador16bits:soma_baixa|eightbitsadder:s2|fourbitsadder:addr1                                          ; fourbitsadder           ; work         ;
;                |fulladder:addr0|                  ; 1 (0)               ; 0 (0)                     ; 0           ; 0          ; 0            ; 0       ; 0         ; 0    ; 0            ; 0          ; |funcao|complementodedois24bits:absolutofinal|somador16bits:soma_baixa|eightbitsadder:s2|fourbitsadder:addr1|fulladder:addr0                          ; fulladder               ; work         ;
;                   |halfadder:halfadder2|          ; 1 (1)               ; 0 (0)                     ; 0           ; 0          ; 0            ; 0       ; 0         ; 0    ; 0            ; 0          ; |funcao|complementodedois24bits:absolutofinal|somador16bits:soma_baixa|eightbitsadder:s2|fourbitsadder:addr1|fulladder:addr0|halfadder:halfadder2     ; halfadder               ; work         ;
;                |fulladder:addr1|                  ; 1 (0)               ; 0 (0)                     ; 0           ; 0          ; 0            ; 0       ; 0         ; 0    ; 0            ; 0          ; |funcao|complementodedois24bits:absolutofinal|somador16bits:soma_baixa|eightbitsadder:s2|fourbitsadder:addr1|fulladder:addr1                          ; fulladder               ; work         ;
;                   |halfadder:halfadder2|          ; 1 (1)               ; 0 (0)                     ; 0           ; 0          ; 0            ; 0       ; 0         ; 0    ; 0            ; 0          ; |funcao|complementodedois24bits:absolutofinal|somador16bits:soma_baixa|eightbitsadder:s2|fourbitsadder:addr1|fulladder:addr1|halfadder:halfadder2     ; halfadder               ; work         ;
;                |fulladder:addr2|                  ; 2 (0)               ; 0 (0)                     ; 0           ; 0          ; 0            ; 0       ; 0         ; 0    ; 0            ; 0          ; |funcao|complementodedois24bits:absolutofinal|somador16bits:soma_baixa|eightbitsadder:s2|fourbitsadder:addr1|fulladder:addr2                          ; fulladder               ; work         ;
;                   |halfadder:halfadder2|          ; 2 (2)               ; 0 (0)                     ; 0           ; 0          ; 0            ; 0       ; 0         ; 0    ; 0            ; 0          ; |funcao|complementodedois24bits:absolutofinal|somador16bits:soma_baixa|eightbitsadder:s2|fourbitsadder:addr1|fulladder:addr2|halfadder:halfadder2     ; halfadder               ; work         ;
;                |fulladder:addr3|                  ; 1 (0)               ; 0 (0)                     ; 0           ; 0          ; 0            ; 0       ; 0         ; 0    ; 0            ; 0          ; |funcao|complementodedois24bits:absolutofinal|somador16bits:soma_baixa|eightbitsadder:s2|fourbitsadder:addr1|fulladder:addr3                          ; fulladder               ; work         ;
;                   |halfadder:halfadder2|          ; 1 (1)               ; 0 (0)                     ; 0           ; 0          ; 0            ; 0       ; 0         ; 0    ; 0            ; 0          ; |funcao|complementodedois24bits:absolutofinal|somador16bits:soma_baixa|eightbitsadder:s2|fourbitsadder:addr1|fulladder:addr3|halfadder:halfadder2     ; halfadder               ; work         ;
;    |complementodedois24bits:complementoC|         ; 16 (0)              ; 0 (0)                     ; 0           ; 0          ; 0            ; 0       ; 0         ; 0    ; 0            ; 0          ; |funcao|complementodedois24bits:complementoC                                                                                                          ; complementodedois24bits ; work         ;
;       |somador16bits:soma_baixa|                  ; 16 (0)              ; 0 (0)                     ; 0           ; 0          ; 0            ; 0       ; 0         ; 0    ; 0            ; 0          ; |funcao|complementodedois24bits:complementoC|somador16bits:soma_baixa                                                                                 ; somador16bits           ; work         ;
;          |eightbitsadder:s1|                      ; 12 (0)              ; 0 (0)                     ; 0           ; 0          ; 0            ; 0       ; 0         ; 0    ; 0            ; 0          ; |funcao|complementodedois24bits:complementoC|somador16bits:soma_baixa|eightbitsadder:s1                                                               ; eightbitsadder          ; work         ;
;             |fourbitsadder:addr0|                 ; 5 (0)               ; 0 (0)                     ; 0           ; 0          ; 0            ; 0       ; 0         ; 0    ; 0            ; 0          ; |funcao|complementodedois24bits:complementoC|somador16bits:soma_baixa|eightbitsadder:s1|fourbitsadder:addr0                                           ; fourbitsadder           ; work         ;
;                |fulladder:addr1|                  ; 2 (0)               ; 0 (0)                     ; 0           ; 0          ; 0            ; 0       ; 0         ; 0    ; 0            ; 0          ; |funcao|complementodedois24bits:complementoC|somador16bits:soma_baixa|eightbitsadder:s1|fourbitsadder:addr0|fulladder:addr1                           ; fulladder               ; work         ;
;                   |halfadder:halfadder2|          ; 2 (2)               ; 0 (0)                     ; 0           ; 0          ; 0            ; 0       ; 0         ; 0    ; 0            ; 0          ; |funcao|complementodedois24bits:complementoC|somador16bits:soma_baixa|eightbitsadder:s1|fourbitsadder:addr0|fulladder:addr1|halfadder:halfadder2      ; halfadder               ; work         ;
;                |fulladder:addr2|                  ; 1 (0)               ; 0 (0)                     ; 0           ; 0          ; 0            ; 0       ; 0         ; 0    ; 0            ; 0          ; |funcao|complementodedois24bits:complementoC|somador16bits:soma_baixa|eightbitsadder:s1|fourbitsadder:addr0|fulladder:addr2                           ; fulladder               ; work         ;
;                   |halfadder:halfadder2|          ; 1 (1)               ; 0 (0)                     ; 0           ; 0          ; 0            ; 0       ; 0         ; 0    ; 0            ; 0          ; |funcao|complementodedois24bits:complementoC|somador16bits:soma_baixa|eightbitsadder:s1|fourbitsadder:addr0|fulladder:addr2|halfadder:halfadder2      ; halfadder               ; work         ;
;                |fulladder:addr3|                  ; 2 (0)               ; 0 (0)                     ; 0           ; 0          ; 0            ; 0       ; 0         ; 0    ; 0            ; 0          ; |funcao|complementodedois24bits:complementoC|somador16bits:soma_baixa|eightbitsadder:s1|fourbitsadder:addr0|fulladder:addr3                           ; fulladder               ; work         ;
;                   |halfadder:halfadder2|          ; 2 (2)               ; 0 (0)                     ; 0           ; 0          ; 0            ; 0       ; 0         ; 0    ; 0            ; 0          ; |funcao|complementodedois24bits:complementoC|somador16bits:soma_baixa|eightbitsadder:s1|fourbitsadder:addr0|fulladder:addr3|halfadder:halfadder2      ; halfadder               ; work         ;
;             |fourbitsadder:addr1|                 ; 7 (0)               ; 0 (0)                     ; 0           ; 0          ; 0            ; 0       ; 0         ; 0    ; 0            ; 0          ; |funcao|complementodedois24bits:complementoC|somador16bits:soma_baixa|eightbitsadder:s1|fourbitsadder:addr1                                           ; fourbitsadder           ; work         ;
;                |fulladder:addr0|                  ; 2 (0)               ; 0 (0)                     ; 0           ; 0          ; 0            ; 0       ; 0         ; 0    ; 0            ; 0          ; |funcao|complementodedois24bits:complementoC|somador16bits:soma_baixa|eightbitsadder:s1|fourbitsadder:addr1|fulladder:addr0                           ; fulladder               ; work         ;
;                   |halfadder:halfadder2|          ; 2 (2)               ; 0 (0)                     ; 0           ; 0          ; 0            ; 0       ; 0         ; 0    ; 0            ; 0          ; |funcao|complementodedois24bits:complementoC|somador16bits:soma_baixa|eightbitsadder:s1|fourbitsadder:addr1|fulladder:addr0|halfadder:halfadder2      ; halfadder               ; work         ;
;                |fulladder:addr1|                  ; 2 (0)               ; 0 (0)                     ; 0           ; 0          ; 0            ; 0       ; 0         ; 0    ; 0            ; 0          ; |funcao|complementodedois24bits:complementoC|somador16bits:soma_baixa|eightbitsadder:s1|fourbitsadder:addr1|fulladder:addr1                           ; fulladder               ; work         ;
;                   |halfadder:halfadder2|          ; 2 (2)               ; 0 (0)                     ; 0           ; 0          ; 0            ; 0       ; 0         ; 0    ; 0            ; 0          ; |funcao|complementodedois24bits:complementoC|somador16bits:soma_baixa|eightbitsadder:s1|fourbitsadder:addr1|fulladder:addr1|halfadder:halfadder2      ; halfadder               ; work         ;
;                |fulladder:addr2|                  ; 2 (0)               ; 0 (0)                     ; 0           ; 0          ; 0            ; 0       ; 0         ; 0    ; 0            ; 0          ; |funcao|complementodedois24bits:complementoC|somador16bits:soma_baixa|eightbitsadder:s1|fourbitsadder:addr1|fulladder:addr2                           ; fulladder               ; work         ;
;                   |halfadder:halfadder2|          ; 2 (2)               ; 0 (0)                     ; 0           ; 0          ; 0            ; 0       ; 0         ; 0    ; 0            ; 0          ; |funcao|complementodedois24bits:complementoC|somador16bits:soma_baixa|eightbitsadder:s1|fourbitsadder:addr1|fulladder:addr2|halfadder:halfadder2      ; halfadder               ; work         ;
;                |fulladder:addr3|                  ; 1 (0)               ; 0 (0)                     ; 0           ; 0          ; 0            ; 0       ; 0         ; 0    ; 0            ; 0          ; |funcao|complementodedois24bits:complementoC|somador16bits:soma_baixa|eightbitsadder:s1|fourbitsadder:addr1|fulladder:addr3                           ; fulladder               ; work         ;
;                   |halfadder:halfadder2|          ; 1 (1)               ; 0 (0)                     ; 0           ; 0          ; 0            ; 0       ; 0         ; 0    ; 0            ; 0          ; |funcao|complementodedois24bits:complementoC|somador16bits:soma_baixa|eightbitsadder:s1|fourbitsadder:addr1|fulladder:addr3|halfadder:halfadder2      ; halfadder               ; work         ;
;          |eightbitsadder:s2|                      ; 4 (0)               ; 0 (0)                     ; 0           ; 0          ; 0            ; 0       ; 0         ; 0    ; 0            ; 0          ; |funcao|complementodedois24bits:complementoC|somador16bits:soma_baixa|eightbitsadder:s2                                                               ; eightbitsadder          ; work         ;
;             |fourbitsadder:addr0|                 ; 4 (0)               ; 0 (0)                     ; 0           ; 0          ; 0            ; 0       ; 0         ; 0    ; 0            ; 0          ; |funcao|complementodedois24bits:complementoC|somador16bits:soma_baixa|eightbitsadder:s2|fourbitsadder:addr0                                           ; fourbitsadder           ; work         ;
;                |fulladder:addr0|                  ; 2 (0)               ; 0 (0)                     ; 0           ; 0          ; 0            ; 0       ; 0         ; 0    ; 0            ; 0          ; |funcao|complementodedois24bits:complementoC|somador16bits:soma_baixa|eightbitsadder:s2|fourbitsadder:addr0|fulladder:addr0                           ; fulladder               ; work         ;
;                   |halfadder:halfadder2|          ; 2 (2)               ; 0 (0)                     ; 0           ; 0          ; 0            ; 0       ; 0         ; 0    ; 0            ; 0          ; |funcao|complementodedois24bits:complementoC|somador16bits:soma_baixa|eightbitsadder:s2|fourbitsadder:addr0|fulladder:addr0|halfadder:halfadder2      ; halfadder               ; work         ;
;                |fulladder:addr2|                  ; 2 (0)               ; 0 (0)                     ; 0           ; 0          ; 0            ; 0       ; 0         ; 0    ; 0            ; 0          ; |funcao|complementodedois24bits:complementoC|somador16bits:soma_baixa|eightbitsadder:s2|fourbitsadder:addr0|fulladder:addr2                           ; fulladder               ; work         ;
;                   |halfadder:halfadder2|          ; 2 (2)               ; 0 (0)                     ; 0           ; 0          ; 0            ; 0       ; 0         ; 0    ; 0            ; 0          ; |funcao|complementodedois24bits:complementoC|somador16bits:soma_baixa|eightbitsadder:s2|fourbitsadder:addr0|fulladder:addr2|halfadder:halfadder2      ; halfadder               ; work         ;
;    |complementodedois24bits:complementoax2|       ; 57 (11)             ; 0 (0)                     ; 0           ; 0          ; 0            ; 0       ; 0         ; 0    ; 0            ; 0          ; |funcao|complementodedois24bits:complementoax2                                                                                                        ; complementodedois24bits ; work         ;
;       |eightbitsadder:soma_alta|                  ; 14 (0)              ; 0 (0)                     ; 0           ; 0          ; 0            ; 0       ; 0         ; 0    ; 0            ; 0          ; |funcao|complementodedois24bits:complementoax2|eightbitsadder:soma_alta                                                                               ; eightbitsadder          ; work         ;
;          |fourbitsadder:addr0|                    ; 8 (0)               ; 0 (0)                     ; 0           ; 0          ; 0            ; 0       ; 0         ; 0    ; 0            ; 0          ; |funcao|complementodedois24bits:complementoax2|eightbitsadder:soma_alta|fourbitsadder:addr0                                                           ; fourbitsadder           ; work         ;
;             |fulladder:addr0|                     ; 2 (0)               ; 0 (0)                     ; 0           ; 0          ; 0            ; 0       ; 0         ; 0    ; 0            ; 0          ; |funcao|complementodedois24bits:complementoax2|eightbitsadder:soma_alta|fourbitsadder:addr0|fulladder:addr0                                           ; fulladder               ; work         ;
;                |halfadder:halfadder2|             ; 2 (2)               ; 0 (0)                     ; 0           ; 0          ; 0            ; 0       ; 0         ; 0    ; 0            ; 0          ; |funcao|complementodedois24bits:complementoax2|eightbitsadder:soma_alta|fourbitsadder:addr0|fulladder:addr0|halfadder:halfadder2                      ; halfadder               ; work         ;
;             |fulladder:addr1|                     ; 2 (0)               ; 0 (0)                     ; 0           ; 0          ; 0            ; 0       ; 0         ; 0    ; 0            ; 0          ; |funcao|complementodedois24bits:complementoax2|eightbitsadder:soma_alta|fourbitsadder:addr0|fulladder:addr1                                           ; fulladder               ; work         ;
;                |halfadder:halfadder2|             ; 2 (2)               ; 0 (0)                     ; 0           ; 0          ; 0            ; 0       ; 0         ; 0    ; 0            ; 0          ; |funcao|complementodedois24bits:complementoax2|eightbitsadder:soma_alta|fourbitsadder:addr0|fulladder:addr1|halfadder:halfadder2                      ; halfadder               ; work         ;
;             |fulladder:addr2|                     ; 2 (0)               ; 0 (0)                     ; 0           ; 0          ; 0            ; 0       ; 0         ; 0    ; 0            ; 0          ; |funcao|complementodedois24bits:complementoax2|eightbitsadder:soma_alta|fourbitsadder:addr0|fulladder:addr2                                           ; fulladder               ; work         ;
;                |halfadder:halfadder2|             ; 2 (2)               ; 0 (0)                     ; 0           ; 0          ; 0            ; 0       ; 0         ; 0    ; 0            ; 0          ; |funcao|complementodedois24bits:complementoax2|eightbitsadder:soma_alta|fourbitsadder:addr0|fulladder:addr2|halfadder:halfadder2                      ; halfadder               ; work         ;
;             |fulladder:addr3|                     ; 2 (0)               ; 0 (0)                     ; 0           ; 0          ; 0            ; 0       ; 0         ; 0    ; 0            ; 0          ; |funcao|complementodedois24bits:complementoax2|eightbitsadder:soma_alta|fourbitsadder:addr0|fulladder:addr3                                           ; fulladder               ; work         ;
;                |halfadder:halfadder2|             ; 2 (2)               ; 0 (0)                     ; 0           ; 0          ; 0            ; 0       ; 0         ; 0    ; 0            ; 0          ; |funcao|complementodedois24bits:complementoax2|eightbitsadder:soma_alta|fourbitsadder:addr0|fulladder:addr3|halfadder:halfadder2                      ; halfadder               ; work         ;
;          |fourbitsadder:addr1|                    ; 6 (0)               ; 0 (0)                     ; 0           ; 0          ; 0            ; 0       ; 0         ; 0    ; 0            ; 0          ; |funcao|complementodedois24bits:complementoax2|eightbitsadder:soma_alta|fourbitsadder:addr1                                                           ; fourbitsadder           ; work         ;
;             |fulladder:addr0|                     ; 2 (0)               ; 0 (0)                     ; 0           ; 0          ; 0            ; 0       ; 0         ; 0    ; 0            ; 0          ; |funcao|complementodedois24bits:complementoax2|eightbitsadder:soma_alta|fourbitsadder:addr1|fulladder:addr0                                           ; fulladder               ; work         ;
;                |halfadder:halfadder2|             ; 2 (2)               ; 0 (0)                     ; 0           ; 0          ; 0            ; 0       ; 0         ; 0    ; 0            ; 0          ; |funcao|complementodedois24bits:complementoax2|eightbitsadder:soma_alta|fourbitsadder:addr1|fulladder:addr0|halfadder:halfadder2                      ; halfadder               ; work         ;
;             |fulladder:addr1|                     ; 2 (0)               ; 0 (0)                     ; 0           ; 0          ; 0            ; 0       ; 0         ; 0    ; 0            ; 0          ; |funcao|complementodedois24bits:complementoax2|eightbitsadder:soma_alta|fourbitsadder:addr1|fulladder:addr1                                           ; fulladder               ; work         ;
;                |halfadder:halfadder2|             ; 2 (2)               ; 0 (0)                     ; 0           ; 0          ; 0            ; 0       ; 0         ; 0    ; 0            ; 0          ; |funcao|complementodedois24bits:complementoax2|eightbitsadder:soma_alta|fourbitsadder:addr1|fulladder:addr1|halfadder:halfadder2                      ; halfadder               ; work         ;
;             |fulladder:addr2|                     ; 2 (0)               ; 0 (0)                     ; 0           ; 0          ; 0            ; 0       ; 0         ; 0    ; 0            ; 0          ; |funcao|complementodedois24bits:complementoax2|eightbitsadder:soma_alta|fourbitsadder:addr1|fulladder:addr2                                           ; fulladder               ; work         ;
;                |halfadder:halfadder2|             ; 2 (2)               ; 0 (0)                     ; 0           ; 0          ; 0            ; 0       ; 0         ; 0    ; 0            ; 0          ; |funcao|complementodedois24bits:complementoax2|eightbitsadder:soma_alta|fourbitsadder:addr1|fulladder:addr2|halfadder:halfadder2                      ; halfadder               ; work         ;
;       |somador16bits:soma_baixa|                  ; 32 (0)              ; 0 (0)                     ; 0           ; 0          ; 0            ; 0       ; 0         ; 0    ; 0            ; 0          ; |funcao|complementodedois24bits:complementoax2|somador16bits:soma_baixa                                                                               ; somador16bits           ; work         ;
;          |eightbitsadder:s1|                      ; 16 (0)              ; 0 (0)                     ; 0           ; 0          ; 0            ; 0       ; 0         ; 0    ; 0            ; 0          ; |funcao|complementodedois24bits:complementoax2|somador16bits:soma_baixa|eightbitsadder:s1                                                             ; eightbitsadder          ; work         ;
;             |fourbitsadder:addr0|                 ; 8 (0)               ; 0 (0)                     ; 0           ; 0          ; 0            ; 0       ; 0         ; 0    ; 0            ; 0          ; |funcao|complementodedois24bits:complementoax2|somador16bits:soma_baixa|eightbitsadder:s1|fourbitsadder:addr0                                         ; fourbitsadder           ; work         ;
;                |fulladder:addr0|                  ; 1 (0)               ; 0 (0)                     ; 0           ; 0          ; 0            ; 0       ; 0         ; 0    ; 0            ; 0          ; |funcao|complementodedois24bits:complementoax2|somador16bits:soma_baixa|eightbitsadder:s1|fourbitsadder:addr0|fulladder:addr0                         ; fulladder               ; work         ;
;                   |halfadder:halfadder2|          ; 1 (1)               ; 0 (0)                     ; 0           ; 0          ; 0            ; 0       ; 0         ; 0    ; 0            ; 0          ; |funcao|complementodedois24bits:complementoax2|somador16bits:soma_baixa|eightbitsadder:s1|fourbitsadder:addr0|fulladder:addr0|halfadder:halfadder2    ; halfadder               ; work         ;
;                |fulladder:addr1|                  ; 3 (0)               ; 0 (0)                     ; 0           ; 0          ; 0            ; 0       ; 0         ; 0    ; 0            ; 0          ; |funcao|complementodedois24bits:complementoax2|somador16bits:soma_baixa|eightbitsadder:s1|fourbitsadder:addr0|fulladder:addr1                         ; fulladder               ; work         ;
;                   |halfadder:halfadder2|          ; 3 (3)               ; 0 (0)                     ; 0           ; 0          ; 0            ; 0       ; 0         ; 0    ; 0            ; 0          ; |funcao|complementodedois24bits:complementoax2|somador16bits:soma_baixa|eightbitsadder:s1|fourbitsadder:addr0|fulladder:addr1|halfadder:halfadder2    ; halfadder               ; work         ;
;                |fulladder:addr2|                  ; 2 (0)               ; 0 (0)                     ; 0           ; 0          ; 0            ; 0       ; 0         ; 0    ; 0            ; 0          ; |funcao|complementodedois24bits:complementoax2|somador16bits:soma_baixa|eightbitsadder:s1|fourbitsadder:addr0|fulladder:addr2                         ; fulladder               ; work         ;
;                   |halfadder:halfadder2|          ; 2 (2)               ; 0 (0)                     ; 0           ; 0          ; 0            ; 0       ; 0         ; 0    ; 0            ; 0          ; |funcao|complementodedois24bits:complementoax2|somador16bits:soma_baixa|eightbitsadder:s1|fourbitsadder:addr0|fulladder:addr2|halfadder:halfadder2    ; halfadder               ; work         ;
;                |fulladder:addr3|                  ; 2 (0)               ; 0 (0)                     ; 0           ; 0          ; 0            ; 0       ; 0         ; 0    ; 0            ; 0          ; |funcao|complementodedois24bits:complementoax2|somador16bits:soma_baixa|eightbitsadder:s1|fourbitsadder:addr0|fulladder:addr3                         ; fulladder               ; work         ;
;                   |halfadder:halfadder2|          ; 2 (2)               ; 0 (0)                     ; 0           ; 0          ; 0            ; 0       ; 0         ; 0    ; 0            ; 0          ; |funcao|complementodedois24bits:complementoax2|somador16bits:soma_baixa|eightbitsadder:s1|fourbitsadder:addr0|fulladder:addr3|halfadder:halfadder2    ; halfadder               ; work         ;
;             |fourbitsadder:addr1|                 ; 8 (0)               ; 0 (0)                     ; 0           ; 0          ; 0            ; 0       ; 0         ; 0    ; 0            ; 0          ; |funcao|complementodedois24bits:complementoax2|somador16bits:soma_baixa|eightbitsadder:s1|fourbitsadder:addr1                                         ; fourbitsadder           ; work         ;
;                |fulladder:addr0|                  ; 2 (0)               ; 0 (0)                     ; 0           ; 0          ; 0            ; 0       ; 0         ; 0    ; 0            ; 0          ; |funcao|complementodedois24bits:complementoax2|somador16bits:soma_baixa|eightbitsadder:s1|fourbitsadder:addr1|fulladder:addr0                         ; fulladder               ; work         ;
;                   |halfadder:halfadder2|          ; 2 (2)               ; 0 (0)                     ; 0           ; 0          ; 0            ; 0       ; 0         ; 0    ; 0            ; 0          ; |funcao|complementodedois24bits:complementoax2|somador16bits:soma_baixa|eightbitsadder:s1|fourbitsadder:addr1|fulladder:addr0|halfadder:halfadder2    ; halfadder               ; work         ;
;                |fulladder:addr1|                  ; 2 (0)               ; 0 (0)                     ; 0           ; 0          ; 0            ; 0       ; 0         ; 0    ; 0            ; 0          ; |funcao|complementodedois24bits:complementoax2|somador16bits:soma_baixa|eightbitsadder:s1|fourbitsadder:addr1|fulladder:addr1                         ; fulladder               ; work         ;
;                   |halfadder:halfadder2|          ; 2 (2)               ; 0 (0)                     ; 0           ; 0          ; 0            ; 0       ; 0         ; 0    ; 0            ; 0          ; |funcao|complementodedois24bits:complementoax2|somador16bits:soma_baixa|eightbitsadder:s1|fourbitsadder:addr1|fulladder:addr1|halfadder:halfadder2    ; halfadder               ; work         ;
;                |fulladder:addr2|                  ; 2 (0)               ; 0 (0)                     ; 0           ; 0          ; 0            ; 0       ; 0         ; 0    ; 0            ; 0          ; |funcao|complementodedois24bits:complementoax2|somador16bits:soma_baixa|eightbitsadder:s1|fourbitsadder:addr1|fulladder:addr2                         ; fulladder               ; work         ;
;                   |halfadder:halfadder2|          ; 2 (2)               ; 0 (0)                     ; 0           ; 0          ; 0            ; 0       ; 0         ; 0    ; 0            ; 0          ; |funcao|complementodedois24bits:complementoax2|somador16bits:soma_baixa|eightbitsadder:s1|fourbitsadder:addr1|fulladder:addr2|halfadder:halfadder2    ; halfadder               ; work         ;
;                |fulladder:addr3|                  ; 2 (0)               ; 0 (0)                     ; 0           ; 0          ; 0            ; 0       ; 0         ; 0    ; 0            ; 0          ; |funcao|complementodedois24bits:complementoax2|somador16bits:soma_baixa|eightbitsadder:s1|fourbitsadder:addr1|fulladder:addr3                         ; fulladder               ; work         ;
;                   |halfadder:halfadder2|          ; 2 (2)               ; 0 (0)                     ; 0           ; 0          ; 0            ; 0       ; 0         ; 0    ; 0            ; 0          ; |funcao|complementodedois24bits:complementoax2|somador16bits:soma_baixa|eightbitsadder:s1|fourbitsadder:addr1|fulladder:addr3|halfadder:halfadder2    ; halfadder               ; work         ;
;          |eightbitsadder:s2|                      ; 16 (0)              ; 0 (0)                     ; 0           ; 0          ; 0            ; 0       ; 0         ; 0    ; 0            ; 0          ; |funcao|complementodedois24bits:complementoax2|somador16bits:soma_baixa|eightbitsadder:s2                                                             ; eightbitsadder          ; work         ;
;             |fourbitsadder:addr0|                 ; 8 (0)               ; 0 (0)                     ; 0           ; 0          ; 0            ; 0       ; 0         ; 0    ; 0            ; 0          ; |funcao|complementodedois24bits:complementoax2|somador16bits:soma_baixa|eightbitsadder:s2|fourbitsadder:addr0                                         ; fourbitsadder           ; work         ;
;                |fulladder:addr0|                  ; 2 (0)               ; 0 (0)                     ; 0           ; 0          ; 0            ; 0       ; 0         ; 0    ; 0            ; 0          ; |funcao|complementodedois24bits:complementoax2|somador16bits:soma_baixa|eightbitsadder:s2|fourbitsadder:addr0|fulladder:addr0                         ; fulladder               ; work         ;
;                   |halfadder:halfadder2|          ; 2 (2)               ; 0 (0)                     ; 0           ; 0          ; 0            ; 0       ; 0         ; 0    ; 0            ; 0          ; |funcao|complementodedois24bits:complementoax2|somador16bits:soma_baixa|eightbitsadder:s2|fourbitsadder:addr0|fulladder:addr0|halfadder:halfadder2    ; halfadder               ; work         ;
;                |fulladder:addr1|                  ; 2 (0)               ; 0 (0)                     ; 0           ; 0          ; 0            ; 0       ; 0         ; 0    ; 0            ; 0          ; |funcao|complementodedois24bits:complementoax2|somador16bits:soma_baixa|eightbitsadder:s2|fourbitsadder:addr0|fulladder:addr1                         ; fulladder               ; work         ;
;                   |halfadder:halfadder2|          ; 2 (2)               ; 0 (0)                     ; 0           ; 0          ; 0            ; 0       ; 0         ; 0    ; 0            ; 0          ; |funcao|complementodedois24bits:complementoax2|somador16bits:soma_baixa|eightbitsadder:s2|fourbitsadder:addr0|fulladder:addr1|halfadder:halfadder2    ; halfadder               ; work         ;
;                |fulladder:addr2|                  ; 2 (0)               ; 0 (0)                     ; 0           ; 0          ; 0            ; 0       ; 0         ; 0    ; 0            ; 0          ; |funcao|complementodedois24bits:complementoax2|somador16bits:soma_baixa|eightbitsadder:s2|fourbitsadder:addr0|fulladder:addr2                         ; fulladder               ; work         ;
;                   |halfadder:halfadder2|          ; 2 (2)               ; 0 (0)                     ; 0           ; 0          ; 0            ; 0       ; 0         ; 0    ; 0            ; 0          ; |funcao|complementodedois24bits:complementoax2|somador16bits:soma_baixa|eightbitsadder:s2|fourbitsadder:addr0|fulladder:addr2|halfadder:halfadder2    ; halfadder               ; work         ;
;                |fulladder:addr3|                  ; 2 (0)               ; 0 (0)                     ; 0           ; 0          ; 0            ; 0       ; 0         ; 0    ; 0            ; 0          ; |funcao|complementodedois24bits:complementoax2|somador16bits:soma_baixa|eightbitsadder:s2|fourbitsadder:addr0|fulladder:addr3                         ; fulladder               ; work         ;
;                   |halfadder:halfadder2|          ; 2 (2)               ; 0 (0)                     ; 0           ; 0          ; 0            ; 0       ; 0         ; 0    ; 0            ; 0          ; |funcao|complementodedois24bits:complementoax2|somador16bits:soma_baixa|eightbitsadder:s2|fourbitsadder:addr0|fulladder:addr3|halfadder:halfadder2    ; halfadder               ; work         ;
;             |fourbitsadder:addr1|                 ; 8 (0)               ; 0 (0)                     ; 0           ; 0          ; 0            ; 0       ; 0         ; 0    ; 0            ; 0          ; |funcao|complementodedois24bits:complementoax2|somador16bits:soma_baixa|eightbitsadder:s2|fourbitsadder:addr1                                         ; fourbitsadder           ; work         ;
;                |fulladder:addr0|                  ; 2 (0)               ; 0 (0)                     ; 0           ; 0          ; 0            ; 0       ; 0         ; 0    ; 0            ; 0          ; |funcao|complementodedois24bits:complementoax2|somador16bits:soma_baixa|eightbitsadder:s2|fourbitsadder:addr1|fulladder:addr0                         ; fulladder               ; work         ;
;                   |halfadder:halfadder2|          ; 2 (2)               ; 0 (0)                     ; 0           ; 0          ; 0            ; 0       ; 0         ; 0    ; 0            ; 0          ; |funcao|complementodedois24bits:complementoax2|somador16bits:soma_baixa|eightbitsadder:s2|fourbitsadder:addr1|fulladder:addr0|halfadder:halfadder2    ; halfadder               ; work         ;
;                |fulladder:addr1|                  ; 2 (0)               ; 0 (0)                     ; 0           ; 0          ; 0            ; 0       ; 0         ; 0    ; 0            ; 0          ; |funcao|complementodedois24bits:complementoax2|somador16bits:soma_baixa|eightbitsadder:s2|fourbitsadder:addr1|fulladder:addr1                         ; fulladder               ; work         ;
;                   |halfadder:halfadder2|          ; 2 (2)               ; 0 (0)                     ; 0           ; 0          ; 0            ; 0       ; 0         ; 0    ; 0            ; 0          ; |funcao|complementodedois24bits:complementoax2|somador16bits:soma_baixa|eightbitsadder:s2|fourbitsadder:addr1|fulladder:addr1|halfadder:halfadder2    ; halfadder               ; work         ;
;                |fulladder:addr2|                  ; 2 (0)               ; 0 (0)                     ; 0           ; 0          ; 0            ; 0       ; 0         ; 0    ; 0            ; 0          ; |funcao|complementodedois24bits:complementoax2|somador16bits:soma_baixa|eightbitsadder:s2|fourbitsadder:addr1|fulladder:addr2                         ; fulladder               ; work         ;
;                   |halfadder:halfadder2|          ; 2 (2)               ; 0 (0)                     ; 0           ; 0          ; 0            ; 0       ; 0         ; 0    ; 0            ; 0          ; |funcao|complementodedois24bits:complementoax2|somador16bits:soma_baixa|eightbitsadder:s2|fourbitsadder:addr1|fulladder:addr2|halfadder:halfadder2    ; halfadder               ; work         ;
;                |fulladder:addr3|                  ; 2 (0)               ; 0 (0)                     ; 0           ; 0          ; 0            ; 0       ; 0         ; 0    ; 0            ; 0          ; |funcao|complementodedois24bits:complementoax2|somador16bits:soma_baixa|eightbitsadder:s2|fourbitsadder:addr1|fulladder:addr3                         ; fulladder               ; work         ;
;                   |halfadder:halfadder2|          ; 2 (2)               ; 0 (0)                     ; 0           ; 0          ; 0            ; 0       ; 0         ; 0    ; 0            ; 0          ; |funcao|complementodedois24bits:complementoax2|somador16bits:soma_baixa|eightbitsadder:s2|fourbitsadder:addr1|fulladder:addr3|halfadder:halfadder2    ; halfadder               ; work         ;
;    |eightbitsadder:d|                             ; 3 (0)               ; 0 (0)                     ; 0           ; 0          ; 0            ; 0       ; 0         ; 0    ; 0            ; 0          ; |funcao|eightbitsadder:d                                                                                                                              ; eightbitsadder          ; work         ;
;       |fourbitsadder:addr0|                       ; 2 (0)               ; 0 (0)                     ; 0           ; 0          ; 0            ; 0       ; 0         ; 0    ; 0            ; 0          ; |funcao|eightbitsadder:d|fourbitsadder:addr0                                                                                                          ; fourbitsadder           ; work         ;
;          |fulladder:addr1|                        ; 1 (0)               ; 0 (0)                     ; 0           ; 0          ; 0            ; 0       ; 0         ; 0    ; 0            ; 0          ; |funcao|eightbitsadder:d|fourbitsadder:addr0|fulladder:addr1                                                                                          ; fulladder               ; work         ;
;             |halfadder:halfadder2|                ; 1 (1)               ; 0 (0)                     ; 0           ; 0          ; 0            ; 0       ; 0         ; 0    ; 0            ; 0          ; |funcao|eightbitsadder:d|fourbitsadder:addr0|fulladder:addr1|halfadder:halfadder2                                                                     ; halfadder               ; work         ;
;          |fulladder:addr2|                        ; 1 (0)               ; 0 (0)                     ; 0           ; 0          ; 0            ; 0       ; 0         ; 0    ; 0            ; 0          ; |funcao|eightbitsadder:d|fourbitsadder:addr0|fulladder:addr2                                                                                          ; fulladder               ; work         ;
;             |halfadder:halfadder2|                ; 1 (1)               ; 0 (0)                     ; 0           ; 0          ; 0            ; 0       ; 0         ; 0    ; 0            ; 0          ; |funcao|eightbitsadder:d|fourbitsadder:addr0|fulladder:addr2|halfadder:halfadder2                                                                     ; halfadder               ; work         ;
;       |fourbitsadder:addr1|                       ; 1 (0)               ; 0 (0)                     ; 0           ; 0          ; 0            ; 0       ; 0         ; 0    ; 0            ; 0          ; |funcao|eightbitsadder:d|fourbitsadder:addr1                                                                                                          ; fourbitsadder           ; work         ;
;          |fulladder:addr0|                        ; 1 (0)               ; 0 (0)                     ; 0           ; 0          ; 0            ; 0       ; 0         ; 0    ; 0            ; 0          ; |funcao|eightbitsadder:d|fourbitsadder:addr1|fulladder:addr0                                                                                          ; fulladder               ; work         ;
;             |halfadder:halfadder2|                ; 1 (1)               ; 0 (0)                     ; 0           ; 0          ; 0            ; 0       ; 0         ; 0    ; 0            ; 0          ; |funcao|eightbitsadder:d|fourbitsadder:addr1|fulladder:addr0|halfadder:halfadder2                                                                     ; halfadder               ; work         ;
;    |eightbitsadder:s_p2_alta|                     ; 10 (0)              ; 0 (0)                     ; 0           ; 0          ; 0            ; 0       ; 0         ; 0    ; 0            ; 0          ; |funcao|eightbitsadder:s_p2_alta                                                                                                                      ; eightbitsadder          ; work         ;
;       |fourbitsadder:addr0|                       ; 4 (0)               ; 0 (0)                     ; 0           ; 0          ; 0            ; 0       ; 0         ; 0    ; 0            ; 0          ; |funcao|eightbitsadder:s_p2_alta|fourbitsadder:addr0                                                                                                  ; fourbitsadder           ; work         ;
;          |fulladder:addr0|                        ; 1 (1)               ; 0 (0)                     ; 0           ; 0          ; 0            ; 0       ; 0         ; 0    ; 0            ; 0          ; |funcao|eightbitsadder:s_p2_alta|fourbitsadder:addr0|fulladder:addr0                                                                                  ; fulladder               ; work         ;
;          |fulladder:addr1|                        ; 1 (1)               ; 0 (0)                     ; 0           ; 0          ; 0            ; 0       ; 0         ; 0    ; 0            ; 0          ; |funcao|eightbitsadder:s_p2_alta|fourbitsadder:addr0|fulladder:addr1                                                                                  ; fulladder               ; work         ;
;          |fulladder:addr2|                        ; 1 (1)               ; 0 (0)                     ; 0           ; 0          ; 0            ; 0       ; 0         ; 0    ; 0            ; 0          ; |funcao|eightbitsadder:s_p2_alta|fourbitsadder:addr0|fulladder:addr2                                                                                  ; fulladder               ; work         ;
;          |fulladder:addr3|                        ; 1 (1)               ; 0 (0)                     ; 0           ; 0          ; 0            ; 0       ; 0         ; 0    ; 0            ; 0          ; |funcao|eightbitsadder:s_p2_alta|fourbitsadder:addr0|fulladder:addr3                                                                                  ; fulladder               ; work         ;
;       |fourbitsadder:addr1|                       ; 6 (0)               ; 0 (0)                     ; 0           ; 0          ; 0            ; 0       ; 0         ; 0    ; 0            ; 0          ; |funcao|eightbitsadder:s_p2_alta|fourbitsadder:addr1                                                                                                  ; fourbitsadder           ; work         ;
;          |fulladder:addr0|                        ; 1 (1)               ; 0 (0)                     ; 0           ; 0          ; 0            ; 0       ; 0         ; 0    ; 0            ; 0          ; |funcao|eightbitsadder:s_p2_alta|fourbitsadder:addr1|fulladder:addr0                                                                                  ; fulladder               ; work         ;
;          |fulladder:addr1|                        ; 1 (1)               ; 0 (0)                     ; 0           ; 0          ; 0            ; 0       ; 0         ; 0    ; 0            ; 0          ; |funcao|eightbitsadder:s_p2_alta|fourbitsadder:addr1|fulladder:addr1                                                                                  ; fulladder               ; work         ;
;          |fulladder:addr2|                        ; 1 (1)               ; 0 (0)                     ; 0           ; 0          ; 0            ; 0       ; 0         ; 0    ; 0            ; 0          ; |funcao|eightbitsadder:s_p2_alta|fourbitsadder:addr1|fulladder:addr2                                                                                  ; fulladder               ; work         ;
;          |fulladder:addr3|                        ; 3 (0)               ; 0 (0)                     ; 0           ; 0          ; 0            ; 0       ; 0         ; 0    ; 0            ; 0          ; |funcao|eightbitsadder:s_p2_alta|fourbitsadder:addr1|fulladder:addr3                                                                                  ; fulladder               ; work         ;
;             |halfadder:halfadder2|                ; 3 (3)               ; 0 (0)                     ; 0           ; 0          ; 0            ; 0       ; 0         ; 0    ; 0            ; 0          ; |funcao|eightbitsadder:s_p2_alta|fourbitsadder:addr1|fulladder:addr3|halfadder:halfadder2                                                             ; halfadder               ; work         ;
;    |eightbitsadder:soma2|                         ; 26 (0)              ; 0 (0)                     ; 0           ; 0          ; 0            ; 0       ; 0         ; 0    ; 0            ; 0          ; |funcao|eightbitsadder:soma2                                                                                                                          ; eightbitsadder          ; work         ;
;       |fourbitsadder:addr0|                       ; 16 (0)              ; 0 (0)                     ; 0           ; 0          ; 0            ; 0       ; 0         ; 0    ; 0            ; 0          ; |funcao|eightbitsadder:soma2|fourbitsadder:addr0                                                                                                      ; fourbitsadder           ; work         ;
;          |fulladder:addr0|                        ; 3 (1)               ; 0 (0)                     ; 0           ; 0          ; 0            ; 0       ; 0         ; 0    ; 0            ; 0          ; |funcao|eightbitsadder:soma2|fourbitsadder:addr0|fulladder:addr0                                                                                      ; fulladder               ; work         ;
;             |halfadder:halfadder2|                ; 2 (2)               ; 0 (0)                     ; 0           ; 0          ; 0            ; 0       ; 0         ; 0    ; 0            ; 0          ; |funcao|eightbitsadder:soma2|fourbitsadder:addr0|fulladder:addr0|halfadder:halfadder2                                                                 ; halfadder               ; work         ;
;          |fulladder:addr1|                        ; 4 (1)               ; 0 (0)                     ; 0           ; 0          ; 0            ; 0       ; 0         ; 0    ; 0            ; 0          ; |funcao|eightbitsadder:soma2|fourbitsadder:addr0|fulladder:addr1                                                                                      ; fulladder               ; work         ;
;             |halfadder:halfadder2|                ; 3 (3)               ; 0 (0)                     ; 0           ; 0          ; 0            ; 0       ; 0         ; 0    ; 0            ; 0          ; |funcao|eightbitsadder:soma2|fourbitsadder:addr0|fulladder:addr1|halfadder:halfadder2                                                                 ; halfadder               ; work         ;
;          |fulladder:addr2|                        ; 5 (1)               ; 0 (0)                     ; 0           ; 0          ; 0            ; 0       ; 0         ; 0    ; 0            ; 0          ; |funcao|eightbitsadder:soma2|fourbitsadder:addr0|fulladder:addr2                                                                                      ; fulladder               ; work         ;
;             |halfadder:halfadder2|                ; 4 (4)               ; 0 (0)                     ; 0           ; 0          ; 0            ; 0       ; 0         ; 0    ; 0            ; 0          ; |funcao|eightbitsadder:soma2|fourbitsadder:addr0|fulladder:addr2|halfadder:halfadder2                                                                 ; halfadder               ; work         ;
;          |fulladder:addr3|                        ; 4 (1)               ; 0 (0)                     ; 0           ; 0          ; 0            ; 0       ; 0         ; 0    ; 0            ; 0          ; |funcao|eightbitsadder:soma2|fourbitsadder:addr0|fulladder:addr3                                                                                      ; fulladder               ; work         ;
;             |halfadder:halfadder2|                ; 3 (3)               ; 0 (0)                     ; 0           ; 0          ; 0            ; 0       ; 0         ; 0    ; 0            ; 0          ; |funcao|eightbitsadder:soma2|fourbitsadder:addr0|fulladder:addr3|halfadder:halfadder2                                                                 ; halfadder               ; work         ;
;       |fourbitsadder:addr1|                       ; 10 (0)              ; 0 (0)                     ; 0           ; 0          ; 0            ; 0       ; 0         ; 0    ; 0            ; 0          ; |funcao|eightbitsadder:soma2|fourbitsadder:addr1                                                                                                      ; fourbitsadder           ; work         ;
;          |fulladder:addr0|                        ; 4 (1)               ; 0 (0)                     ; 0           ; 0          ; 0            ; 0       ; 0         ; 0    ; 0            ; 0          ; |funcao|eightbitsadder:soma2|fourbitsadder:addr1|fulladder:addr0                                                                                      ; fulladder               ; work         ;
;             |halfadder:halfadder2|                ; 3 (3)               ; 0 (0)                     ; 0           ; 0          ; 0            ; 0       ; 0         ; 0    ; 0            ; 0          ; |funcao|eightbitsadder:soma2|fourbitsadder:addr1|fulladder:addr0|halfadder:halfadder2                                                                 ; halfadder               ; work         ;
;          |fulladder:addr1|                        ; 3 (1)               ; 0 (0)                     ; 0           ; 0          ; 0            ; 0       ; 0         ; 0    ; 0            ; 0          ; |funcao|eightbitsadder:soma2|fourbitsadder:addr1|fulladder:addr1                                                                                      ; fulladder               ; work         ;
;             |halfadder:halfadder2|                ; 2 (2)               ; 0 (0)                     ; 0           ; 0          ; 0            ; 0       ; 0         ; 0    ; 0            ; 0          ; |funcao|eightbitsadder:soma2|fourbitsadder:addr1|fulladder:addr1|halfadder:halfadder2                                                                 ; halfadder               ; work         ;
;          |fulladder:addr2|                        ; 3 (1)               ; 0 (0)                     ; 0           ; 0          ; 0            ; 0       ; 0         ; 0    ; 0            ; 0          ; |funcao|eightbitsadder:soma2|fourbitsadder:addr1|fulladder:addr2                                                                                      ; fulladder               ; work         ;
;             |halfadder:halfadder2|                ; 2 (2)               ; 0 (0)                     ; 0           ; 0          ; 0            ; 0       ; 0         ; 0    ; 0            ; 0          ; |funcao|eightbitsadder:soma2|fourbitsadder:addr1|fulladder:addr2|halfadder:halfadder2                                                                 ; halfadder               ; work         ;
;    |multiplicador:fazerproduto|                   ; 95 (26)             ; 0 (0)                     ; 0           ; 0          ; 0            ; 0       ; 0         ; 0    ; 0            ; 0          ; |funcao|multiplicador:fazerproduto                                                                                                                    ; multiplicador           ; work         ;
;       |somador16bits:s_final|                     ; 8 (0)               ; 0 (0)                     ; 0           ; 0          ; 0            ; 0       ; 0         ; 0    ; 0            ; 0          ; |funcao|multiplicador:fazerproduto|somador16bits:s_final                                                                                              ; somador16bits           ; work         ;
;          |eightbitsadder:s1|                      ; 3 (0)               ; 0 (0)                     ; 0           ; 0          ; 0            ; 0       ; 0         ; 0    ; 0            ; 0          ; |funcao|multiplicador:fazerproduto|somador16bits:s_final|eightbitsadder:s1                                                                            ; eightbitsadder          ; work         ;
;             |fourbitsadder:addr1|                 ; 3 (0)               ; 0 (0)                     ; 0           ; 0          ; 0            ; 0       ; 0         ; 0    ; 0            ; 0          ; |funcao|multiplicador:fazerproduto|somador16bits:s_final|eightbitsadder:s1|fourbitsadder:addr1                                                        ; fourbitsadder           ; work         ;
;                |fulladder:addr1|                  ; 1 (1)               ; 0 (0)                     ; 0           ; 0          ; 0            ; 0       ; 0         ; 0    ; 0            ; 0          ; |funcao|multiplicador:fazerproduto|somador16bits:s_final|eightbitsadder:s1|fourbitsadder:addr1|fulladder:addr1                                        ; fulladder               ; work         ;
;                |fulladder:addr2|                  ; 1 (1)               ; 0 (0)                     ; 0           ; 0          ; 0            ; 0       ; 0         ; 0    ; 0            ; 0          ; |funcao|multiplicador:fazerproduto|somador16bits:s_final|eightbitsadder:s1|fourbitsadder:addr1|fulladder:addr2                                        ; fulladder               ; work         ;
;                |fulladder:addr3|                  ; 1 (1)               ; 0 (0)                     ; 0           ; 0          ; 0            ; 0       ; 0         ; 0    ; 0            ; 0          ; |funcao|multiplicador:fazerproduto|somador16bits:s_final|eightbitsadder:s1|fourbitsadder:addr1|fulladder:addr3                                        ; fulladder               ; work         ;
;          |eightbitsadder:s2|                      ; 5 (0)               ; 0 (0)                     ; 0           ; 0          ; 0            ; 0       ; 0         ; 0    ; 0            ; 0          ; |funcao|multiplicador:fazerproduto|somador16bits:s_final|eightbitsadder:s2                                                                            ; eightbitsadder          ; work         ;
;             |fourbitsadder:addr0|                 ; 4 (0)               ; 0 (0)                     ; 0           ; 0          ; 0            ; 0       ; 0         ; 0    ; 0            ; 0          ; |funcao|multiplicador:fazerproduto|somador16bits:s_final|eightbitsadder:s2|fourbitsadder:addr0                                                        ; fourbitsadder           ; work         ;
;                |fulladder:addr0|                  ; 1 (1)               ; 0 (0)                     ; 0           ; 0          ; 0            ; 0       ; 0         ; 0    ; 0            ; 0          ; |funcao|multiplicador:fazerproduto|somador16bits:s_final|eightbitsadder:s2|fourbitsadder:addr0|fulladder:addr0                                        ; fulladder               ; work         ;
;                |fulladder:addr1|                  ; 1 (1)               ; 0 (0)                     ; 0           ; 0          ; 0            ; 0       ; 0         ; 0    ; 0            ; 0          ; |funcao|multiplicador:fazerproduto|somador16bits:s_final|eightbitsadder:s2|fourbitsadder:addr0|fulladder:addr1                                        ; fulladder               ; work         ;
;                |fulladder:addr2|                  ; 1 (1)               ; 0 (0)                     ; 0           ; 0          ; 0            ; 0       ; 0         ; 0    ; 0            ; 0          ; |funcao|multiplicador:fazerproduto|somador16bits:s_final|eightbitsadder:s2|fourbitsadder:addr0|fulladder:addr2                                        ; fulladder               ; work         ;
;                |fulladder:addr3|                  ; 1 (1)               ; 0 (0)                     ; 0           ; 0          ; 0            ; 0       ; 0         ; 0    ; 0            ; 0          ; |funcao|multiplicador:fazerproduto|somador16bits:s_final|eightbitsadder:s2|fourbitsadder:addr0|fulladder:addr3                                        ; fulladder               ; work         ;
;             |fourbitsadder:addr1|                 ; 1 (0)               ; 0 (0)                     ; 0           ; 0          ; 0            ; 0       ; 0         ; 0    ; 0            ; 0          ; |funcao|multiplicador:fazerproduto|somador16bits:s_final|eightbitsadder:s2|fourbitsadder:addr1                                                        ; fourbitsadder           ; work         ;
;                |fulladder:addr1|                  ; 1 (0)               ; 0 (0)                     ; 0           ; 0          ; 0            ; 0       ; 0         ; 0    ; 0            ; 0          ; |funcao|multiplicador:fazerproduto|somador16bits:s_final|eightbitsadder:s2|fourbitsadder:addr1|fulladder:addr1                                        ; fulladder               ; work         ;
;                   |halfadder:halfadder2|          ; 1 (1)               ; 0 (0)                     ; 0           ; 0          ; 0            ; 0       ; 0         ; 0    ; 0            ; 0          ; |funcao|multiplicador:fazerproduto|somador16bits:s_final|eightbitsadder:s2|fourbitsadder:addr1|fulladder:addr1|halfadder:halfadder2                   ; halfadder               ; work         ;
;       |somador16bits:s_l1_0|                      ; 12 (0)              ; 0 (0)                     ; 0           ; 0          ; 0            ; 0       ; 0         ; 0    ; 0            ; 0          ; |funcao|multiplicador:fazerproduto|somador16bits:s_l1_0                                                                                               ; somador16bits           ; work         ;
;          |eightbitsadder:s1|                      ; 12 (0)              ; 0 (0)                     ; 0           ; 0          ; 0            ; 0       ; 0         ; 0    ; 0            ; 0          ; |funcao|multiplicador:fazerproduto|somador16bits:s_l1_0|eightbitsadder:s1                                                                             ; eightbitsadder          ; work         ;
;             |fourbitsadder:addr0|                 ; 4 (0)               ; 0 (0)                     ; 0           ; 0          ; 0            ; 0       ; 0         ; 0    ; 0            ; 0          ; |funcao|multiplicador:fazerproduto|somador16bits:s_l1_0|eightbitsadder:s1|fourbitsadder:addr0                                                         ; fourbitsadder           ; work         ;
;                |fulladder:addr2|                  ; 2 (1)               ; 0 (0)                     ; 0           ; 0          ; 0            ; 0       ; 0         ; 0    ; 0            ; 0          ; |funcao|multiplicador:fazerproduto|somador16bits:s_l1_0|eightbitsadder:s1|fourbitsadder:addr0|fulladder:addr2                                         ; fulladder               ; work         ;
;                   |halfadder:halfadder2|          ; 1 (1)               ; 0 (0)                     ; 0           ; 0          ; 0            ; 0       ; 0         ; 0    ; 0            ; 0          ; |funcao|multiplicador:fazerproduto|somador16bits:s_l1_0|eightbitsadder:s1|fourbitsadder:addr0|fulladder:addr2|halfadder:halfadder2                    ; halfadder               ; work         ;
;                |fulladder:addr3|                  ; 2 (1)               ; 0 (0)                     ; 0           ; 0          ; 0            ; 0       ; 0         ; 0    ; 0            ; 0          ; |funcao|multiplicador:fazerproduto|somador16bits:s_l1_0|eightbitsadder:s1|fourbitsadder:addr0|fulladder:addr3                                         ; fulladder               ; work         ;
;                   |halfadder:halfadder2|          ; 1 (1)               ; 0 (0)                     ; 0           ; 0          ; 0            ; 0       ; 0         ; 0    ; 0            ; 0          ; |funcao|multiplicador:fazerproduto|somador16bits:s_l1_0|eightbitsadder:s1|fourbitsadder:addr0|fulladder:addr3|halfadder:halfadder2                    ; halfadder               ; work         ;
;             |fourbitsadder:addr1|                 ; 8 (0)               ; 0 (0)                     ; 0           ; 0          ; 0            ; 0       ; 0         ; 0    ; 0            ; 0          ; |funcao|multiplicador:fazerproduto|somador16bits:s_l1_0|eightbitsadder:s1|fourbitsadder:addr1                                                         ; fourbitsadder           ; work         ;
;                |fulladder:addr0|                  ; 2 (1)               ; 0 (0)                     ; 0           ; 0          ; 0            ; 0       ; 0         ; 0    ; 0            ; 0          ; |funcao|multiplicador:fazerproduto|somador16bits:s_l1_0|eightbitsadder:s1|fourbitsadder:addr1|fulladder:addr0                                         ; fulladder               ; work         ;
;                   |halfadder:halfadder2|          ; 1 (1)               ; 0 (0)                     ; 0           ; 0          ; 0            ; 0       ; 0         ; 0    ; 0            ; 0          ; |funcao|multiplicador:fazerproduto|somador16bits:s_l1_0|eightbitsadder:s1|fourbitsadder:addr1|fulladder:addr0|halfadder:halfadder2                    ; halfadder               ; work         ;
;                |fulladder:addr1|                  ; 2 (1)               ; 0 (0)                     ; 0           ; 0          ; 0            ; 0       ; 0         ; 0    ; 0            ; 0          ; |funcao|multiplicador:fazerproduto|somador16bits:s_l1_0|eightbitsadder:s1|fourbitsadder:addr1|fulladder:addr1                                         ; fulladder               ; work         ;
;                   |halfadder:halfadder2|          ; 1 (1)               ; 0 (0)                     ; 0           ; 0          ; 0            ; 0       ; 0         ; 0    ; 0            ; 0          ; |funcao|multiplicador:fazerproduto|somador16bits:s_l1_0|eightbitsadder:s1|fourbitsadder:addr1|fulladder:addr1|halfadder:halfadder2                    ; halfadder               ; work         ;
;                |fulladder:addr2|                  ; 2 (1)               ; 0 (0)                     ; 0           ; 0          ; 0            ; 0       ; 0         ; 0    ; 0            ; 0          ; |funcao|multiplicador:fazerproduto|somador16bits:s_l1_0|eightbitsadder:s1|fourbitsadder:addr1|fulladder:addr2                                         ; fulladder               ; work         ;
;                   |halfadder:halfadder2|          ; 1 (1)               ; 0 (0)                     ; 0           ; 0          ; 0            ; 0       ; 0         ; 0    ; 0            ; 0          ; |funcao|multiplicador:fazerproduto|somador16bits:s_l1_0|eightbitsadder:s1|fourbitsadder:addr1|fulladder:addr2|halfadder:halfadder2                    ; halfadder               ; work         ;
;                |fulladder:addr3|                  ; 2 (0)               ; 0 (0)                     ; 0           ; 0          ; 0            ; 0       ; 0         ; 0    ; 0            ; 0          ; |funcao|multiplicador:fazerproduto|somador16bits:s_l1_0|eightbitsadder:s1|fourbitsadder:addr1|fulladder:addr3                                         ; fulladder               ; work         ;
;                   |halfadder:halfadder2|          ; 2 (2)               ; 0 (0)                     ; 0           ; 0          ; 0            ; 0       ; 0         ; 0    ; 0            ; 0          ; |funcao|multiplicador:fazerproduto|somador16bits:s_l1_0|eightbitsadder:s1|fourbitsadder:addr1|fulladder:addr3|halfadder:halfadder2                    ; halfadder               ; work         ;
;       |somador16bits:s_l1_1|                      ; 13 (0)              ; 0 (0)                     ; 0           ; 0          ; 0            ; 0       ; 0         ; 0    ; 0            ; 0          ; |funcao|multiplicador:fazerproduto|somador16bits:s_l1_1                                                                                               ; somador16bits           ; work         ;
;          |eightbitsadder:s1|                      ; 11 (0)              ; 0 (0)                     ; 0           ; 0          ; 0            ; 0       ; 0         ; 0    ; 0            ; 0          ; |funcao|multiplicador:fazerproduto|somador16bits:s_l1_1|eightbitsadder:s1                                                                             ; eightbitsadder          ; work         ;
;             |fourbitsadder:addr0|                 ; 2 (0)               ; 0 (0)                     ; 0           ; 0          ; 0            ; 0       ; 0         ; 0    ; 0            ; 0          ; |funcao|multiplicador:fazerproduto|somador16bits:s_l1_1|eightbitsadder:s1|fourbitsadder:addr0                                                         ; fourbitsadder           ; work         ;
;                |fulladder:addr3|                  ; 2 (0)               ; 0 (0)                     ; 0           ; 0          ; 0            ; 0       ; 0         ; 0    ; 0            ; 0          ; |funcao|multiplicador:fazerproduto|somador16bits:s_l1_1|eightbitsadder:s1|fourbitsadder:addr0|fulladder:addr3                                         ; fulladder               ; work         ;
;                   |halfadder:halfadder1|          ; 2 (2)               ; 0 (0)                     ; 0           ; 0          ; 0            ; 0       ; 0         ; 0    ; 0            ; 0          ; |funcao|multiplicador:fazerproduto|somador16bits:s_l1_1|eightbitsadder:s1|fourbitsadder:addr0|fulladder:addr3|halfadder:halfadder1                    ; halfadder               ; work         ;
;             |fourbitsadder:addr1|                 ; 9 (0)               ; 0 (0)                     ; 0           ; 0          ; 0            ; 0       ; 0         ; 0    ; 0            ; 0          ; |funcao|multiplicador:fazerproduto|somador16bits:s_l1_1|eightbitsadder:s1|fourbitsadder:addr1                                                         ; fourbitsadder           ; work         ;
;                |fulladder:addr0|                  ; 3 (2)               ; 0 (0)                     ; 0           ; 0          ; 0            ; 0       ; 0         ; 0    ; 0            ; 0          ; |funcao|multiplicador:fazerproduto|somador16bits:s_l1_1|eightbitsadder:s1|fourbitsadder:addr1|fulladder:addr0                                         ; fulladder               ; work         ;
;                   |halfadder:halfadder1|          ; 1 (1)               ; 0 (0)                     ; 0           ; 0          ; 0            ; 0       ; 0         ; 0    ; 0            ; 0          ; |funcao|multiplicador:fazerproduto|somador16bits:s_l1_1|eightbitsadder:s1|fourbitsadder:addr1|fulladder:addr0|halfadder:halfadder1                    ; halfadder               ; work         ;
;                |fulladder:addr1|                  ; 2 (1)               ; 0 (0)                     ; 0           ; 0          ; 0            ; 0       ; 0         ; 0    ; 0            ; 0          ; |funcao|multiplicador:fazerproduto|somador16bits:s_l1_1|eightbitsadder:s1|fourbitsadder:addr1|fulladder:addr1                                         ; fulladder               ; work         ;
;                   |halfadder:halfadder1|          ; 1 (1)               ; 0 (0)                     ; 0           ; 0          ; 0            ; 0       ; 0         ; 0    ; 0            ; 0          ; |funcao|multiplicador:fazerproduto|somador16bits:s_l1_1|eightbitsadder:s1|fourbitsadder:addr1|fulladder:addr1|halfadder:halfadder1                    ; halfadder               ; work         ;
;                |fulladder:addr2|                  ; 2 (1)               ; 0 (0)                     ; 0           ; 0          ; 0            ; 0       ; 0         ; 0    ; 0            ; 0          ; |funcao|multiplicador:fazerproduto|somador16bits:s_l1_1|eightbitsadder:s1|fourbitsadder:addr1|fulladder:addr2                                         ; fulladder               ; work         ;
;                   |halfadder:halfadder1|          ; 1 (1)               ; 0 (0)                     ; 0           ; 0          ; 0            ; 0       ; 0         ; 0    ; 0            ; 0          ; |funcao|multiplicador:fazerproduto|somador16bits:s_l1_1|eightbitsadder:s1|fourbitsadder:addr1|fulladder:addr2|halfadder:halfadder1                    ; halfadder               ; work         ;
;                |fulladder:addr3|                  ; 2 (1)               ; 0 (0)                     ; 0           ; 0          ; 0            ; 0       ; 0         ; 0    ; 0            ; 0          ; |funcao|multiplicador:fazerproduto|somador16bits:s_l1_1|eightbitsadder:s1|fourbitsadder:addr1|fulladder:addr3                                         ; fulladder               ; work         ;
;                   |halfadder:halfadder1|          ; 1 (1)               ; 0 (0)                     ; 0           ; 0          ; 0            ; 0       ; 0         ; 0    ; 0            ; 0          ; |funcao|multiplicador:fazerproduto|somador16bits:s_l1_1|eightbitsadder:s1|fourbitsadder:addr1|fulladder:addr3|halfadder:halfadder1                    ; halfadder               ; work         ;
;          |eightbitsadder:s2|                      ; 2 (0)               ; 0 (0)                     ; 0           ; 0          ; 0            ; 0       ; 0         ; 0    ; 0            ; 0          ; |funcao|multiplicador:fazerproduto|somador16bits:s_l1_1|eightbitsadder:s2                                                                             ; eightbitsadder          ; work         ;
;             |fourbitsadder:addr0|                 ; 2 (0)               ; 0 (0)                     ; 0           ; 0          ; 0            ; 0       ; 0         ; 0    ; 0            ; 0          ; |funcao|multiplicador:fazerproduto|somador16bits:s_l1_1|eightbitsadder:s2|fourbitsadder:addr0                                                         ; fourbitsadder           ; work         ;
;                |fulladder:addr0|                  ; 2 (1)               ; 0 (0)                     ; 0           ; 0          ; 0            ; 0       ; 0         ; 0    ; 0            ; 0          ; |funcao|multiplicador:fazerproduto|somador16bits:s_l1_1|eightbitsadder:s2|fourbitsadder:addr0|fulladder:addr0                                         ; fulladder               ; work         ;
;                   |halfadder:halfadder1|          ; 1 (1)               ; 0 (0)                     ; 0           ; 0          ; 0            ; 0       ; 0         ; 0    ; 0            ; 0          ; |funcao|multiplicador:fazerproduto|somador16bits:s_l1_1|eightbitsadder:s2|fourbitsadder:addr0|fulladder:addr0|halfadder:halfadder1                    ; halfadder               ; work         ;
;       |somador16bits:s_l1_2|                      ; 13 (0)              ; 0 (0)                     ; 0           ; 0          ; 0            ; 0       ; 0         ; 0    ; 0            ; 0          ; |funcao|multiplicador:fazerproduto|somador16bits:s_l1_2                                                                                               ; somador16bits           ; work         ;
;          |eightbitsadder:s1|                      ; 7 (0)               ; 0 (0)                     ; 0           ; 0          ; 0            ; 0       ; 0         ; 0    ; 0            ; 0          ; |funcao|multiplicador:fazerproduto|somador16bits:s_l1_2|eightbitsadder:s1                                                                             ; eightbitsadder          ; work         ;
;             |fourbitsadder:addr1|                 ; 7 (0)               ; 0 (0)                     ; 0           ; 0          ; 0            ; 0       ; 0         ; 0    ; 0            ; 0          ; |funcao|multiplicador:fazerproduto|somador16bits:s_l1_2|eightbitsadder:s1|fourbitsadder:addr1                                                         ; fourbitsadder           ; work         ;
;                |fulladder:addr1|                  ; 1 (0)               ; 0 (0)                     ; 0           ; 0          ; 0            ; 0       ; 0         ; 0    ; 0            ; 0          ; |funcao|multiplicador:fazerproduto|somador16bits:s_l1_2|eightbitsadder:s1|fourbitsadder:addr1|fulladder:addr1                                         ; fulladder               ; work         ;
;                   |halfadder:halfadder1|          ; 1 (1)               ; 0 (0)                     ; 0           ; 0          ; 0            ; 0       ; 0         ; 0    ; 0            ; 0          ; |funcao|multiplicador:fazerproduto|somador16bits:s_l1_2|eightbitsadder:s1|fourbitsadder:addr1|fulladder:addr1|halfadder:halfadder1                    ; halfadder               ; work         ;
;                |fulladder:addr2|                  ; 4 (2)               ; 0 (0)                     ; 0           ; 0          ; 0            ; 0       ; 0         ; 0    ; 0            ; 0          ; |funcao|multiplicador:fazerproduto|somador16bits:s_l1_2|eightbitsadder:s1|fourbitsadder:addr1|fulladder:addr2                                         ; fulladder               ; work         ;
;                   |halfadder:halfadder2|          ; 2 (2)               ; 0 (0)                     ; 0           ; 0          ; 0            ; 0       ; 0         ; 0    ; 0            ; 0          ; |funcao|multiplicador:fazerproduto|somador16bits:s_l1_2|eightbitsadder:s1|fourbitsadder:addr1|fulladder:addr2|halfadder:halfadder2                    ; halfadder               ; work         ;
;                |fulladder:addr3|                  ; 2 (1)               ; 0 (0)                     ; 0           ; 0          ; 0            ; 0       ; 0         ; 0    ; 0            ; 0          ; |funcao|multiplicador:fazerproduto|somador16bits:s_l1_2|eightbitsadder:s1|fourbitsadder:addr1|fulladder:addr3                                         ; fulladder               ; work         ;
;                   |halfadder:halfadder2|          ; 1 (1)               ; 0 (0)                     ; 0           ; 0          ; 0            ; 0       ; 0         ; 0    ; 0            ; 0          ; |funcao|multiplicador:fazerproduto|somador16bits:s_l1_2|eightbitsadder:s1|fourbitsadder:addr1|fulladder:addr3|halfadder:halfadder2                    ; halfadder               ; work         ;
;          |eightbitsadder:s2|                      ; 6 (0)               ; 0 (0)                     ; 0           ; 0          ; 0            ; 0       ; 0         ; 0    ; 0            ; 0          ; |funcao|multiplicador:fazerproduto|somador16bits:s_l1_2|eightbitsadder:s2                                                                             ; eightbitsadder          ; work         ;
;             |fourbitsadder:addr0|                 ; 6 (0)               ; 0 (0)                     ; 0           ; 0          ; 0            ; 0       ; 0         ; 0    ; 0            ; 0          ; |funcao|multiplicador:fazerproduto|somador16bits:s_l1_2|eightbitsadder:s2|fourbitsadder:addr0                                                         ; fourbitsadder           ; work         ;
;                |fulladder:addr0|                  ; 2 (1)               ; 0 (0)                     ; 0           ; 0          ; 0            ; 0       ; 0         ; 0    ; 0            ; 0          ; |funcao|multiplicador:fazerproduto|somador16bits:s_l1_2|eightbitsadder:s2|fourbitsadder:addr0|fulladder:addr0                                         ; fulladder               ; work         ;
;                   |halfadder:halfadder1|          ; 1 (1)               ; 0 (0)                     ; 0           ; 0          ; 0            ; 0       ; 0         ; 0    ; 0            ; 0          ; |funcao|multiplicador:fazerproduto|somador16bits:s_l1_2|eightbitsadder:s2|fourbitsadder:addr0|fulladder:addr0|halfadder:halfadder1                    ; halfadder               ; work         ;
;                |fulladder:addr1|                  ; 2 (1)               ; 0 (0)                     ; 0           ; 0          ; 0            ; 0       ; 0         ; 0    ; 0            ; 0          ; |funcao|multiplicador:fazerproduto|somador16bits:s_l1_2|eightbitsadder:s2|fourbitsadder:addr0|fulladder:addr1                                         ; fulladder               ; work         ;
;                   |halfadder:halfadder1|          ; 1 (1)               ; 0 (0)                     ; 0           ; 0          ; 0            ; 0       ; 0         ; 0    ; 0            ; 0          ; |funcao|multiplicador:fazerproduto|somador16bits:s_l1_2|eightbitsadder:s2|fourbitsadder:addr0|fulladder:addr1|halfadder:halfadder1                    ; halfadder               ; work         ;
;                |fulladder:addr2|                  ; 2 (1)               ; 0 (0)                     ; 0           ; 0          ; 0            ; 0       ; 0         ; 0    ; 0            ; 0          ; |funcao|multiplicador:fazerproduto|somador16bits:s_l1_2|eightbitsadder:s2|fourbitsadder:addr0|fulladder:addr2                                         ; fulladder               ; work         ;
;                   |halfadder:halfadder1|          ; 1 (1)               ; 0 (0)                     ; 0           ; 0          ; 0            ; 0       ; 0         ; 0    ; 0            ; 0          ; |funcao|multiplicador:fazerproduto|somador16bits:s_l1_2|eightbitsadder:s2|fourbitsadder:addr0|fulladder:addr2|halfadder:halfadder1                    ; halfadder               ; work         ;
;       |somador16bits:s_l2_0|                      ; 12 (0)              ; 0 (0)                     ; 0           ; 0          ; 0            ; 0       ; 0         ; 0    ; 0            ; 0          ; |funcao|multiplicador:fazerproduto|somador16bits:s_l2_0                                                                                               ; somador16bits           ; work         ;
;          |eightbitsadder:s1|                      ; 9 (0)               ; 0 (0)                     ; 0           ; 0          ; 0            ; 0       ; 0         ; 0    ; 0            ; 0          ; |funcao|multiplicador:fazerproduto|somador16bits:s_l2_0|eightbitsadder:s1                                                                             ; eightbitsadder          ; work         ;
;             |fourbitsadder:addr0|                 ; 1 (0)               ; 0 (0)                     ; 0           ; 0          ; 0            ; 0       ; 0         ; 0    ; 0            ; 0          ; |funcao|multiplicador:fazerproduto|somador16bits:s_l2_0|eightbitsadder:s1|fourbitsadder:addr0                                                         ; fourbitsadder           ; work         ;
;                |fulladder:addr3|                  ; 1 (1)               ; 0 (0)                     ; 0           ; 0          ; 0            ; 0       ; 0         ; 0    ; 0            ; 0          ; |funcao|multiplicador:fazerproduto|somador16bits:s_l2_0|eightbitsadder:s1|fourbitsadder:addr0|fulladder:addr3                                         ; fulladder               ; work         ;
;             |fourbitsadder:addr1|                 ; 8 (0)               ; 0 (0)                     ; 0           ; 0          ; 0            ; 0       ; 0         ; 0    ; 0            ; 0          ; |funcao|multiplicador:fazerproduto|somador16bits:s_l2_0|eightbitsadder:s1|fourbitsadder:addr1                                                         ; fourbitsadder           ; work         ;
;                |fulladder:addr0|                  ; 2 (1)               ; 0 (0)                     ; 0           ; 0          ; 0            ; 0       ; 0         ; 0    ; 0            ; 0          ; |funcao|multiplicador:fazerproduto|somador16bits:s_l2_0|eightbitsadder:s1|fourbitsadder:addr1|fulladder:addr0                                         ; fulladder               ; work         ;
;                   |halfadder:halfadder2|          ; 1 (1)               ; 0 (0)                     ; 0           ; 0          ; 0            ; 0       ; 0         ; 0    ; 0            ; 0          ; |funcao|multiplicador:fazerproduto|somador16bits:s_l2_0|eightbitsadder:s1|fourbitsadder:addr1|fulladder:addr0|halfadder:halfadder2                    ; halfadder               ; work         ;
;                |fulladder:addr1|                  ; 2 (1)               ; 0 (0)                     ; 0           ; 0          ; 0            ; 0       ; 0         ; 0    ; 0            ; 0          ; |funcao|multiplicador:fazerproduto|somador16bits:s_l2_0|eightbitsadder:s1|fourbitsadder:addr1|fulladder:addr1                                         ; fulladder               ; work         ;
;                   |halfadder:halfadder2|          ; 1 (1)               ; 0 (0)                     ; 0           ; 0          ; 0            ; 0       ; 0         ; 0    ; 0            ; 0          ; |funcao|multiplicador:fazerproduto|somador16bits:s_l2_0|eightbitsadder:s1|fourbitsadder:addr1|fulladder:addr1|halfadder:halfadder2                    ; halfadder               ; work         ;
;                |fulladder:addr2|                  ; 2 (1)               ; 0 (0)                     ; 0           ; 0          ; 0            ; 0       ; 0         ; 0    ; 0            ; 0          ; |funcao|multiplicador:fazerproduto|somador16bits:s_l2_0|eightbitsadder:s1|fourbitsadder:addr1|fulladder:addr2                                         ; fulladder               ; work         ;
;                   |halfadder:halfadder2|          ; 1 (1)               ; 0 (0)                     ; 0           ; 0          ; 0            ; 0       ; 0         ; 0    ; 0            ; 0          ; |funcao|multiplicador:fazerproduto|somador16bits:s_l2_0|eightbitsadder:s1|fourbitsadder:addr1|fulladder:addr2|halfadder:halfadder2                    ; halfadder               ; work         ;
;                |fulladder:addr3|                  ; 2 (1)               ; 0 (0)                     ; 0           ; 0          ; 0            ; 0       ; 0         ; 0    ; 0            ; 0          ; |funcao|multiplicador:fazerproduto|somador16bits:s_l2_0|eightbitsadder:s1|fourbitsadder:addr1|fulladder:addr3                                         ; fulladder               ; work         ;
;                   |halfadder:halfadder2|          ; 1 (1)               ; 0 (0)                     ; 0           ; 0          ; 0            ; 0       ; 0         ; 0    ; 0            ; 0          ; |funcao|multiplicador:fazerproduto|somador16bits:s_l2_0|eightbitsadder:s1|fourbitsadder:addr1|fulladder:addr3|halfadder:halfadder2                    ; halfadder               ; work         ;
;          |eightbitsadder:s2|                      ; 3 (0)               ; 0 (0)                     ; 0           ; 0          ; 0            ; 0       ; 0         ; 0    ; 0            ; 0          ; |funcao|multiplicador:fazerproduto|somador16bits:s_l2_0|eightbitsadder:s2                                                                             ; eightbitsadder          ; work         ;
;             |fourbitsadder:addr0|                 ; 3 (0)               ; 0 (0)                     ; 0           ; 0          ; 0            ; 0       ; 0         ; 0    ; 0            ; 0          ; |funcao|multiplicador:fazerproduto|somador16bits:s_l2_0|eightbitsadder:s2|fourbitsadder:addr0                                                         ; fourbitsadder           ; work         ;
;                |fulladder:addr0|                  ; 2 (1)               ; 0 (0)                     ; 0           ; 0          ; 0            ; 0       ; 0         ; 0    ; 0            ; 0          ; |funcao|multiplicador:fazerproduto|somador16bits:s_l2_0|eightbitsadder:s2|fourbitsadder:addr0|fulladder:addr0                                         ; fulladder               ; work         ;
;                   |halfadder:halfadder2|          ; 1 (1)               ; 0 (0)                     ; 0           ; 0          ; 0            ; 0       ; 0         ; 0    ; 0            ; 0          ; |funcao|multiplicador:fazerproduto|somador16bits:s_l2_0|eightbitsadder:s2|fourbitsadder:addr0|fulladder:addr0|halfadder:halfadder2                    ; halfadder               ; work         ;
;                |fulladder:addr2|                  ; 1 (0)               ; 0 (0)                     ; 0           ; 0          ; 0            ; 0       ; 0         ; 0    ; 0            ; 0          ; |funcao|multiplicador:fazerproduto|somador16bits:s_l2_0|eightbitsadder:s2|fourbitsadder:addr0|fulladder:addr2                                         ; fulladder               ; work         ;
;                   |halfadder:halfadder2|          ; 1 (1)               ; 0 (0)                     ; 0           ; 0          ; 0            ; 0       ; 0         ; 0    ; 0            ; 0          ; |funcao|multiplicador:fazerproduto|somador16bits:s_l2_0|eightbitsadder:s2|fourbitsadder:addr0|fulladder:addr2|halfadder:halfadder2                    ; halfadder               ; work         ;
;       |somador16bits:s_l2_1|                      ; 11 (0)              ; 0 (0)                     ; 0           ; 0          ; 0            ; 0       ; 0         ; 0    ; 0            ; 0          ; |funcao|multiplicador:fazerproduto|somador16bits:s_l2_1                                                                                               ; somador16bits           ; work         ;
;          |eightbitsadder:s1|                      ; 2 (0)               ; 0 (0)                     ; 0           ; 0          ; 0            ; 0       ; 0         ; 0    ; 0            ; 0          ; |funcao|multiplicador:fazerproduto|somador16bits:s_l2_1|eightbitsadder:s1                                                                             ; eightbitsadder          ; work         ;
;             |fourbitsadder:addr1|                 ; 2 (0)               ; 0 (0)                     ; 0           ; 0          ; 0            ; 0       ; 0         ; 0    ; 0            ; 0          ; |funcao|multiplicador:fazerproduto|somador16bits:s_l2_1|eightbitsadder:s1|fourbitsadder:addr1                                                         ; fourbitsadder           ; work         ;
;                |fulladder:addr2|                  ; 1 (0)               ; 0 (0)                     ; 0           ; 0          ; 0            ; 0       ; 0         ; 0    ; 0            ; 0          ; |funcao|multiplicador:fazerproduto|somador16bits:s_l2_1|eightbitsadder:s1|fourbitsadder:addr1|fulladder:addr2                                         ; fulladder               ; work         ;
;                   |halfadder:halfadder1|          ; 1 (1)               ; 0 (0)                     ; 0           ; 0          ; 0            ; 0       ; 0         ; 0    ; 0            ; 0          ; |funcao|multiplicador:fazerproduto|somador16bits:s_l2_1|eightbitsadder:s1|fourbitsadder:addr1|fulladder:addr2|halfadder:halfadder1                    ; halfadder               ; work         ;
;                |fulladder:addr3|                  ; 1 (1)               ; 0 (0)                     ; 0           ; 0          ; 0            ; 0       ; 0         ; 0    ; 0            ; 0          ; |funcao|multiplicador:fazerproduto|somador16bits:s_l2_1|eightbitsadder:s1|fourbitsadder:addr1|fulladder:addr3                                         ; fulladder               ; work         ;
;          |eightbitsadder:s2|                      ; 9 (0)               ; 0 (0)                     ; 0           ; 0          ; 0            ; 0       ; 0         ; 0    ; 0            ; 0          ; |funcao|multiplicador:fazerproduto|somador16bits:s_l2_1|eightbitsadder:s2                                                                             ; eightbitsadder          ; work         ;
;             |fourbitsadder:addr0|                 ; 7 (0)               ; 0 (0)                     ; 0           ; 0          ; 0            ; 0       ; 0         ; 0    ; 0            ; 0          ; |funcao|multiplicador:fazerproduto|somador16bits:s_l2_1|eightbitsadder:s2|fourbitsadder:addr0                                                         ; fourbitsadder           ; work         ;
;                |fulladder:addr0|                  ; 2 (1)               ; 0 (0)                     ; 0           ; 0          ; 0            ; 0       ; 0         ; 0    ; 0            ; 0          ; |funcao|multiplicador:fazerproduto|somador16bits:s_l2_1|eightbitsadder:s2|fourbitsadder:addr0|fulladder:addr0                                         ; fulladder               ; work         ;
;                   |halfadder:halfadder1|          ; 1 (1)               ; 0 (0)                     ; 0           ; 0          ; 0            ; 0       ; 0         ; 0    ; 0            ; 0          ; |funcao|multiplicador:fazerproduto|somador16bits:s_l2_1|eightbitsadder:s2|fourbitsadder:addr0|fulladder:addr0|halfadder:halfadder1                    ; halfadder               ; work         ;
;                |fulladder:addr1|                  ; 2 (1)               ; 0 (0)                     ; 0           ; 0          ; 0            ; 0       ; 0         ; 0    ; 0            ; 0          ; |funcao|multiplicador:fazerproduto|somador16bits:s_l2_1|eightbitsadder:s2|fourbitsadder:addr0|fulladder:addr1                                         ; fulladder               ; work         ;
;                   |halfadder:halfadder1|          ; 1 (1)               ; 0 (0)                     ; 0           ; 0          ; 0            ; 0       ; 0         ; 0    ; 0            ; 0          ; |funcao|multiplicador:fazerproduto|somador16bits:s_l2_1|eightbitsadder:s2|fourbitsadder:addr0|fulladder:addr1|halfadder:halfadder1                    ; halfadder               ; work         ;
;                |fulladder:addr2|                  ; 2 (1)               ; 0 (0)                     ; 0           ; 0          ; 0            ; 0       ; 0         ; 0    ; 0            ; 0          ; |funcao|multiplicador:fazerproduto|somador16bits:s_l2_1|eightbitsadder:s2|fourbitsadder:addr0|fulladder:addr2                                         ; fulladder               ; work         ;
;                   |halfadder:halfadder1|          ; 1 (1)               ; 0 (0)                     ; 0           ; 0          ; 0            ; 0       ; 0         ; 0    ; 0            ; 0          ; |funcao|multiplicador:fazerproduto|somador16bits:s_l2_1|eightbitsadder:s2|fourbitsadder:addr0|fulladder:addr2|halfadder:halfadder1                    ; halfadder               ; work         ;
;                |fulladder:addr3|                  ; 1 (1)               ; 0 (0)                     ; 0           ; 0          ; 0            ; 0       ; 0         ; 0    ; 0            ; 0          ; |funcao|multiplicador:fazerproduto|somador16bits:s_l2_1|eightbitsadder:s2|fourbitsadder:addr0|fulladder:addr3                                         ; fulladder               ; work         ;
;             |fourbitsadder:addr1|                 ; 2 (0)               ; 0 (0)                     ; 0           ; 0          ; 0            ; 0       ; 0         ; 0    ; 0            ; 0          ; |funcao|multiplicador:fazerproduto|somador16bits:s_l2_1|eightbitsadder:s2|fourbitsadder:addr1                                                         ; fourbitsadder           ; work         ;
;                |fulladder:addr0|                  ; 2 (1)               ; 0 (0)                     ; 0           ; 0          ; 0            ; 0       ; 0         ; 0    ; 0            ; 0          ; |funcao|multiplicador:fazerproduto|somador16bits:s_l2_1|eightbitsadder:s2|fourbitsadder:addr1|fulladder:addr0                                         ; fulladder               ; work         ;
;                   |halfadder:halfadder2|          ; 1 (1)               ; 0 (0)                     ; 0           ; 0          ; 0            ; 0       ; 0         ; 0    ; 0            ; 0          ; |funcao|multiplicador:fazerproduto|somador16bits:s_l2_1|eightbitsadder:s2|fourbitsadder:addr1|fulladder:addr0|halfadder:halfadder2                    ; halfadder               ; work         ;
;    |multiplicador:mt00|                           ; 80 (9)              ; 0 (0)                     ; 0           ; 0          ; 0            ; 0       ; 0         ; 0    ; 0            ; 0          ; |funcao|multiplicador:mt00                                                                                                                            ; multiplicador           ; work         ;
;       |somador16bits:s_final|                     ; 20 (0)              ; 0 (0)                     ; 0           ; 0          ; 0            ; 0       ; 0         ; 0    ; 0            ; 0          ; |funcao|multiplicador:mt00|somador16bits:s_final                                                                                                      ; somador16bits           ; work         ;
;          |eightbitsadder:s1|                      ; 8 (0)               ; 0 (0)                     ; 0           ; 0          ; 0            ; 0       ; 0         ; 0    ; 0            ; 0          ; |funcao|multiplicador:mt00|somador16bits:s_final|eightbitsadder:s1                                                                                    ; eightbitsadder          ; work         ;
;             |fourbitsadder:addr1|                 ; 8 (0)               ; 0 (0)                     ; 0           ; 0          ; 0            ; 0       ; 0         ; 0    ; 0            ; 0          ; |funcao|multiplicador:mt00|somador16bits:s_final|eightbitsadder:s1|fourbitsadder:addr1                                                                ; fourbitsadder           ; work         ;
;                |fulladder:addr1|                  ; 2 (1)               ; 0 (0)                     ; 0           ; 0          ; 0            ; 0       ; 0         ; 0    ; 0            ; 0          ; |funcao|multiplicador:mt00|somador16bits:s_final|eightbitsadder:s1|fourbitsadder:addr1|fulladder:addr1                                                ; fulladder               ; work         ;
;                   |halfadder:halfadder2|          ; 1 (1)               ; 0 (0)                     ; 0           ; 0          ; 0            ; 0       ; 0         ; 0    ; 0            ; 0          ; |funcao|multiplicador:mt00|somador16bits:s_final|eightbitsadder:s1|fourbitsadder:addr1|fulladder:addr1|halfadder:halfadder2                           ; halfadder               ; work         ;
;                |fulladder:addr2|                  ; 3 (1)               ; 0 (0)                     ; 0           ; 0          ; 0            ; 0       ; 0         ; 0    ; 0            ; 0          ; |funcao|multiplicador:mt00|somador16bits:s_final|eightbitsadder:s1|fourbitsadder:addr1|fulladder:addr2                                                ; fulladder               ; work         ;
;                   |halfadder:halfadder2|          ; 2 (2)               ; 0 (0)                     ; 0           ; 0          ; 0            ; 0       ; 0         ; 0    ; 0            ; 0          ; |funcao|multiplicador:mt00|somador16bits:s_final|eightbitsadder:s1|fourbitsadder:addr1|fulladder:addr2|halfadder:halfadder2                           ; halfadder               ; work         ;
;                |fulladder:addr3|                  ; 3 (1)               ; 0 (0)                     ; 0           ; 0          ; 0            ; 0       ; 0         ; 0    ; 0            ; 0          ; |funcao|multiplicador:mt00|somador16bits:s_final|eightbitsadder:s1|fourbitsadder:addr1|fulladder:addr3                                                ; fulladder               ; work         ;
;                   |halfadder:halfadder2|          ; 2 (2)               ; 0 (0)                     ; 0           ; 0          ; 0            ; 0       ; 0         ; 0    ; 0            ; 0          ; |funcao|multiplicador:mt00|somador16bits:s_final|eightbitsadder:s1|fourbitsadder:addr1|fulladder:addr3|halfadder:halfadder2                           ; halfadder               ; work         ;
;          |eightbitsadder:s2|                      ; 12 (0)              ; 0 (0)                     ; 0           ; 0          ; 0            ; 0       ; 0         ; 0    ; 0            ; 0          ; |funcao|multiplicador:mt00|somador16bits:s_final|eightbitsadder:s2                                                                                    ; eightbitsadder          ; work         ;
;             |fourbitsadder:addr0|                 ; 10 (0)              ; 0 (0)                     ; 0           ; 0          ; 0            ; 0       ; 0         ; 0    ; 0            ; 0          ; |funcao|multiplicador:mt00|somador16bits:s_final|eightbitsadder:s2|fourbitsadder:addr0                                                                ; fourbitsadder           ; work         ;
;                |fulladder:addr0|                  ; 3 (1)               ; 0 (0)                     ; 0           ; 0          ; 0            ; 0       ; 0         ; 0    ; 0            ; 0          ; |funcao|multiplicador:mt00|somador16bits:s_final|eightbitsadder:s2|fourbitsadder:addr0|fulladder:addr0                                                ; fulladder               ; work         ;
;                   |halfadder:halfadder2|          ; 2 (2)               ; 0 (0)                     ; 0           ; 0          ; 0            ; 0       ; 0         ; 0    ; 0            ; 0          ; |funcao|multiplicador:mt00|somador16bits:s_final|eightbitsadder:s2|fourbitsadder:addr0|fulladder:addr0|halfadder:halfadder2                           ; halfadder               ; work         ;
;                |fulladder:addr1|                  ; 3 (1)               ; 0 (0)                     ; 0           ; 0          ; 0            ; 0       ; 0         ; 0    ; 0            ; 0          ; |funcao|multiplicador:mt00|somador16bits:s_final|eightbitsadder:s2|fourbitsadder:addr0|fulladder:addr1                                                ; fulladder               ; work         ;
;                   |halfadder:halfadder2|          ; 2 (2)               ; 0 (0)                     ; 0           ; 0          ; 0            ; 0       ; 0         ; 0    ; 0            ; 0          ; |funcao|multiplicador:mt00|somador16bits:s_final|eightbitsadder:s2|fourbitsadder:addr0|fulladder:addr1|halfadder:halfadder2                           ; halfadder               ; work         ;
;                |fulladder:addr2|                  ; 2 (1)               ; 0 (0)                     ; 0           ; 0          ; 0            ; 0       ; 0         ; 0    ; 0            ; 0          ; |funcao|multiplicador:mt00|somador16bits:s_final|eightbitsadder:s2|fourbitsadder:addr0|fulladder:addr2                                                ; fulladder               ; work         ;
;                   |halfadder:halfadder2|          ; 1 (1)               ; 0 (0)                     ; 0           ; 0          ; 0            ; 0       ; 0         ; 0    ; 0            ; 0          ; |funcao|multiplicador:mt00|somador16bits:s_final|eightbitsadder:s2|fourbitsadder:addr0|fulladder:addr2|halfadder:halfadder2                           ; halfadder               ; work         ;
;                |fulladder:addr3|                  ; 2 (1)               ; 0 (0)                     ; 0           ; 0          ; 0            ; 0       ; 0         ; 0    ; 0            ; 0          ; |funcao|multiplicador:mt00|somador16bits:s_final|eightbitsadder:s2|fourbitsadder:addr0|fulladder:addr3                                                ; fulladder               ; work         ;
;                   |halfadder:halfadder2|          ; 1 (1)               ; 0 (0)                     ; 0           ; 0          ; 0            ; 0       ; 0         ; 0    ; 0            ; 0          ; |funcao|multiplicador:mt00|somador16bits:s_final|eightbitsadder:s2|fourbitsadder:addr0|fulladder:addr3|halfadder:halfadder2                           ; halfadder               ; work         ;
;             |fourbitsadder:addr1|                 ; 2 (0)               ; 0 (0)                     ; 0           ; 0          ; 0            ; 0       ; 0         ; 0    ; 0            ; 0          ; |funcao|multiplicador:mt00|somador16bits:s_final|eightbitsadder:s2|fourbitsadder:addr1                                                                ; fourbitsadder           ; work         ;
;                |fulladder:addr1|                  ; 2 (0)               ; 0 (0)                     ; 0           ; 0          ; 0            ; 0       ; 0         ; 0    ; 0            ; 0          ; |funcao|multiplicador:mt00|somador16bits:s_final|eightbitsadder:s2|fourbitsadder:addr1|fulladder:addr1                                                ; fulladder               ; work         ;
;                   |halfadder:halfadder2|          ; 2 (2)               ; 0 (0)                     ; 0           ; 0          ; 0            ; 0       ; 0         ; 0    ; 0            ; 0          ; |funcao|multiplicador:mt00|somador16bits:s_final|eightbitsadder:s2|fourbitsadder:addr1|fulladder:addr1|halfadder:halfadder2                           ; halfadder               ; work         ;
;       |somador16bits:s_l1_0|                      ; 9 (0)               ; 0 (0)                     ; 0           ; 0          ; 0            ; 0       ; 0         ; 0    ; 0            ; 0          ; |funcao|multiplicador:mt00|somador16bits:s_l1_0                                                                                                       ; somador16bits           ; work         ;
;          |eightbitsadder:s1|                      ; 9 (0)               ; 0 (0)                     ; 0           ; 0          ; 0            ; 0       ; 0         ; 0    ; 0            ; 0          ; |funcao|multiplicador:mt00|somador16bits:s_l1_0|eightbitsadder:s1                                                                                     ; eightbitsadder          ; work         ;
;             |fourbitsadder:addr0|                 ; 1 (0)               ; 0 (0)                     ; 0           ; 0          ; 0            ; 0       ; 0         ; 0    ; 0            ; 0          ; |funcao|multiplicador:mt00|somador16bits:s_l1_0|eightbitsadder:s1|fourbitsadder:addr0                                                                 ; fourbitsadder           ; work         ;
;                |fulladder:addr3|                  ; 1 (1)               ; 0 (0)                     ; 0           ; 0          ; 0            ; 0       ; 0         ; 0    ; 0            ; 0          ; |funcao|multiplicador:mt00|somador16bits:s_l1_0|eightbitsadder:s1|fourbitsadder:addr0|fulladder:addr3                                                 ; fulladder               ; work         ;
;             |fourbitsadder:addr1|                 ; 8 (0)               ; 0 (0)                     ; 0           ; 0          ; 0            ; 0       ; 0         ; 0    ; 0            ; 0          ; |funcao|multiplicador:mt00|somador16bits:s_l1_0|eightbitsadder:s1|fourbitsadder:addr1                                                                 ; fourbitsadder           ; work         ;
;                |fulladder:addr0|                  ; 2 (1)               ; 0 (0)                     ; 0           ; 0          ; 0            ; 0       ; 0         ; 0    ; 0            ; 0          ; |funcao|multiplicador:mt00|somador16bits:s_l1_0|eightbitsadder:s1|fourbitsadder:addr1|fulladder:addr0                                                 ; fulladder               ; work         ;
;                   |halfadder:halfadder2|          ; 1 (1)               ; 0 (0)                     ; 0           ; 0          ; 0            ; 0       ; 0         ; 0    ; 0            ; 0          ; |funcao|multiplicador:mt00|somador16bits:s_l1_0|eightbitsadder:s1|fourbitsadder:addr1|fulladder:addr0|halfadder:halfadder2                            ; halfadder               ; work         ;
;                |fulladder:addr1|                  ; 2 (1)               ; 0 (0)                     ; 0           ; 0          ; 0            ; 0       ; 0         ; 0    ; 0            ; 0          ; |funcao|multiplicador:mt00|somador16bits:s_l1_0|eightbitsadder:s1|fourbitsadder:addr1|fulladder:addr1                                                 ; fulladder               ; work         ;
;                   |halfadder:halfadder2|          ; 1 (1)               ; 0 (0)                     ; 0           ; 0          ; 0            ; 0       ; 0         ; 0    ; 0            ; 0          ; |funcao|multiplicador:mt00|somador16bits:s_l1_0|eightbitsadder:s1|fourbitsadder:addr1|fulladder:addr1|halfadder:halfadder2                            ; halfadder               ; work         ;
;                |fulladder:addr2|                  ; 2 (1)               ; 0 (0)                     ; 0           ; 0          ; 0            ; 0       ; 0         ; 0    ; 0            ; 0          ; |funcao|multiplicador:mt00|somador16bits:s_l1_0|eightbitsadder:s1|fourbitsadder:addr1|fulladder:addr2                                                 ; fulladder               ; work         ;
;                   |halfadder:halfadder2|          ; 1 (1)               ; 0 (0)                     ; 0           ; 0          ; 0            ; 0       ; 0         ; 0    ; 0            ; 0          ; |funcao|multiplicador:mt00|somador16bits:s_l1_0|eightbitsadder:s1|fourbitsadder:addr1|fulladder:addr2|halfadder:halfadder2                            ; halfadder               ; work         ;
;                |fulladder:addr3|                  ; 2 (0)               ; 0 (0)                     ; 0           ; 0          ; 0            ; 0       ; 0         ; 0    ; 0            ; 0          ; |funcao|multiplicador:mt00|somador16bits:s_l1_0|eightbitsadder:s1|fourbitsadder:addr1|fulladder:addr3                                                 ; fulladder               ; work         ;
;                   |halfadder:halfadder2|          ; 2 (2)               ; 0 (0)                     ; 0           ; 0          ; 0            ; 0       ; 0         ; 0    ; 0            ; 0          ; |funcao|multiplicador:mt00|somador16bits:s_l1_0|eightbitsadder:s1|fourbitsadder:addr1|fulladder:addr3|halfadder:halfadder2                            ; halfadder               ; work         ;
;       |somador16bits:s_l1_1|                      ; 8 (0)               ; 0 (0)                     ; 0           ; 0          ; 0            ; 0       ; 0         ; 0    ; 0            ; 0          ; |funcao|multiplicador:mt00|somador16bits:s_l1_1                                                                                                       ; somador16bits           ; work         ;
;          |eightbitsadder:s1|                      ; 6 (0)               ; 0 (0)                     ; 0           ; 0          ; 0            ; 0       ; 0         ; 0    ; 0            ; 0          ; |funcao|multiplicador:mt00|somador16bits:s_l1_1|eightbitsadder:s1                                                                                     ; eightbitsadder          ; work         ;
;             |fourbitsadder:addr0|                 ; 1 (0)               ; 0 (0)                     ; 0           ; 0          ; 0            ; 0       ; 0         ; 0    ; 0            ; 0          ; |funcao|multiplicador:mt00|somador16bits:s_l1_1|eightbitsadder:s1|fourbitsadder:addr0                                                                 ; fourbitsadder           ; work         ;
;                |fulladder:addr3|                  ; 1 (0)               ; 0 (0)                     ; 0           ; 0          ; 0            ; 0       ; 0         ; 0    ; 0            ; 0          ; |funcao|multiplicador:mt00|somador16bits:s_l1_1|eightbitsadder:s1|fourbitsadder:addr0|fulladder:addr3                                                 ; fulladder               ; work         ;
;                   |halfadder:halfadder1|          ; 1 (1)               ; 0 (0)                     ; 0           ; 0          ; 0            ; 0       ; 0         ; 0    ; 0            ; 0          ; |funcao|multiplicador:mt00|somador16bits:s_l1_1|eightbitsadder:s1|fourbitsadder:addr0|fulladder:addr3|halfadder:halfadder1                            ; halfadder               ; work         ;
;             |fourbitsadder:addr1|                 ; 5 (0)               ; 0 (0)                     ; 0           ; 0          ; 0            ; 0       ; 0         ; 0    ; 0            ; 0          ; |funcao|multiplicador:mt00|somador16bits:s_l1_1|eightbitsadder:s1|fourbitsadder:addr1                                                                 ; fourbitsadder           ; work         ;
;                |fulladder:addr0|                  ; 2 (1)               ; 0 (0)                     ; 0           ; 0          ; 0            ; 0       ; 0         ; 0    ; 0            ; 0          ; |funcao|multiplicador:mt00|somador16bits:s_l1_1|eightbitsadder:s1|fourbitsadder:addr1|fulladder:addr0                                                 ; fulladder               ; work         ;
;                   |halfadder:halfadder1|          ; 1 (1)               ; 0 (0)                     ; 0           ; 0          ; 0            ; 0       ; 0         ; 0    ; 0            ; 0          ; |funcao|multiplicador:mt00|somador16bits:s_l1_1|eightbitsadder:s1|fourbitsadder:addr1|fulladder:addr0|halfadder:halfadder1                            ; halfadder               ; work         ;
;                |fulladder:addr2|                  ; 2 (1)               ; 0 (0)                     ; 0           ; 0          ; 0            ; 0       ; 0         ; 0    ; 0            ; 0          ; |funcao|multiplicador:mt00|somador16bits:s_l1_1|eightbitsadder:s1|fourbitsadder:addr1|fulladder:addr2                                                 ; fulladder               ; work         ;
;                   |halfadder:halfadder1|          ; 1 (1)               ; 0 (0)                     ; 0           ; 0          ; 0            ; 0       ; 0         ; 0    ; 0            ; 0          ; |funcao|multiplicador:mt00|somador16bits:s_l1_1|eightbitsadder:s1|fourbitsadder:addr1|fulladder:addr2|halfadder:halfadder1                            ; halfadder               ; work         ;
;                |fulladder:addr3|                  ; 1 (1)               ; 0 (0)                     ; 0           ; 0          ; 0            ; 0       ; 0         ; 0    ; 0            ; 0          ; |funcao|multiplicador:mt00|somador16bits:s_l1_1|eightbitsadder:s1|fourbitsadder:addr1|fulladder:addr3                                                 ; fulladder               ; work         ;
;          |eightbitsadder:s2|                      ; 2 (0)               ; 0 (0)                     ; 0           ; 0          ; 0            ; 0       ; 0         ; 0    ; 0            ; 0          ; |funcao|multiplicador:mt00|somador16bits:s_l1_1|eightbitsadder:s2                                                                                     ; eightbitsadder          ; work         ;
;             |fourbitsadder:addr0|                 ; 2 (0)               ; 0 (0)                     ; 0           ; 0          ; 0            ; 0       ; 0         ; 0    ; 0            ; 0          ; |funcao|multiplicador:mt00|somador16bits:s_l1_1|eightbitsadder:s2|fourbitsadder:addr0                                                                 ; fourbitsadder           ; work         ;
;                |fulladder:addr0|                  ; 2 (1)               ; 0 (0)                     ; 0           ; 0          ; 0            ; 0       ; 0         ; 0    ; 0            ; 0          ; |funcao|multiplicador:mt00|somador16bits:s_l1_1|eightbitsadder:s2|fourbitsadder:addr0|fulladder:addr0                                                 ; fulladder               ; work         ;
;                   |halfadder:halfadder1|          ; 1 (1)               ; 0 (0)                     ; 0           ; 0          ; 0            ; 0       ; 0         ; 0    ; 0            ; 0          ; |funcao|multiplicador:mt00|somador16bits:s_l1_1|eightbitsadder:s2|fourbitsadder:addr0|fulladder:addr0|halfadder:halfadder1                            ; halfadder               ; work         ;
;       |somador16bits:s_l1_2|                      ; 9 (0)               ; 0 (0)                     ; 0           ; 0          ; 0            ; 0       ; 0         ; 0    ; 0            ; 0          ; |funcao|multiplicador:mt00|somador16bits:s_l1_2                                                                                                       ; somador16bits           ; work         ;
;          |eightbitsadder:s1|                      ; 7 (0)               ; 0 (0)                     ; 0           ; 0          ; 0            ; 0       ; 0         ; 0    ; 0            ; 0          ; |funcao|multiplicador:mt00|somador16bits:s_l1_2|eightbitsadder:s1                                                                                     ; eightbitsadder          ; work         ;
;             |fourbitsadder:addr1|                 ; 7 (0)               ; 0 (0)                     ; 0           ; 0          ; 0            ; 0       ; 0         ; 0    ; 0            ; 0          ; |funcao|multiplicador:mt00|somador16bits:s_l1_2|eightbitsadder:s1|fourbitsadder:addr1                                                                 ; fourbitsadder           ; work         ;
;                |fulladder:addr1|                  ; 2 (0)               ; 0 (0)                     ; 0           ; 0          ; 0            ; 0       ; 0         ; 0    ; 0            ; 0          ; |funcao|multiplicador:mt00|somador16bits:s_l1_2|eightbitsadder:s1|fourbitsadder:addr1|fulladder:addr1                                                 ; fulladder               ; work         ;
;                   |halfadder:halfadder1|          ; 2 (2)               ; 0 (0)                     ; 0           ; 0          ; 0            ; 0       ; 0         ; 0    ; 0            ; 0          ; |funcao|multiplicador:mt00|somador16bits:s_l1_2|eightbitsadder:s1|fourbitsadder:addr1|fulladder:addr1|halfadder:halfadder1                            ; halfadder               ; work         ;
;                |fulladder:addr2|                  ; 2 (1)               ; 0 (0)                     ; 0           ; 0          ; 0            ; 0       ; 0         ; 0    ; 0            ; 0          ; |funcao|multiplicador:mt00|somador16bits:s_l1_2|eightbitsadder:s1|fourbitsadder:addr1|fulladder:addr2                                                 ; fulladder               ; work         ;
;                   |halfadder:halfadder2|          ; 1 (1)               ; 0 (0)                     ; 0           ; 0          ; 0            ; 0       ; 0         ; 0    ; 0            ; 0          ; |funcao|multiplicador:mt00|somador16bits:s_l1_2|eightbitsadder:s1|fourbitsadder:addr1|fulladder:addr2|halfadder:halfadder2                            ; halfadder               ; work         ;
;                |fulladder:addr3|                  ; 3 (1)               ; 0 (0)                     ; 0           ; 0          ; 0            ; 0       ; 0         ; 0    ; 0            ; 0          ; |funcao|multiplicador:mt00|somador16bits:s_l1_2|eightbitsadder:s1|fourbitsadder:addr1|fulladder:addr3                                                 ; fulladder               ; work         ;
;                   |halfadder:halfadder2|          ; 2 (2)               ; 0 (0)                     ; 0           ; 0          ; 0            ; 0       ; 0         ; 0    ; 0            ; 0          ; |funcao|multiplicador:mt00|somador16bits:s_l1_2|eightbitsadder:s1|fourbitsadder:addr1|fulladder:addr3|halfadder:halfadder2                            ; halfadder               ; work         ;
;          |eightbitsadder:s2|                      ; 2 (0)               ; 0 (0)                     ; 0           ; 0          ; 0            ; 0       ; 0         ; 0    ; 0            ; 0          ; |funcao|multiplicador:mt00|somador16bits:s_l1_2|eightbitsadder:s2                                                                                     ; eightbitsadder          ; work         ;
;             |fourbitsadder:addr0|                 ; 2 (0)               ; 0 (0)                     ; 0           ; 0          ; 0            ; 0       ; 0         ; 0    ; 0            ; 0          ; |funcao|multiplicador:mt00|somador16bits:s_l1_2|eightbitsadder:s2|fourbitsadder:addr0                                                                 ; fourbitsadder           ; work         ;
;                |fulladder:addr0|                  ; 2 (1)               ; 0 (0)                     ; 0           ; 0          ; 0            ; 0       ; 0         ; 0    ; 0            ; 0          ; |funcao|multiplicador:mt00|somador16bits:s_l1_2|eightbitsadder:s2|fourbitsadder:addr0|fulladder:addr0                                                 ; fulladder               ; work         ;
;                   |halfadder:halfadder1|          ; 1 (1)               ; 0 (0)                     ; 0           ; 0          ; 0            ; 0       ; 0         ; 0    ; 0            ; 0          ; |funcao|multiplicador:mt00|somador16bits:s_l1_2|eightbitsadder:s2|fourbitsadder:addr0|fulladder:addr0|halfadder:halfadder1                            ; halfadder               ; work         ;
;       |somador16bits:s_l2_0|                      ; 16 (0)              ; 0 (0)                     ; 0           ; 0          ; 0            ; 0       ; 0         ; 0    ; 0            ; 0          ; |funcao|multiplicador:mt00|somador16bits:s_l2_0                                                                                                       ; somador16bits           ; work         ;
;          |eightbitsadder:s1|                      ; 12 (0)              ; 0 (0)                     ; 0           ; 0          ; 0            ; 0       ; 0         ; 0    ; 0            ; 0          ; |funcao|multiplicador:mt00|somador16bits:s_l2_0|eightbitsadder:s1                                                                                     ; eightbitsadder          ; work         ;
;             |fourbitsadder:addr0|                 ; 3 (0)               ; 0 (0)                     ; 0           ; 0          ; 0            ; 0       ; 0         ; 0    ; 0            ; 0          ; |funcao|multiplicador:mt00|somador16bits:s_l2_0|eightbitsadder:s1|fourbitsadder:addr0                                                                 ; fourbitsadder           ; work         ;
;                |fulladder:addr3|                  ; 3 (1)               ; 0 (0)                     ; 0           ; 0          ; 0            ; 0       ; 0         ; 0    ; 0            ; 0          ; |funcao|multiplicador:mt00|somador16bits:s_l2_0|eightbitsadder:s1|fourbitsadder:addr0|fulladder:addr3                                                 ; fulladder               ; work         ;
;                   |halfadder:halfadder2|          ; 2 (2)               ; 0 (0)                     ; 0           ; 0          ; 0            ; 0       ; 0         ; 0    ; 0            ; 0          ; |funcao|multiplicador:mt00|somador16bits:s_l2_0|eightbitsadder:s1|fourbitsadder:addr0|fulladder:addr3|halfadder:halfadder2                            ; halfadder               ; work         ;
;             |fourbitsadder:addr1|                 ; 9 (0)               ; 0 (0)                     ; 0           ; 0          ; 0            ; 0       ; 0         ; 0    ; 0            ; 0          ; |funcao|multiplicador:mt00|somador16bits:s_l2_0|eightbitsadder:s1|fourbitsadder:addr1                                                                 ; fourbitsadder           ; work         ;
;                |fulladder:addr0|                  ; 2 (1)               ; 0 (0)                     ; 0           ; 0          ; 0            ; 0       ; 0         ; 0    ; 0            ; 0          ; |funcao|multiplicador:mt00|somador16bits:s_l2_0|eightbitsadder:s1|fourbitsadder:addr1|fulladder:addr0                                                 ; fulladder               ; work         ;
;                   |halfadder:halfadder2|          ; 1 (1)               ; 0 (0)                     ; 0           ; 0          ; 0            ; 0       ; 0         ; 0    ; 0            ; 0          ; |funcao|multiplicador:mt00|somador16bits:s_l2_0|eightbitsadder:s1|fourbitsadder:addr1|fulladder:addr0|halfadder:halfadder2                            ; halfadder               ; work         ;
;                |fulladder:addr1|                  ; 3 (1)               ; 0 (0)                     ; 0           ; 0          ; 0            ; 0       ; 0         ; 0    ; 0            ; 0          ; |funcao|multiplicador:mt00|somador16bits:s_l2_0|eightbitsadder:s1|fourbitsadder:addr1|fulladder:addr1                                                 ; fulladder               ; work         ;
;                   |halfadder:halfadder2|          ; 2 (2)               ; 0 (0)                     ; 0           ; 0          ; 0            ; 0       ; 0         ; 0    ; 0            ; 0          ; |funcao|multiplicador:mt00|somador16bits:s_l2_0|eightbitsadder:s1|fourbitsadder:addr1|fulladder:addr1|halfadder:halfadder2                            ; halfadder               ; work         ;
;                |fulladder:addr2|                  ; 2 (1)               ; 0 (0)                     ; 0           ; 0          ; 0            ; 0       ; 0         ; 0    ; 0            ; 0          ; |funcao|multiplicador:mt00|somador16bits:s_l2_0|eightbitsadder:s1|fourbitsadder:addr1|fulladder:addr2                                                 ; fulladder               ; work         ;
;                   |halfadder:halfadder2|          ; 1 (1)               ; 0 (0)                     ; 0           ; 0          ; 0            ; 0       ; 0         ; 0    ; 0            ; 0          ; |funcao|multiplicador:mt00|somador16bits:s_l2_0|eightbitsadder:s1|fourbitsadder:addr1|fulladder:addr2|halfadder:halfadder2                            ; halfadder               ; work         ;
;                |fulladder:addr3|                  ; 2 (1)               ; 0 (0)                     ; 0           ; 0          ; 0            ; 0       ; 0         ; 0    ; 0            ; 0          ; |funcao|multiplicador:mt00|somador16bits:s_l2_0|eightbitsadder:s1|fourbitsadder:addr1|fulladder:addr3                                                 ; fulladder               ; work         ;
;                   |halfadder:halfadder2|          ; 1 (1)               ; 0 (0)                     ; 0           ; 0          ; 0            ; 0       ; 0         ; 0    ; 0            ; 0          ; |funcao|multiplicador:mt00|somador16bits:s_l2_0|eightbitsadder:s1|fourbitsadder:addr1|fulladder:addr3|halfadder:halfadder2                            ; halfadder               ; work         ;
;          |eightbitsadder:s2|                      ; 4 (0)               ; 0 (0)                     ; 0           ; 0          ; 0            ; 0       ; 0         ; 0    ; 0            ; 0          ; |funcao|multiplicador:mt00|somador16bits:s_l2_0|eightbitsadder:s2                                                                                     ; eightbitsadder          ; work         ;
;             |fourbitsadder:addr0|                 ; 4 (0)               ; 0 (0)                     ; 0           ; 0          ; 0            ; 0       ; 0         ; 0    ; 0            ; 0          ; |funcao|multiplicador:mt00|somador16bits:s_l2_0|eightbitsadder:s2|fourbitsadder:addr0                                                                 ; fourbitsadder           ; work         ;
;                |fulladder:addr0|                  ; 2 (1)               ; 0 (0)                     ; 0           ; 0          ; 0            ; 0       ; 0         ; 0    ; 0            ; 0          ; |funcao|multiplicador:mt00|somador16bits:s_l2_0|eightbitsadder:s2|fourbitsadder:addr0|fulladder:addr0                                                 ; fulladder               ; work         ;
;                   |halfadder:halfadder2|          ; 1 (1)               ; 0 (0)                     ; 0           ; 0          ; 0            ; 0       ; 0         ; 0    ; 0            ; 0          ; |funcao|multiplicador:mt00|somador16bits:s_l2_0|eightbitsadder:s2|fourbitsadder:addr0|fulladder:addr0|halfadder:halfadder2                            ; halfadder               ; work         ;
;                |fulladder:addr1|                  ; 1 (0)               ; 0 (0)                     ; 0           ; 0          ; 0            ; 0       ; 0         ; 0    ; 0            ; 0          ; |funcao|multiplicador:mt00|somador16bits:s_l2_0|eightbitsadder:s2|fourbitsadder:addr0|fulladder:addr1                                                 ; fulladder               ; work         ;
;                   |halfadder:halfadder2|          ; 1 (1)               ; 0 (0)                     ; 0           ; 0          ; 0            ; 0       ; 0         ; 0    ; 0            ; 0          ; |funcao|multiplicador:mt00|somador16bits:s_l2_0|eightbitsadder:s2|fourbitsadder:addr0|fulladder:addr1|halfadder:halfadder2                            ; halfadder               ; work         ;
;                |fulladder:addr2|                  ; 1 (0)               ; 0 (0)                     ; 0           ; 0          ; 0            ; 0       ; 0         ; 0    ; 0            ; 0          ; |funcao|multiplicador:mt00|somador16bits:s_l2_0|eightbitsadder:s2|fourbitsadder:addr0|fulladder:addr2                                                 ; fulladder               ; work         ;
;                   |halfadder:halfadder2|          ; 1 (1)               ; 0 (0)                     ; 0           ; 0          ; 0            ; 0       ; 0         ; 0    ; 0            ; 0          ; |funcao|multiplicador:mt00|somador16bits:s_l2_0|eightbitsadder:s2|fourbitsadder:addr0|fulladder:addr2|halfadder:halfadder2                            ; halfadder               ; work         ;
;       |somador16bits:s_l2_1|                      ; 9 (0)               ; 0 (0)                     ; 0           ; 0          ; 0            ; 0       ; 0         ; 0    ; 0            ; 0          ; |funcao|multiplicador:mt00|somador16bits:s_l2_1                                                                                                       ; somador16bits           ; work         ;
;          |eightbitsadder:s1|                      ; 3 (0)               ; 0 (0)                     ; 0           ; 0          ; 0            ; 0       ; 0         ; 0    ; 0            ; 0          ; |funcao|multiplicador:mt00|somador16bits:s_l2_1|eightbitsadder:s1                                                                                     ; eightbitsadder          ; work         ;
;             |fourbitsadder:addr1|                 ; 3 (0)               ; 0 (0)                     ; 0           ; 0          ; 0            ; 0       ; 0         ; 0    ; 0            ; 0          ; |funcao|multiplicador:mt00|somador16bits:s_l2_1|eightbitsadder:s1|fourbitsadder:addr1                                                                 ; fourbitsadder           ; work         ;
;                |fulladder:addr2|                  ; 1 (0)               ; 0 (0)                     ; 0           ; 0          ; 0            ; 0       ; 0         ; 0    ; 0            ; 0          ; |funcao|multiplicador:mt00|somador16bits:s_l2_1|eightbitsadder:s1|fourbitsadder:addr1|fulladder:addr2                                                 ; fulladder               ; work         ;
;                   |halfadder:halfadder1|          ; 1 (1)               ; 0 (0)                     ; 0           ; 0          ; 0            ; 0       ; 0         ; 0    ; 0            ; 0          ; |funcao|multiplicador:mt00|somador16bits:s_l2_1|eightbitsadder:s1|fourbitsadder:addr1|fulladder:addr2|halfadder:halfadder1                            ; halfadder               ; work         ;
;                |fulladder:addr3|                  ; 2 (1)               ; 0 (0)                     ; 0           ; 0          ; 0            ; 0       ; 0         ; 0    ; 0            ; 0          ; |funcao|multiplicador:mt00|somador16bits:s_l2_1|eightbitsadder:s1|fourbitsadder:addr1|fulladder:addr3                                                 ; fulladder               ; work         ;
;                   |halfadder:halfadder1|          ; 1 (1)               ; 0 (0)                     ; 0           ; 0          ; 0            ; 0       ; 0         ; 0    ; 0            ; 0          ; |funcao|multiplicador:mt00|somador16bits:s_l2_1|eightbitsadder:s1|fourbitsadder:addr1|fulladder:addr3|halfadder:halfadder1                            ; halfadder               ; work         ;
;          |eightbitsadder:s2|                      ; 6 (0)               ; 0 (0)                     ; 0           ; 0          ; 0            ; 0       ; 0         ; 0    ; 0            ; 0          ; |funcao|multiplicador:mt00|somador16bits:s_l2_1|eightbitsadder:s2                                                                                     ; eightbitsadder          ; work         ;
;             |fourbitsadder:addr0|                 ; 6 (0)               ; 0 (0)                     ; 0           ; 0          ; 0            ; 0       ; 0         ; 0    ; 0            ; 0          ; |funcao|multiplicador:mt00|somador16bits:s_l2_1|eightbitsadder:s2|fourbitsadder:addr0                                                                 ; fourbitsadder           ; work         ;
;                |fulladder:addr0|                  ; 2 (1)               ; 0 (0)                     ; 0           ; 0          ; 0            ; 0       ; 0         ; 0    ; 0            ; 0          ; |funcao|multiplicador:mt00|somador16bits:s_l2_1|eightbitsadder:s2|fourbitsadder:addr0|fulladder:addr0                                                 ; fulladder               ; work         ;
;                   |halfadder:halfadder1|          ; 1 (1)               ; 0 (0)                     ; 0           ; 0          ; 0            ; 0       ; 0         ; 0    ; 0            ; 0          ; |funcao|multiplicador:mt00|somador16bits:s_l2_1|eightbitsadder:s2|fourbitsadder:addr0|fulladder:addr0|halfadder:halfadder1                            ; halfadder               ; work         ;
;                |fulladder:addr1|                  ; 2 (1)               ; 0 (0)                     ; 0           ; 0          ; 0            ; 0       ; 0         ; 0    ; 0            ; 0          ; |funcao|multiplicador:mt00|somador16bits:s_l2_1|eightbitsadder:s2|fourbitsadder:addr0|fulladder:addr1                                                 ; fulladder               ; work         ;
;                   |halfadder:halfadder1|          ; 1 (1)               ; 0 (0)                     ; 0           ; 0          ; 0            ; 0       ; 0         ; 0    ; 0            ; 0          ; |funcao|multiplicador:mt00|somador16bits:s_l2_1|eightbitsadder:s2|fourbitsadder:addr0|fulladder:addr1|halfadder:halfadder1                            ; halfadder               ; work         ;
;                |fulladder:addr2|                  ; 2 (2)               ; 0 (0)                     ; 0           ; 0          ; 0            ; 0       ; 0         ; 0    ; 0            ; 0          ; |funcao|multiplicador:mt00|somador16bits:s_l2_1|eightbitsadder:s2|fourbitsadder:addr0|fulladder:addr2                                                 ; fulladder               ; work         ;
;    |multiplicador:mt01|                           ; 108 (31)            ; 0 (0)                     ; 0           ; 0          ; 0            ; 0       ; 0         ; 0    ; 0            ; 0          ; |funcao|multiplicador:mt01                                                                                                                            ; multiplicador           ; work         ;
;       |somador16bits:s_final|                     ; 15 (0)              ; 0 (0)                     ; 0           ; 0          ; 0            ; 0       ; 0         ; 0    ; 0            ; 0          ; |funcao|multiplicador:mt01|somador16bits:s_final                                                                                                      ; somador16bits           ; work         ;
;          |eightbitsadder:s1|                      ; 7 (0)               ; 0 (0)                     ; 0           ; 0          ; 0            ; 0       ; 0         ; 0    ; 0            ; 0          ; |funcao|multiplicador:mt01|somador16bits:s_final|eightbitsadder:s1                                                                                    ; eightbitsadder          ; work         ;
;             |fourbitsadder:addr1|                 ; 7 (0)               ; 0 (0)                     ; 0           ; 0          ; 0            ; 0       ; 0         ; 0    ; 0            ; 0          ; |funcao|multiplicador:mt01|somador16bits:s_final|eightbitsadder:s1|fourbitsadder:addr1                                                                ; fourbitsadder           ; work         ;
;                |fulladder:addr0|                  ; 1 (0)               ; 0 (0)                     ; 0           ; 0          ; 0            ; 0       ; 0         ; 0    ; 0            ; 0          ; |funcao|multiplicador:mt01|somador16bits:s_final|eightbitsadder:s1|fourbitsadder:addr1|fulladder:addr0                                                ; fulladder               ; work         ;
;                   |halfadder:halfadder1|          ; 1 (1)               ; 0 (0)                     ; 0           ; 0          ; 0            ; 0       ; 0         ; 0    ; 0            ; 0          ; |funcao|multiplicador:mt01|somador16bits:s_final|eightbitsadder:s1|fourbitsadder:addr1|fulladder:addr0|halfadder:halfadder1                           ; halfadder               ; work         ;
;                |fulladder:addr1|                  ; 2 (1)               ; 0 (0)                     ; 0           ; 0          ; 0            ; 0       ; 0         ; 0    ; 0            ; 0          ; |funcao|multiplicador:mt01|somador16bits:s_final|eightbitsadder:s1|fourbitsadder:addr1|fulladder:addr1                                                ; fulladder               ; work         ;
;                   |halfadder:halfadder2|          ; 1 (1)               ; 0 (0)                     ; 0           ; 0          ; 0            ; 0       ; 0         ; 0    ; 0            ; 0          ; |funcao|multiplicador:mt01|somador16bits:s_final|eightbitsadder:s1|fourbitsadder:addr1|fulladder:addr1|halfadder:halfadder2                           ; halfadder               ; work         ;
;                |fulladder:addr2|                  ; 2 (1)               ; 0 (0)                     ; 0           ; 0          ; 0            ; 0       ; 0         ; 0    ; 0            ; 0          ; |funcao|multiplicador:mt01|somador16bits:s_final|eightbitsadder:s1|fourbitsadder:addr1|fulladder:addr2                                                ; fulladder               ; work         ;
;                   |halfadder:halfadder2|          ; 1 (1)               ; 0 (0)                     ; 0           ; 0          ; 0            ; 0       ; 0         ; 0    ; 0            ; 0          ; |funcao|multiplicador:mt01|somador16bits:s_final|eightbitsadder:s1|fourbitsadder:addr1|fulladder:addr2|halfadder:halfadder2                           ; halfadder               ; work         ;
;                |fulladder:addr3|                  ; 2 (1)               ; 0 (0)                     ; 0           ; 0          ; 0            ; 0       ; 0         ; 0    ; 0            ; 0          ; |funcao|multiplicador:mt01|somador16bits:s_final|eightbitsadder:s1|fourbitsadder:addr1|fulladder:addr3                                                ; fulladder               ; work         ;
;                   |halfadder:halfadder2|          ; 1 (1)               ; 0 (0)                     ; 0           ; 0          ; 0            ; 0       ; 0         ; 0    ; 0            ; 0          ; |funcao|multiplicador:mt01|somador16bits:s_final|eightbitsadder:s1|fourbitsadder:addr1|fulladder:addr3|halfadder:halfadder2                           ; halfadder               ; work         ;
;          |eightbitsadder:s2|                      ; 8 (0)               ; 0 (0)                     ; 0           ; 0          ; 0            ; 0       ; 0         ; 0    ; 0            ; 0          ; |funcao|multiplicador:mt01|somador16bits:s_final|eightbitsadder:s2                                                                                    ; eightbitsadder          ; work         ;
;             |fourbitsadder:addr0|                 ; 7 (0)               ; 0 (0)                     ; 0           ; 0          ; 0            ; 0       ; 0         ; 0    ; 0            ; 0          ; |funcao|multiplicador:mt01|somador16bits:s_final|eightbitsadder:s2|fourbitsadder:addr0                                                                ; fourbitsadder           ; work         ;
;                |fulladder:addr0|                  ; 2 (1)               ; 0 (0)                     ; 0           ; 0          ; 0            ; 0       ; 0         ; 0    ; 0            ; 0          ; |funcao|multiplicador:mt01|somador16bits:s_final|eightbitsadder:s2|fourbitsadder:addr0|fulladder:addr0                                                ; fulladder               ; work         ;
;                   |halfadder:halfadder2|          ; 1 (1)               ; 0 (0)                     ; 0           ; 0          ; 0            ; 0       ; 0         ; 0    ; 0            ; 0          ; |funcao|multiplicador:mt01|somador16bits:s_final|eightbitsadder:s2|fourbitsadder:addr0|fulladder:addr0|halfadder:halfadder2                           ; halfadder               ; work         ;
;                |fulladder:addr1|                  ; 2 (1)               ; 0 (0)                     ; 0           ; 0          ; 0            ; 0       ; 0         ; 0    ; 0            ; 0          ; |funcao|multiplicador:mt01|somador16bits:s_final|eightbitsadder:s2|fourbitsadder:addr0|fulladder:addr1                                                ; fulladder               ; work         ;
;                   |halfadder:halfadder2|          ; 1 (1)               ; 0 (0)                     ; 0           ; 0          ; 0            ; 0       ; 0         ; 0    ; 0            ; 0          ; |funcao|multiplicador:mt01|somador16bits:s_final|eightbitsadder:s2|fourbitsadder:addr0|fulladder:addr1|halfadder:halfadder2                           ; halfadder               ; work         ;
;                |fulladder:addr2|                  ; 2 (1)               ; 0 (0)                     ; 0           ; 0          ; 0            ; 0       ; 0         ; 0    ; 0            ; 0          ; |funcao|multiplicador:mt01|somador16bits:s_final|eightbitsadder:s2|fourbitsadder:addr0|fulladder:addr2                                                ; fulladder               ; work         ;
;                   |halfadder:halfadder2|          ; 1 (1)               ; 0 (0)                     ; 0           ; 0          ; 0            ; 0       ; 0         ; 0    ; 0            ; 0          ; |funcao|multiplicador:mt01|somador16bits:s_final|eightbitsadder:s2|fourbitsadder:addr0|fulladder:addr2|halfadder:halfadder2                           ; halfadder               ; work         ;
;                |fulladder:addr3|                  ; 1 (1)               ; 0 (0)                     ; 0           ; 0          ; 0            ; 0       ; 0         ; 0    ; 0            ; 0          ; |funcao|multiplicador:mt01|somador16bits:s_final|eightbitsadder:s2|fourbitsadder:addr0|fulladder:addr3                                                ; fulladder               ; work         ;
;             |fourbitsadder:addr1|                 ; 1 (0)               ; 0 (0)                     ; 0           ; 0          ; 0            ; 0       ; 0         ; 0    ; 0            ; 0          ; |funcao|multiplicador:mt01|somador16bits:s_final|eightbitsadder:s2|fourbitsadder:addr1                                                                ; fourbitsadder           ; work         ;
;                |fulladder:addr1|                  ; 1 (0)               ; 0 (0)                     ; 0           ; 0          ; 0            ; 0       ; 0         ; 0    ; 0            ; 0          ; |funcao|multiplicador:mt01|somador16bits:s_final|eightbitsadder:s2|fourbitsadder:addr1|fulladder:addr1                                                ; fulladder               ; work         ;
;                   |halfadder:halfadder2|          ; 1 (1)               ; 0 (0)                     ; 0           ; 0          ; 0            ; 0       ; 0         ; 0    ; 0            ; 0          ; |funcao|multiplicador:mt01|somador16bits:s_final|eightbitsadder:s2|fourbitsadder:addr1|fulladder:addr1|halfadder:halfadder2                           ; halfadder               ; work         ;
;       |somador16bits:s_l1_0|                      ; 13 (0)              ; 0 (0)                     ; 0           ; 0          ; 0            ; 0       ; 0         ; 0    ; 0            ; 0          ; |funcao|multiplicador:mt01|somador16bits:s_l1_0                                                                                                       ; somador16bits           ; work         ;
;          |eightbitsadder:s1|                      ; 13 (0)              ; 0 (0)                     ; 0           ; 0          ; 0            ; 0       ; 0         ; 0    ; 0            ; 0          ; |funcao|multiplicador:mt01|somador16bits:s_l1_0|eightbitsadder:s1                                                                                     ; eightbitsadder          ; work         ;
;             |fourbitsadder:addr0|                 ; 5 (0)               ; 0 (0)                     ; 0           ; 0          ; 0            ; 0       ; 0         ; 0    ; 0            ; 0          ; |funcao|multiplicador:mt01|somador16bits:s_l1_0|eightbitsadder:s1|fourbitsadder:addr0                                                                 ; fourbitsadder           ; work         ;
;                |fulladder:addr1|                  ; 1 (0)               ; 0 (0)                     ; 0           ; 0          ; 0            ; 0       ; 0         ; 0    ; 0            ; 0          ; |funcao|multiplicador:mt01|somador16bits:s_l1_0|eightbitsadder:s1|fourbitsadder:addr0|fulladder:addr1                                                 ; fulladder               ; work         ;
;                   |halfadder:halfadder1|          ; 1 (1)               ; 0 (0)                     ; 0           ; 0          ; 0            ; 0       ; 0         ; 0    ; 0            ; 0          ; |funcao|multiplicador:mt01|somador16bits:s_l1_0|eightbitsadder:s1|fourbitsadder:addr0|fulladder:addr1|halfadder:halfadder1                            ; halfadder               ; work         ;
;                |fulladder:addr2|                  ; 2 (1)               ; 0 (0)                     ; 0           ; 0          ; 0            ; 0       ; 0         ; 0    ; 0            ; 0          ; |funcao|multiplicador:mt01|somador16bits:s_l1_0|eightbitsadder:s1|fourbitsadder:addr0|fulladder:addr2                                                 ; fulladder               ; work         ;
;                   |halfadder:halfadder2|          ; 1 (1)               ; 0 (0)                     ; 0           ; 0          ; 0            ; 0       ; 0         ; 0    ; 0            ; 0          ; |funcao|multiplicador:mt01|somador16bits:s_l1_0|eightbitsadder:s1|fourbitsadder:addr0|fulladder:addr2|halfadder:halfadder2                            ; halfadder               ; work         ;
;                |fulladder:addr3|                  ; 2 (1)               ; 0 (0)                     ; 0           ; 0          ; 0            ; 0       ; 0         ; 0    ; 0            ; 0          ; |funcao|multiplicador:mt01|somador16bits:s_l1_0|eightbitsadder:s1|fourbitsadder:addr0|fulladder:addr3                                                 ; fulladder               ; work         ;
;                   |halfadder:halfadder2|          ; 1 (1)               ; 0 (0)                     ; 0           ; 0          ; 0            ; 0       ; 0         ; 0    ; 0            ; 0          ; |funcao|multiplicador:mt01|somador16bits:s_l1_0|eightbitsadder:s1|fourbitsadder:addr0|fulladder:addr3|halfadder:halfadder2                            ; halfadder               ; work         ;
;             |fourbitsadder:addr1|                 ; 8 (0)               ; 0 (0)                     ; 0           ; 0          ; 0            ; 0       ; 0         ; 0    ; 0            ; 0          ; |funcao|multiplicador:mt01|somador16bits:s_l1_0|eightbitsadder:s1|fourbitsadder:addr1                                                                 ; fourbitsadder           ; work         ;
;                |fulladder:addr0|                  ; 2 (1)               ; 0 (0)                     ; 0           ; 0          ; 0            ; 0       ; 0         ; 0    ; 0            ; 0          ; |funcao|multiplicador:mt01|somador16bits:s_l1_0|eightbitsadder:s1|fourbitsadder:addr1|fulladder:addr0                                                 ; fulladder               ; work         ;
;                   |halfadder:halfadder2|          ; 1 (1)               ; 0 (0)                     ; 0           ; 0          ; 0            ; 0       ; 0         ; 0    ; 0            ; 0          ; |funcao|multiplicador:mt01|somador16bits:s_l1_0|eightbitsadder:s1|fourbitsadder:addr1|fulladder:addr0|halfadder:halfadder2                            ; halfadder               ; work         ;
;                |fulladder:addr1|                  ; 2 (1)               ; 0 (0)                     ; 0           ; 0          ; 0            ; 0       ; 0         ; 0    ; 0            ; 0          ; |funcao|multiplicador:mt01|somador16bits:s_l1_0|eightbitsadder:s1|fourbitsadder:addr1|fulladder:addr1                                                 ; fulladder               ; work         ;
;                   |halfadder:halfadder2|          ; 1 (1)               ; 0 (0)                     ; 0           ; 0          ; 0            ; 0       ; 0         ; 0    ; 0            ; 0          ; |funcao|multiplicador:mt01|somador16bits:s_l1_0|eightbitsadder:s1|fourbitsadder:addr1|fulladder:addr1|halfadder:halfadder2                            ; halfadder               ; work         ;
;                |fulladder:addr2|                  ; 2 (1)               ; 0 (0)                     ; 0           ; 0          ; 0            ; 0       ; 0         ; 0    ; 0            ; 0          ; |funcao|multiplicador:mt01|somador16bits:s_l1_0|eightbitsadder:s1|fourbitsadder:addr1|fulladder:addr2                                                 ; fulladder               ; work         ;
;                   |halfadder:halfadder2|          ; 1 (1)               ; 0 (0)                     ; 0           ; 0          ; 0            ; 0       ; 0         ; 0    ; 0            ; 0          ; |funcao|multiplicador:mt01|somador16bits:s_l1_0|eightbitsadder:s1|fourbitsadder:addr1|fulladder:addr2|halfadder:halfadder2                            ; halfadder               ; work         ;
;                |fulladder:addr3|                  ; 2 (0)               ; 0 (0)                     ; 0           ; 0          ; 0            ; 0       ; 0         ; 0    ; 0            ; 0          ; |funcao|multiplicador:mt01|somador16bits:s_l1_0|eightbitsadder:s1|fourbitsadder:addr1|fulladder:addr3                                                 ; fulladder               ; work         ;
;                   |halfadder:halfadder2|          ; 2 (2)               ; 0 (0)                     ; 0           ; 0          ; 0            ; 0       ; 0         ; 0    ; 0            ; 0          ; |funcao|multiplicador:mt01|somador16bits:s_l1_0|eightbitsadder:s1|fourbitsadder:addr1|fulladder:addr3|halfadder:halfadder2                            ; halfadder               ; work         ;
;       |somador16bits:s_l1_1|                      ; 13 (0)              ; 0 (0)                     ; 0           ; 0          ; 0            ; 0       ; 0         ; 0    ; 0            ; 0          ; |funcao|multiplicador:mt01|somador16bits:s_l1_1                                                                                                       ; somador16bits           ; work         ;
;          |eightbitsadder:s1|                      ; 11 (0)              ; 0 (0)                     ; 0           ; 0          ; 0            ; 0       ; 0         ; 0    ; 0            ; 0          ; |funcao|multiplicador:mt01|somador16bits:s_l1_1|eightbitsadder:s1                                                                                     ; eightbitsadder          ; work         ;
;             |fourbitsadder:addr0|                 ; 2 (0)               ; 0 (0)                     ; 0           ; 0          ; 0            ; 0       ; 0         ; 0    ; 0            ; 0          ; |funcao|multiplicador:mt01|somador16bits:s_l1_1|eightbitsadder:s1|fourbitsadder:addr0                                                                 ; fourbitsadder           ; work         ;
;                |fulladder:addr3|                  ; 2 (0)               ; 0 (0)                     ; 0           ; 0          ; 0            ; 0       ; 0         ; 0    ; 0            ; 0          ; |funcao|multiplicador:mt01|somador16bits:s_l1_1|eightbitsadder:s1|fourbitsadder:addr0|fulladder:addr3                                                 ; fulladder               ; work         ;
;                   |halfadder:halfadder1|          ; 2 (2)               ; 0 (0)                     ; 0           ; 0          ; 0            ; 0       ; 0         ; 0    ; 0            ; 0          ; |funcao|multiplicador:mt01|somador16bits:s_l1_1|eightbitsadder:s1|fourbitsadder:addr0|fulladder:addr3|halfadder:halfadder1                            ; halfadder               ; work         ;
;             |fourbitsadder:addr1|                 ; 9 (0)               ; 0 (0)                     ; 0           ; 0          ; 0            ; 0       ; 0         ; 0    ; 0            ; 0          ; |funcao|multiplicador:mt01|somador16bits:s_l1_1|eightbitsadder:s1|fourbitsadder:addr1                                                                 ; fourbitsadder           ; work         ;
;                |fulladder:addr0|                  ; 3 (2)               ; 0 (0)                     ; 0           ; 0          ; 0            ; 0       ; 0         ; 0    ; 0            ; 0          ; |funcao|multiplicador:mt01|somador16bits:s_l1_1|eightbitsadder:s1|fourbitsadder:addr1|fulladder:addr0                                                 ; fulladder               ; work         ;
;                   |halfadder:halfadder1|          ; 1 (1)               ; 0 (0)                     ; 0           ; 0          ; 0            ; 0       ; 0         ; 0    ; 0            ; 0          ; |funcao|multiplicador:mt01|somador16bits:s_l1_1|eightbitsadder:s1|fourbitsadder:addr1|fulladder:addr0|halfadder:halfadder1                            ; halfadder               ; work         ;
;                |fulladder:addr1|                  ; 2 (1)               ; 0 (0)                     ; 0           ; 0          ; 0            ; 0       ; 0         ; 0    ; 0            ; 0          ; |funcao|multiplicador:mt01|somador16bits:s_l1_1|eightbitsadder:s1|fourbitsadder:addr1|fulladder:addr1                                                 ; fulladder               ; work         ;
;                   |halfadder:halfadder1|          ; 1 (1)               ; 0 (0)                     ; 0           ; 0          ; 0            ; 0       ; 0         ; 0    ; 0            ; 0          ; |funcao|multiplicador:mt01|somador16bits:s_l1_1|eightbitsadder:s1|fourbitsadder:addr1|fulladder:addr1|halfadder:halfadder1                            ; halfadder               ; work         ;
;                |fulladder:addr2|                  ; 2 (1)               ; 0 (0)                     ; 0           ; 0          ; 0            ; 0       ; 0         ; 0    ; 0            ; 0          ; |funcao|multiplicador:mt01|somador16bits:s_l1_1|eightbitsadder:s1|fourbitsadder:addr1|fulladder:addr2                                                 ; fulladder               ; work         ;
;                   |halfadder:halfadder1|          ; 1 (1)               ; 0 (0)                     ; 0           ; 0          ; 0            ; 0       ; 0         ; 0    ; 0            ; 0          ; |funcao|multiplicador:mt01|somador16bits:s_l1_1|eightbitsadder:s1|fourbitsadder:addr1|fulladder:addr2|halfadder:halfadder1                            ; halfadder               ; work         ;
;                |fulladder:addr3|                  ; 2 (1)               ; 0 (0)                     ; 0           ; 0          ; 0            ; 0       ; 0         ; 0    ; 0            ; 0          ; |funcao|multiplicador:mt01|somador16bits:s_l1_1|eightbitsadder:s1|fourbitsadder:addr1|fulladder:addr3                                                 ; fulladder               ; work         ;
;                   |halfadder:halfadder1|          ; 1 (1)               ; 0 (0)                     ; 0           ; 0          ; 0            ; 0       ; 0         ; 0    ; 0            ; 0          ; |funcao|multiplicador:mt01|somador16bits:s_l1_1|eightbitsadder:s1|fourbitsadder:addr1|fulladder:addr3|halfadder:halfadder1                            ; halfadder               ; work         ;
;          |eightbitsadder:s2|                      ; 2 (0)               ; 0 (0)                     ; 0           ; 0          ; 0            ; 0       ; 0         ; 0    ; 0            ; 0          ; |funcao|multiplicador:mt01|somador16bits:s_l1_1|eightbitsadder:s2                                                                                     ; eightbitsadder          ; work         ;
;             |fourbitsadder:addr0|                 ; 2 (0)               ; 0 (0)                     ; 0           ; 0          ; 0            ; 0       ; 0         ; 0    ; 0            ; 0          ; |funcao|multiplicador:mt01|somador16bits:s_l1_1|eightbitsadder:s2|fourbitsadder:addr0                                                                 ; fourbitsadder           ; work         ;
;                |fulladder:addr0|                  ; 2 (1)               ; 0 (0)                     ; 0           ; 0          ; 0            ; 0       ; 0         ; 0    ; 0            ; 0          ; |funcao|multiplicador:mt01|somador16bits:s_l1_1|eightbitsadder:s2|fourbitsadder:addr0|fulladder:addr0                                                 ; fulladder               ; work         ;
;                   |halfadder:halfadder1|          ; 1 (1)               ; 0 (0)                     ; 0           ; 0          ; 0            ; 0       ; 0         ; 0    ; 0            ; 0          ; |funcao|multiplicador:mt01|somador16bits:s_l1_1|eightbitsadder:s2|fourbitsadder:addr0|fulladder:addr0|halfadder:halfadder1                            ; halfadder               ; work         ;
;       |somador16bits:s_l1_2|                      ; 11 (0)              ; 0 (0)                     ; 0           ; 0          ; 0            ; 0       ; 0         ; 0    ; 0            ; 0          ; |funcao|multiplicador:mt01|somador16bits:s_l1_2                                                                                                       ; somador16bits           ; work         ;
;          |eightbitsadder:s1|                      ; 5 (0)               ; 0 (0)                     ; 0           ; 0          ; 0            ; 0       ; 0         ; 0    ; 0            ; 0          ; |funcao|multiplicador:mt01|somador16bits:s_l1_2|eightbitsadder:s1                                                                                     ; eightbitsadder          ; work         ;
;             |fourbitsadder:addr1|                 ; 5 (0)               ; 0 (0)                     ; 0           ; 0          ; 0            ; 0       ; 0         ; 0    ; 0            ; 0          ; |funcao|multiplicador:mt01|somador16bits:s_l1_2|eightbitsadder:s1|fourbitsadder:addr1                                                                 ; fourbitsadder           ; work         ;
;                |fulladder:addr1|                  ; 1 (0)               ; 0 (0)                     ; 0           ; 0          ; 0            ; 0       ; 0         ; 0    ; 0            ; 0          ; |funcao|multiplicador:mt01|somador16bits:s_l1_2|eightbitsadder:s1|fourbitsadder:addr1|fulladder:addr1                                                 ; fulladder               ; work         ;
;                   |halfadder:halfadder1|          ; 1 (1)               ; 0 (0)                     ; 0           ; 0          ; 0            ; 0       ; 0         ; 0    ; 0            ; 0          ; |funcao|multiplicador:mt01|somador16bits:s_l1_2|eightbitsadder:s1|fourbitsadder:addr1|fulladder:addr1|halfadder:halfadder1                            ; halfadder               ; work         ;
;                |fulladder:addr2|                  ; 2 (1)               ; 0 (0)                     ; 0           ; 0          ; 0            ; 0       ; 0         ; 0    ; 0            ; 0          ; |funcao|multiplicador:mt01|somador16bits:s_l1_2|eightbitsadder:s1|fourbitsadder:addr1|fulladder:addr2                                                 ; fulladder               ; work         ;
;                   |halfadder:halfadder2|          ; 1 (1)               ; 0 (0)                     ; 0           ; 0          ; 0            ; 0       ; 0         ; 0    ; 0            ; 0          ; |funcao|multiplicador:mt01|somador16bits:s_l1_2|eightbitsadder:s1|fourbitsadder:addr1|fulladder:addr2|halfadder:halfadder2                            ; halfadder               ; work         ;
;                |fulladder:addr3|                  ; 2 (1)               ; 0 (0)                     ; 0           ; 0          ; 0            ; 0       ; 0         ; 0    ; 0            ; 0          ; |funcao|multiplicador:mt01|somador16bits:s_l1_2|eightbitsadder:s1|fourbitsadder:addr1|fulladder:addr3                                                 ; fulladder               ; work         ;
;                   |halfadder:halfadder2|          ; 1 (1)               ; 0 (0)                     ; 0           ; 0          ; 0            ; 0       ; 0         ; 0    ; 0            ; 0          ; |funcao|multiplicador:mt01|somador16bits:s_l1_2|eightbitsadder:s1|fourbitsadder:addr1|fulladder:addr3|halfadder:halfadder2                            ; halfadder               ; work         ;
;          |eightbitsadder:s2|                      ; 6 (0)               ; 0 (0)                     ; 0           ; 0          ; 0            ; 0       ; 0         ; 0    ; 0            ; 0          ; |funcao|multiplicador:mt01|somador16bits:s_l1_2|eightbitsadder:s2                                                                                     ; eightbitsadder          ; work         ;
;             |fourbitsadder:addr0|                 ; 6 (0)               ; 0 (0)                     ; 0           ; 0          ; 0            ; 0       ; 0         ; 0    ; 0            ; 0          ; |funcao|multiplicador:mt01|somador16bits:s_l1_2|eightbitsadder:s2|fourbitsadder:addr0                                                                 ; fourbitsadder           ; work         ;
;                |fulladder:addr0|                  ; 2 (1)               ; 0 (0)                     ; 0           ; 0          ; 0            ; 0       ; 0         ; 0    ; 0            ; 0          ; |funcao|multiplicador:mt01|somador16bits:s_l1_2|eightbitsadder:s2|fourbitsadder:addr0|fulladder:addr0                                                 ; fulladder               ; work         ;
;                   |halfadder:halfadder1|          ; 1 (1)               ; 0 (0)                     ; 0           ; 0          ; 0            ; 0       ; 0         ; 0    ; 0            ; 0          ; |funcao|multiplicador:mt01|somador16bits:s_l1_2|eightbitsadder:s2|fourbitsadder:addr0|fulladder:addr0|halfadder:halfadder1                            ; halfadder               ; work         ;
;                |fulladder:addr1|                  ; 2 (1)               ; 0 (0)                     ; 0           ; 0          ; 0            ; 0       ; 0         ; 0    ; 0            ; 0          ; |funcao|multiplicador:mt01|somador16bits:s_l1_2|eightbitsadder:s2|fourbitsadder:addr0|fulladder:addr1                                                 ; fulladder               ; work         ;
;                   |halfadder:halfadder1|          ; 1 (1)               ; 0 (0)                     ; 0           ; 0          ; 0            ; 0       ; 0         ; 0    ; 0            ; 0          ; |funcao|multiplicador:mt01|somador16bits:s_l1_2|eightbitsadder:s2|fourbitsadder:addr0|fulladder:addr1|halfadder:halfadder1                            ; halfadder               ; work         ;
;                |fulladder:addr2|                  ; 2 (1)               ; 0 (0)                     ; 0           ; 0          ; 0            ; 0       ; 0         ; 0    ; 0            ; 0          ; |funcao|multiplicador:mt01|somador16bits:s_l1_2|eightbitsadder:s2|fourbitsadder:addr0|fulladder:addr2                                                 ; fulladder               ; work         ;
;                   |halfadder:halfadder1|          ; 1 (1)               ; 0 (0)                     ; 0           ; 0          ; 0            ; 0       ; 0         ; 0    ; 0            ; 0          ; |funcao|multiplicador:mt01|somador16bits:s_l1_2|eightbitsadder:s2|fourbitsadder:addr0|fulladder:addr2|halfadder:halfadder1                            ; halfadder               ; work         ;
;       |somador16bits:s_l2_0|                      ; 15 (0)              ; 0 (0)                     ; 0           ; 0          ; 0            ; 0       ; 0         ; 0    ; 0            ; 0          ; |funcao|multiplicador:mt01|somador16bits:s_l2_0                                                                                                       ; somador16bits           ; work         ;
;          |eightbitsadder:s1|                      ; 11 (0)              ; 0 (0)                     ; 0           ; 0          ; 0            ; 0       ; 0         ; 0    ; 0            ; 0          ; |funcao|multiplicador:mt01|somador16bits:s_l2_0|eightbitsadder:s1                                                                                     ; eightbitsadder          ; work         ;
;             |fourbitsadder:addr0|                 ; 3 (0)               ; 0 (0)                     ; 0           ; 0          ; 0            ; 0       ; 0         ; 0    ; 0            ; 0          ; |funcao|multiplicador:mt01|somador16bits:s_l2_0|eightbitsadder:s1|fourbitsadder:addr0                                                                 ; fourbitsadder           ; work         ;
;                |fulladder:addr2|                  ; 1 (0)               ; 0 (0)                     ; 0           ; 0          ; 0            ; 0       ; 0         ; 0    ; 0            ; 0          ; |funcao|multiplicador:mt01|somador16bits:s_l2_0|eightbitsadder:s1|fourbitsadder:addr0|fulladder:addr2                                                 ; fulladder               ; work         ;
;                   |halfadder:halfadder1|          ; 1 (1)               ; 0 (0)                     ; 0           ; 0          ; 0            ; 0       ; 0         ; 0    ; 0            ; 0          ; |funcao|multiplicador:mt01|somador16bits:s_l2_0|eightbitsadder:s1|fourbitsadder:addr0|fulladder:addr2|halfadder:halfadder1                            ; halfadder               ; work         ;
;                |fulladder:addr3|                  ; 2 (1)               ; 0 (0)                     ; 0           ; 0          ; 0            ; 0       ; 0         ; 0    ; 0            ; 0          ; |funcao|multiplicador:mt01|somador16bits:s_l2_0|eightbitsadder:s1|fourbitsadder:addr0|fulladder:addr3                                                 ; fulladder               ; work         ;
;                   |halfadder:halfadder2|          ; 1 (1)               ; 0 (0)                     ; 0           ; 0          ; 0            ; 0       ; 0         ; 0    ; 0            ; 0          ; |funcao|multiplicador:mt01|somador16bits:s_l2_0|eightbitsadder:s1|fourbitsadder:addr0|fulladder:addr3|halfadder:halfadder2                            ; halfadder               ; work         ;
;             |fourbitsadder:addr1|                 ; 8 (0)               ; 0 (0)                     ; 0           ; 0          ; 0            ; 0       ; 0         ; 0    ; 0            ; 0          ; |funcao|multiplicador:mt01|somador16bits:s_l2_0|eightbitsadder:s1|fourbitsadder:addr1                                                                 ; fourbitsadder           ; work         ;
;                |fulladder:addr0|                  ; 2 (1)               ; 0 (0)                     ; 0           ; 0          ; 0            ; 0       ; 0         ; 0    ; 0            ; 0          ; |funcao|multiplicador:mt01|somador16bits:s_l2_0|eightbitsadder:s1|fourbitsadder:addr1|fulladder:addr0                                                 ; fulladder               ; work         ;
;                   |halfadder:halfadder2|          ; 1 (1)               ; 0 (0)                     ; 0           ; 0          ; 0            ; 0       ; 0         ; 0    ; 0            ; 0          ; |funcao|multiplicador:mt01|somador16bits:s_l2_0|eightbitsadder:s1|fourbitsadder:addr1|fulladder:addr0|halfadder:halfadder2                            ; halfadder               ; work         ;
;                |fulladder:addr1|                  ; 2 (1)               ; 0 (0)                     ; 0           ; 0          ; 0            ; 0       ; 0         ; 0    ; 0            ; 0          ; |funcao|multiplicador:mt01|somador16bits:s_l2_0|eightbitsadder:s1|fourbitsadder:addr1|fulladder:addr1                                                 ; fulladder               ; work         ;
;                   |halfadder:halfadder2|          ; 1 (1)               ; 0 (0)                     ; 0           ; 0          ; 0            ; 0       ; 0         ; 0    ; 0            ; 0          ; |funcao|multiplicador:mt01|somador16bits:s_l2_0|eightbitsadder:s1|fourbitsadder:addr1|fulladder:addr1|halfadder:halfadder2                            ; halfadder               ; work         ;
;                |fulladder:addr2|                  ; 2 (1)               ; 0 (0)                     ; 0           ; 0          ; 0            ; 0       ; 0         ; 0    ; 0            ; 0          ; |funcao|multiplicador:mt01|somador16bits:s_l2_0|eightbitsadder:s1|fourbitsadder:addr1|fulladder:addr2                                                 ; fulladder               ; work         ;
;                   |halfadder:halfadder2|          ; 1 (1)               ; 0 (0)                     ; 0           ; 0          ; 0            ; 0       ; 0         ; 0    ; 0            ; 0          ; |funcao|multiplicador:mt01|somador16bits:s_l2_0|eightbitsadder:s1|fourbitsadder:addr1|fulladder:addr2|halfadder:halfadder2                            ; halfadder               ; work         ;
;                |fulladder:addr3|                  ; 2 (1)               ; 0 (0)                     ; 0           ; 0          ; 0            ; 0       ; 0         ; 0    ; 0            ; 0          ; |funcao|multiplicador:mt01|somador16bits:s_l2_0|eightbitsadder:s1|fourbitsadder:addr1|fulladder:addr3                                                 ; fulladder               ; work         ;
;                   |halfadder:halfadder2|          ; 1 (1)               ; 0 (0)                     ; 0           ; 0          ; 0            ; 0       ; 0         ; 0    ; 0            ; 0          ; |funcao|multiplicador:mt01|somador16bits:s_l2_0|eightbitsadder:s1|fourbitsadder:addr1|fulladder:addr3|halfadder:halfadder2                            ; halfadder               ; work         ;
;          |eightbitsadder:s2|                      ; 4 (0)               ; 0 (0)                     ; 0           ; 0          ; 0            ; 0       ; 0         ; 0    ; 0            ; 0          ; |funcao|multiplicador:mt01|somador16bits:s_l2_0|eightbitsadder:s2                                                                                     ; eightbitsadder          ; work         ;
;             |fourbitsadder:addr0|                 ; 4 (0)               ; 0 (0)                     ; 0           ; 0          ; 0            ; 0       ; 0         ; 0    ; 0            ; 0          ; |funcao|multiplicador:mt01|somador16bits:s_l2_0|eightbitsadder:s2|fourbitsadder:addr0                                                                 ; fourbitsadder           ; work         ;
;                |fulladder:addr0|                  ; 2 (1)               ; 0 (0)                     ; 0           ; 0          ; 0            ; 0       ; 0         ; 0    ; 0            ; 0          ; |funcao|multiplicador:mt01|somador16bits:s_l2_0|eightbitsadder:s2|fourbitsadder:addr0|fulladder:addr0                                                 ; fulladder               ; work         ;
;                   |halfadder:halfadder2|          ; 1 (1)               ; 0 (0)                     ; 0           ; 0          ; 0            ; 0       ; 0         ; 0    ; 0            ; 0          ; |funcao|multiplicador:mt01|somador16bits:s_l2_0|eightbitsadder:s2|fourbitsadder:addr0|fulladder:addr0|halfadder:halfadder2                            ; halfadder               ; work         ;
;                |fulladder:addr1|                  ; 1 (0)               ; 0 (0)                     ; 0           ; 0          ; 0            ; 0       ; 0         ; 0    ; 0            ; 0          ; |funcao|multiplicador:mt01|somador16bits:s_l2_0|eightbitsadder:s2|fourbitsadder:addr0|fulladder:addr1                                                 ; fulladder               ; work         ;
;                   |halfadder:halfadder2|          ; 1 (1)               ; 0 (0)                     ; 0           ; 0          ; 0            ; 0       ; 0         ; 0    ; 0            ; 0          ; |funcao|multiplicador:mt01|somador16bits:s_l2_0|eightbitsadder:s2|fourbitsadder:addr0|fulladder:addr1|halfadder:halfadder2                            ; halfadder               ; work         ;
;                |fulladder:addr2|                  ; 1 (0)               ; 0 (0)                     ; 0           ; 0          ; 0            ; 0       ; 0         ; 0    ; 0            ; 0          ; |funcao|multiplicador:mt01|somador16bits:s_l2_0|eightbitsadder:s2|fourbitsadder:addr0|fulladder:addr2                                                 ; fulladder               ; work         ;
;                   |halfadder:halfadder2|          ; 1 (1)               ; 0 (0)                     ; 0           ; 0          ; 0            ; 0       ; 0         ; 0    ; 0            ; 0          ; |funcao|multiplicador:mt01|somador16bits:s_l2_0|eightbitsadder:s2|fourbitsadder:addr0|fulladder:addr2|halfadder:halfadder2                            ; halfadder               ; work         ;
;       |somador16bits:s_l2_1|                      ; 10 (0)              ; 0 (0)                     ; 0           ; 0          ; 0            ; 0       ; 0         ; 0    ; 0            ; 0          ; |funcao|multiplicador:mt01|somador16bits:s_l2_1                                                                                                       ; somador16bits           ; work         ;
;          |eightbitsadder:s1|                      ; 1 (0)               ; 0 (0)                     ; 0           ; 0          ; 0            ; 0       ; 0         ; 0    ; 0            ; 0          ; |funcao|multiplicador:mt01|somador16bits:s_l2_1|eightbitsadder:s1                                                                                     ; eightbitsadder          ; work         ;
;             |fourbitsadder:addr1|                 ; 1 (0)               ; 0 (0)                     ; 0           ; 0          ; 0            ; 0       ; 0         ; 0    ; 0            ; 0          ; |funcao|multiplicador:mt01|somador16bits:s_l2_1|eightbitsadder:s1|fourbitsadder:addr1                                                                 ; fourbitsadder           ; work         ;
;                |fulladder:addr3|                  ; 1 (1)               ; 0 (0)                     ; 0           ; 0          ; 0            ; 0       ; 0         ; 0    ; 0            ; 0          ; |funcao|multiplicador:mt01|somador16bits:s_l2_1|eightbitsadder:s1|fourbitsadder:addr1|fulladder:addr3                                                 ; fulladder               ; work         ;
;          |eightbitsadder:s2|                      ; 9 (0)               ; 0 (0)                     ; 0           ; 0          ; 0            ; 0       ; 0         ; 0    ; 0            ; 0          ; |funcao|multiplicador:mt01|somador16bits:s_l2_1|eightbitsadder:s2                                                                                     ; eightbitsadder          ; work         ;
;             |fourbitsadder:addr0|                 ; 7 (0)               ; 0 (0)                     ; 0           ; 0          ; 0            ; 0       ; 0         ; 0    ; 0            ; 0          ; |funcao|multiplicador:mt01|somador16bits:s_l2_1|eightbitsadder:s2|fourbitsadder:addr0                                                                 ; fourbitsadder           ; work         ;
;                |fulladder:addr0|                  ; 2 (1)               ; 0 (0)                     ; 0           ; 0          ; 0            ; 0       ; 0         ; 0    ; 0            ; 0          ; |funcao|multiplicador:mt01|somador16bits:s_l2_1|eightbitsadder:s2|fourbitsadder:addr0|fulladder:addr0                                                 ; fulladder               ; work         ;
;                   |halfadder:halfadder1|          ; 1 (1)               ; 0 (0)                     ; 0           ; 0          ; 0            ; 0       ; 0         ; 0    ; 0            ; 0          ; |funcao|multiplicador:mt01|somador16bits:s_l2_1|eightbitsadder:s2|fourbitsadder:addr0|fulladder:addr0|halfadder:halfadder1                            ; halfadder               ; work         ;
;                |fulladder:addr1|                  ; 2 (1)               ; 0 (0)                     ; 0           ; 0          ; 0            ; 0       ; 0         ; 0    ; 0            ; 0          ; |funcao|multiplicador:mt01|somador16bits:s_l2_1|eightbitsadder:s2|fourbitsadder:addr0|fulladder:addr1                                                 ; fulladder               ; work         ;
;                   |halfadder:halfadder1|          ; 1 (1)               ; 0 (0)                     ; 0           ; 0          ; 0            ; 0       ; 0         ; 0    ; 0            ; 0          ; |funcao|multiplicador:mt01|somador16bits:s_l2_1|eightbitsadder:s2|fourbitsadder:addr0|fulladder:addr1|halfadder:halfadder1                            ; halfadder               ; work         ;
;                |fulladder:addr2|                  ; 2 (1)               ; 0 (0)                     ; 0           ; 0          ; 0            ; 0       ; 0         ; 0    ; 0            ; 0          ; |funcao|multiplicador:mt01|somador16bits:s_l2_1|eightbitsadder:s2|fourbitsadder:addr0|fulladder:addr2                                                 ; fulladder               ; work         ;
;                   |halfadder:halfadder1|          ; 1 (1)               ; 0 (0)                     ; 0           ; 0          ; 0            ; 0       ; 0         ; 0    ; 0            ; 0          ; |funcao|multiplicador:mt01|somador16bits:s_l2_1|eightbitsadder:s2|fourbitsadder:addr0|fulladder:addr2|halfadder:halfadder1                            ; halfadder               ; work         ;
;                |fulladder:addr3|                  ; 1 (1)               ; 0 (0)                     ; 0           ; 0          ; 0            ; 0       ; 0         ; 0    ; 0            ; 0          ; |funcao|multiplicador:mt01|somador16bits:s_l2_1|eightbitsadder:s2|fourbitsadder:addr0|fulladder:addr3                                                 ; fulladder               ; work         ;
;             |fourbitsadder:addr1|                 ; 2 (0)               ; 0 (0)                     ; 0           ; 0          ; 0            ; 0       ; 0         ; 0    ; 0            ; 0          ; |funcao|multiplicador:mt01|somador16bits:s_l2_1|eightbitsadder:s2|fourbitsadder:addr1                                                                 ; fourbitsadder           ; work         ;
;                |fulladder:addr0|                  ; 2 (1)               ; 0 (0)                     ; 0           ; 0          ; 0            ; 0       ; 0         ; 0    ; 0            ; 0          ; |funcao|multiplicador:mt01|somador16bits:s_l2_1|eightbitsadder:s2|fourbitsadder:addr1|fulladder:addr0                                                 ; fulladder               ; work         ;
;                   |halfadder:halfadder2|          ; 1 (1)               ; 0 (0)                     ; 0           ; 0          ; 0            ; 0       ; 0         ; 0    ; 0            ; 0          ; |funcao|multiplicador:mt01|somador16bits:s_l2_1|eightbitsadder:s2|fourbitsadder:addr1|fulladder:addr0|halfadder:halfadder2                            ; halfadder               ; work         ;
;    |multiplicador:mt02|                           ; 103 (34)            ; 0 (0)                     ; 0           ; 0          ; 0            ; 0       ; 0         ; 0    ; 0            ; 0          ; |funcao|multiplicador:mt02                                                                                                                            ; multiplicador           ; work         ;
;       |somador16bits:s_final|                     ; 12 (0)              ; 0 (0)                     ; 0           ; 0          ; 0            ; 0       ; 0         ; 0    ; 0            ; 0          ; |funcao|multiplicador:mt02|somador16bits:s_final                                                                                                      ; somador16bits           ; work         ;
;          |eightbitsadder:s1|                      ; 3 (0)               ; 0 (0)                     ; 0           ; 0          ; 0            ; 0       ; 0         ; 0    ; 0            ; 0          ; |funcao|multiplicador:mt02|somador16bits:s_final|eightbitsadder:s1                                                                                    ; eightbitsadder          ; work         ;
;             |fourbitsadder:addr1|                 ; 3 (0)               ; 0 (0)                     ; 0           ; 0          ; 0            ; 0       ; 0         ; 0    ; 0            ; 0          ; |funcao|multiplicador:mt02|somador16bits:s_final|eightbitsadder:s1|fourbitsadder:addr1                                                                ; fourbitsadder           ; work         ;
;                |fulladder:addr1|                  ; 1 (1)               ; 0 (0)                     ; 0           ; 0          ; 0            ; 0       ; 0         ; 0    ; 0            ; 0          ; |funcao|multiplicador:mt02|somador16bits:s_final|eightbitsadder:s1|fourbitsadder:addr1|fulladder:addr1                                                ; fulladder               ; work         ;
;                |fulladder:addr2|                  ; 1 (1)               ; 0 (0)                     ; 0           ; 0          ; 0            ; 0       ; 0         ; 0    ; 0            ; 0          ; |funcao|multiplicador:mt02|somador16bits:s_final|eightbitsadder:s1|fourbitsadder:addr1|fulladder:addr2                                                ; fulladder               ; work         ;
;                |fulladder:addr3|                  ; 1 (1)               ; 0 (0)                     ; 0           ; 0          ; 0            ; 0       ; 0         ; 0    ; 0            ; 0          ; |funcao|multiplicador:mt02|somador16bits:s_final|eightbitsadder:s1|fourbitsadder:addr1|fulladder:addr3                                                ; fulladder               ; work         ;
;          |eightbitsadder:s2|                      ; 9 (0)               ; 0 (0)                     ; 0           ; 0          ; 0            ; 0       ; 0         ; 0    ; 0            ; 0          ; |funcao|multiplicador:mt02|somador16bits:s_final|eightbitsadder:s2                                                                                    ; eightbitsadder          ; work         ;
;             |fourbitsadder:addr0|                 ; 7 (0)               ; 0 (0)                     ; 0           ; 0          ; 0            ; 0       ; 0         ; 0    ; 0            ; 0          ; |funcao|multiplicador:mt02|somador16bits:s_final|eightbitsadder:s2|fourbitsadder:addr0                                                                ; fourbitsadder           ; work         ;
;                |fulladder:addr0|                  ; 2 (1)               ; 0 (0)                     ; 0           ; 0          ; 0            ; 0       ; 0         ; 0    ; 0            ; 0          ; |funcao|multiplicador:mt02|somador16bits:s_final|eightbitsadder:s2|fourbitsadder:addr0|fulladder:addr0                                                ; fulladder               ; work         ;
;                   |halfadder:halfadder2|          ; 1 (1)               ; 0 (0)                     ; 0           ; 0          ; 0            ; 0       ; 0         ; 0    ; 0            ; 0          ; |funcao|multiplicador:mt02|somador16bits:s_final|eightbitsadder:s2|fourbitsadder:addr0|fulladder:addr0|halfadder:halfadder2                           ; halfadder               ; work         ;
;                |fulladder:addr1|                  ; 2 (1)               ; 0 (0)                     ; 0           ; 0          ; 0            ; 0       ; 0         ; 0    ; 0            ; 0          ; |funcao|multiplicador:mt02|somador16bits:s_final|eightbitsadder:s2|fourbitsadder:addr0|fulladder:addr1                                                ; fulladder               ; work         ;
;                   |halfadder:halfadder2|          ; 1 (1)               ; 0 (0)                     ; 0           ; 0          ; 0            ; 0       ; 0         ; 0    ; 0            ; 0          ; |funcao|multiplicador:mt02|somador16bits:s_final|eightbitsadder:s2|fourbitsadder:addr0|fulladder:addr1|halfadder:halfadder2                           ; halfadder               ; work         ;
;                |fulladder:addr2|                  ; 2 (1)               ; 0 (0)                     ; 0           ; 0          ; 0            ; 0       ; 0         ; 0    ; 0            ; 0          ; |funcao|multiplicador:mt02|somador16bits:s_final|eightbitsadder:s2|fourbitsadder:addr0|fulladder:addr2                                                ; fulladder               ; work         ;
;                   |halfadder:halfadder1|          ; 1 (1)               ; 0 (0)                     ; 0           ; 0          ; 0            ; 0       ; 0         ; 0    ; 0            ; 0          ; |funcao|multiplicador:mt02|somador16bits:s_final|eightbitsadder:s2|fourbitsadder:addr0|fulladder:addr2|halfadder:halfadder1                           ; halfadder               ; work         ;
;                |fulladder:addr3|                  ; 1 (1)               ; 0 (0)                     ; 0           ; 0          ; 0            ; 0       ; 0         ; 0    ; 0            ; 0          ; |funcao|multiplicador:mt02|somador16bits:s_final|eightbitsadder:s2|fourbitsadder:addr0|fulladder:addr3                                                ; fulladder               ; work         ;
;             |fourbitsadder:addr1|                 ; 2 (0)               ; 0 (0)                     ; 0           ; 0          ; 0            ; 0       ; 0         ; 0    ; 0            ; 0          ; |funcao|multiplicador:mt02|somador16bits:s_final|eightbitsadder:s2|fourbitsadder:addr1                                                                ; fourbitsadder           ; work         ;
;                |fulladder:addr0|                  ; 1 (0)               ; 0 (0)                     ; 0           ; 0          ; 0            ; 0       ; 0         ; 0    ; 0            ; 0          ; |funcao|multiplicador:mt02|somador16bits:s_final|eightbitsadder:s2|fourbitsadder:addr1|fulladder:addr0                                                ; fulladder               ; work         ;
;                   |halfadder:halfadder2|          ; 1 (1)               ; 0 (0)                     ; 0           ; 0          ; 0            ; 0       ; 0         ; 0    ; 0            ; 0          ; |funcao|multiplicador:mt02|somador16bits:s_final|eightbitsadder:s2|fourbitsadder:addr1|fulladder:addr0|halfadder:halfadder2                           ; halfadder               ; work         ;
;                |fulladder:addr1|                  ; 1 (0)               ; 0 (0)                     ; 0           ; 0          ; 0            ; 0       ; 0         ; 0    ; 0            ; 0          ; |funcao|multiplicador:mt02|somador16bits:s_final|eightbitsadder:s2|fourbitsadder:addr1|fulladder:addr1                                                ; fulladder               ; work         ;
;                   |halfadder:halfadder2|          ; 1 (1)               ; 0 (0)                     ; 0           ; 0          ; 0            ; 0       ; 0         ; 0    ; 0            ; 0          ; |funcao|multiplicador:mt02|somador16bits:s_final|eightbitsadder:s2|fourbitsadder:addr1|fulladder:addr1|halfadder:halfadder2                           ; halfadder               ; work         ;
;       |somador16bits:s_l1_1|                      ; 6 (0)               ; 0 (0)                     ; 0           ; 0          ; 0            ; 0       ; 0         ; 0    ; 0            ; 0          ; |funcao|multiplicador:mt02|somador16bits:s_l1_1                                                                                                       ; somador16bits           ; work         ;
;          |eightbitsadder:s1|                      ; 5 (0)               ; 0 (0)                     ; 0           ; 0          ; 0            ; 0       ; 0         ; 0    ; 0            ; 0          ; |funcao|multiplicador:mt02|somador16bits:s_l1_1|eightbitsadder:s1                                                                                     ; eightbitsadder          ; work         ;
;             |fourbitsadder:addr0|                 ; 1 (0)               ; 0 (0)                     ; 0           ; 0          ; 0            ; 0       ; 0         ; 0    ; 0            ; 0          ; |funcao|multiplicador:mt02|somador16bits:s_l1_1|eightbitsadder:s1|fourbitsadder:addr0                                                                 ; fourbitsadder           ; work         ;
;                |fulladder:addr3|                  ; 1 (0)               ; 0 (0)                     ; 0           ; 0          ; 0            ; 0       ; 0         ; 0    ; 0            ; 0          ; |funcao|multiplicador:mt02|somador16bits:s_l1_1|eightbitsadder:s1|fourbitsadder:addr0|fulladder:addr3                                                 ; fulladder               ; work         ;
;                   |halfadder:halfadder1|          ; 1 (1)               ; 0 (0)                     ; 0           ; 0          ; 0            ; 0       ; 0         ; 0    ; 0            ; 0          ; |funcao|multiplicador:mt02|somador16bits:s_l1_1|eightbitsadder:s1|fourbitsadder:addr0|fulladder:addr3|halfadder:halfadder1                            ; halfadder               ; work         ;
;             |fourbitsadder:addr1|                 ; 4 (0)               ; 0 (0)                     ; 0           ; 0          ; 0            ; 0       ; 0         ; 0    ; 0            ; 0          ; |funcao|multiplicador:mt02|somador16bits:s_l1_1|eightbitsadder:s1|fourbitsadder:addr1                                                                 ; fourbitsadder           ; work         ;
;                |fulladder:addr1|                  ; 1 (1)               ; 0 (0)                     ; 0           ; 0          ; 0            ; 0       ; 0         ; 0    ; 0            ; 0          ; |funcao|multiplicador:mt02|somador16bits:s_l1_1|eightbitsadder:s1|fourbitsadder:addr1|fulladder:addr1                                                 ; fulladder               ; work         ;
;                |fulladder:addr2|                  ; 2 (1)               ; 0 (0)                     ; 0           ; 0          ; 0            ; 0       ; 0         ; 0    ; 0            ; 0          ; |funcao|multiplicador:mt02|somador16bits:s_l1_1|eightbitsadder:s1|fourbitsadder:addr1|fulladder:addr2                                                 ; fulladder               ; work         ;
;                   |halfadder:halfadder1|          ; 1 (1)               ; 0 (0)                     ; 0           ; 0          ; 0            ; 0       ; 0         ; 0    ; 0            ; 0          ; |funcao|multiplicador:mt02|somador16bits:s_l1_1|eightbitsadder:s1|fourbitsadder:addr1|fulladder:addr2|halfadder:halfadder1                            ; halfadder               ; work         ;
;                |fulladder:addr3|                  ; 1 (1)               ; 0 (0)                     ; 0           ; 0          ; 0            ; 0       ; 0         ; 0    ; 0            ; 0          ; |funcao|multiplicador:mt02|somador16bits:s_l1_1|eightbitsadder:s1|fourbitsadder:addr1|fulladder:addr3                                                 ; fulladder               ; work         ;
;          |eightbitsadder:s2|                      ; 1 (0)               ; 0 (0)                     ; 0           ; 0          ; 0            ; 0       ; 0         ; 0    ; 0            ; 0          ; |funcao|multiplicador:mt02|somador16bits:s_l1_1|eightbitsadder:s2                                                                                     ; eightbitsadder          ; work         ;
;             |fourbitsadder:addr0|                 ; 1 (0)               ; 0 (0)                     ; 0           ; 0          ; 0            ; 0       ; 0         ; 0    ; 0            ; 0          ; |funcao|multiplicador:mt02|somador16bits:s_l1_1|eightbitsadder:s2|fourbitsadder:addr0                                                                 ; fourbitsadder           ; work         ;
;                |fulladder:addr0|                  ; 1 (1)               ; 0 (0)                     ; 0           ; 0          ; 0            ; 0       ; 0         ; 0    ; 0            ; 0          ; |funcao|multiplicador:mt02|somador16bits:s_l1_1|eightbitsadder:s2|fourbitsadder:addr0|fulladder:addr0                                                 ; fulladder               ; work         ;
;       |somador16bits:s_l1_2|                      ; 13 (0)              ; 0 (0)                     ; 0           ; 0          ; 0            ; 0       ; 0         ; 0    ; 0            ; 0          ; |funcao|multiplicador:mt02|somador16bits:s_l1_2                                                                                                       ; somador16bits           ; work         ;
;          |eightbitsadder:s1|                      ; 5 (0)               ; 0 (0)                     ; 0           ; 0          ; 0            ; 0       ; 0         ; 0    ; 0            ; 0          ; |funcao|multiplicador:mt02|somador16bits:s_l1_2|eightbitsadder:s1                                                                                     ; eightbitsadder          ; work         ;
;             |fourbitsadder:addr1|                 ; 5 (0)               ; 0 (0)                     ; 0           ; 0          ; 0            ; 0       ; 0         ; 0    ; 0            ; 0          ; |funcao|multiplicador:mt02|somador16bits:s_l1_2|eightbitsadder:s1|fourbitsadder:addr1                                                                 ; fourbitsadder           ; work         ;
;                |fulladder:addr1|                  ; 1 (0)               ; 0 (0)                     ; 0           ; 0          ; 0            ; 0       ; 0         ; 0    ; 0            ; 0          ; |funcao|multiplicador:mt02|somador16bits:s_l1_2|eightbitsadder:s1|fourbitsadder:addr1|fulladder:addr1                                                 ; fulladder               ; work         ;
;                   |halfadder:halfadder1|          ; 1 (1)               ; 0 (0)                     ; 0           ; 0          ; 0            ; 0       ; 0         ; 0    ; 0            ; 0          ; |funcao|multiplicador:mt02|somador16bits:s_l1_2|eightbitsadder:s1|fourbitsadder:addr1|fulladder:addr1|halfadder:halfadder1                            ; halfadder               ; work         ;
;                |fulladder:addr2|                  ; 2 (1)               ; 0 (0)                     ; 0           ; 0          ; 0            ; 0       ; 0         ; 0    ; 0            ; 0          ; |funcao|multiplicador:mt02|somador16bits:s_l1_2|eightbitsadder:s1|fourbitsadder:addr1|fulladder:addr2                                                 ; fulladder               ; work         ;
;                   |halfadder:halfadder2|          ; 1 (1)               ; 0 (0)                     ; 0           ; 0          ; 0            ; 0       ; 0         ; 0    ; 0            ; 0          ; |funcao|multiplicador:mt02|somador16bits:s_l1_2|eightbitsadder:s1|fourbitsadder:addr1|fulladder:addr2|halfadder:halfadder2                            ; halfadder               ; work         ;
;                |fulladder:addr3|                  ; 2 (1)               ; 0 (0)                     ; 0           ; 0          ; 0            ; 0       ; 0         ; 0    ; 0            ; 0          ; |funcao|multiplicador:mt02|somador16bits:s_l1_2|eightbitsadder:s1|fourbitsadder:addr1|fulladder:addr3                                                 ; fulladder               ; work         ;
;                   |halfadder:halfadder2|          ; 1 (1)               ; 0 (0)                     ; 0           ; 0          ; 0            ; 0       ; 0         ; 0    ; 0            ; 0          ; |funcao|multiplicador:mt02|somador16bits:s_l1_2|eightbitsadder:s1|fourbitsadder:addr1|fulladder:addr3|halfadder:halfadder2                            ; halfadder               ; work         ;
;          |eightbitsadder:s2|                      ; 8 (0)               ; 0 (0)                     ; 0           ; 0          ; 0            ; 0       ; 0         ; 0    ; 0            ; 0          ; |funcao|multiplicador:mt02|somador16bits:s_l1_2|eightbitsadder:s2                                                                                     ; eightbitsadder          ; work         ;
;             |fourbitsadder:addr0|                 ; 8 (0)               ; 0 (0)                     ; 0           ; 0          ; 0            ; 0       ; 0         ; 0    ; 0            ; 0          ; |funcao|multiplicador:mt02|somador16bits:s_l1_2|eightbitsadder:s2|fourbitsadder:addr0                                                                 ; fourbitsadder           ; work         ;
;                |fulladder:addr0|                  ; 2 (1)               ; 0 (0)                     ; 0           ; 0          ; 0            ; 0       ; 0         ; 0    ; 0            ; 0          ; |funcao|multiplicador:mt02|somador16bits:s_l1_2|eightbitsadder:s2|fourbitsadder:addr0|fulladder:addr0                                                 ; fulladder               ; work         ;
;                   |halfadder:halfadder2|          ; 1 (1)               ; 0 (0)                     ; 0           ; 0          ; 0            ; 0       ; 0         ; 0    ; 0            ; 0          ; |funcao|multiplicador:mt02|somador16bits:s_l1_2|eightbitsadder:s2|fourbitsadder:addr0|fulladder:addr0|halfadder:halfadder2                            ; halfadder               ; work         ;
;                |fulladder:addr1|                  ; 2 (1)               ; 0 (0)                     ; 0           ; 0          ; 0            ; 0       ; 0         ; 0    ; 0            ; 0          ; |funcao|multiplicador:mt02|somador16bits:s_l1_2|eightbitsadder:s2|fourbitsadder:addr0|fulladder:addr1                                                 ; fulladder               ; work         ;
;                   |halfadder:halfadder2|          ; 1 (1)               ; 0 (0)                     ; 0           ; 0          ; 0            ; 0       ; 0         ; 0    ; 0            ; 0          ; |funcao|multiplicador:mt02|somador16bits:s_l1_2|eightbitsadder:s2|fourbitsadder:addr0|fulladder:addr1|halfadder:halfadder2                            ; halfadder               ; work         ;
;                |fulladder:addr2|                  ; 2 (1)               ; 0 (0)                     ; 0           ; 0          ; 0            ; 0       ; 0         ; 0    ; 0            ; 0          ; |funcao|multiplicador:mt02|somador16bits:s_l1_2|eightbitsadder:s2|fourbitsadder:addr0|fulladder:addr2                                                 ; fulladder               ; work         ;
;                   |halfadder:halfadder2|          ; 1 (1)               ; 0 (0)                     ; 0           ; 0          ; 0            ; 0       ; 0         ; 0    ; 0            ; 0          ; |funcao|multiplicador:mt02|somador16bits:s_l1_2|eightbitsadder:s2|fourbitsadder:addr0|fulladder:addr2|halfadder:halfadder2                            ; halfadder               ; work         ;
;                |fulladder:addr3|                  ; 2 (0)               ; 0 (0)                     ; 0           ; 0          ; 0            ; 0       ; 0         ; 0    ; 0            ; 0          ; |funcao|multiplicador:mt02|somador16bits:s_l1_2|eightbitsadder:s2|fourbitsadder:addr0|fulladder:addr3                                                 ; fulladder               ; work         ;
;                   |halfadder:halfadder2|          ; 2 (2)               ; 0 (0)                     ; 0           ; 0          ; 0            ; 0       ; 0         ; 0    ; 0            ; 0          ; |funcao|multiplicador:mt02|somador16bits:s_l1_2|eightbitsadder:s2|fourbitsadder:addr0|fulladder:addr3|halfadder:halfadder2                            ; halfadder               ; work         ;
;       |somador16bits:s_l1_3|                      ; 12 (0)              ; 0 (0)                     ; 0           ; 0          ; 0            ; 0       ; 0         ; 0    ; 0            ; 0          ; |funcao|multiplicador:mt02|somador16bits:s_l1_3                                                                                                       ; somador16bits           ; work         ;
;          |eightbitsadder:s1|                      ; 2 (0)               ; 0 (0)                     ; 0           ; 0          ; 0            ; 0       ; 0         ; 0    ; 0            ; 0          ; |funcao|multiplicador:mt02|somador16bits:s_l1_3|eightbitsadder:s1                                                                                     ; eightbitsadder          ; work         ;
;             |fourbitsadder:addr1|                 ; 2 (0)               ; 0 (0)                     ; 0           ; 0          ; 0            ; 0       ; 0         ; 0    ; 0            ; 0          ; |funcao|multiplicador:mt02|somador16bits:s_l1_3|eightbitsadder:s1|fourbitsadder:addr1                                                                 ; fourbitsadder           ; work         ;
;                |fulladder:addr3|                  ; 2 (0)               ; 0 (0)                     ; 0           ; 0          ; 0            ; 0       ; 0         ; 0    ; 0            ; 0          ; |funcao|multiplicador:mt02|somador16bits:s_l1_3|eightbitsadder:s1|fourbitsadder:addr1|fulladder:addr3                                                 ; fulladder               ; work         ;
;                   |halfadder:halfadder1|          ; 2 (2)               ; 0 (0)                     ; 0           ; 0          ; 0            ; 0       ; 0         ; 0    ; 0            ; 0          ; |funcao|multiplicador:mt02|somador16bits:s_l1_3|eightbitsadder:s1|fourbitsadder:addr1|fulladder:addr3|halfadder:halfadder1                            ; halfadder               ; work         ;
;          |eightbitsadder:s2|                      ; 10 (0)              ; 0 (0)                     ; 0           ; 0          ; 0            ; 0       ; 0         ; 0    ; 0            ; 0          ; |funcao|multiplicador:mt02|somador16bits:s_l1_3|eightbitsadder:s2                                                                                     ; eightbitsadder          ; work         ;
;             |fourbitsadder:addr0|                 ; 8 (0)               ; 0 (0)                     ; 0           ; 0          ; 0            ; 0       ; 0         ; 0    ; 0            ; 0          ; |funcao|multiplicador:mt02|somador16bits:s_l1_3|eightbitsadder:s2|fourbitsadder:addr0                                                                 ; fourbitsadder           ; work         ;
;                |fulladder:addr0|                  ; 2 (1)               ; 0 (0)                     ; 0           ; 0          ; 0            ; 0       ; 0         ; 0    ; 0            ; 0          ; |funcao|multiplicador:mt02|somador16bits:s_l1_3|eightbitsadder:s2|fourbitsadder:addr0|fulladder:addr0                                                 ; fulladder               ; work         ;
;                   |halfadder:halfadder1|          ; 1 (1)               ; 0 (0)                     ; 0           ; 0          ; 0            ; 0       ; 0         ; 0    ; 0            ; 0          ; |funcao|multiplicador:mt02|somador16bits:s_l1_3|eightbitsadder:s2|fourbitsadder:addr0|fulladder:addr0|halfadder:halfadder1                            ; halfadder               ; work         ;
;                |fulladder:addr1|                  ; 2 (1)               ; 0 (0)                     ; 0           ; 0          ; 0            ; 0       ; 0         ; 0    ; 0            ; 0          ; |funcao|multiplicador:mt02|somador16bits:s_l1_3|eightbitsadder:s2|fourbitsadder:addr0|fulladder:addr1                                                 ; fulladder               ; work         ;
;                   |halfadder:halfadder1|          ; 1 (1)               ; 0 (0)                     ; 0           ; 0          ; 0            ; 0       ; 0         ; 0    ; 0            ; 0          ; |funcao|multiplicador:mt02|somador16bits:s_l1_3|eightbitsadder:s2|fourbitsadder:addr0|fulladder:addr1|halfadder:halfadder1                            ; halfadder               ; work         ;
;                |fulladder:addr2|                  ; 2 (1)               ; 0 (0)                     ; 0           ; 0          ; 0            ; 0       ; 0         ; 0    ; 0            ; 0          ; |funcao|multiplicador:mt02|somador16bits:s_l1_3|eightbitsadder:s2|fourbitsadder:addr0|fulladder:addr2                                                 ; fulladder               ; work         ;
;                   |halfadder:halfadder1|          ; 1 (1)               ; 0 (0)                     ; 0           ; 0          ; 0            ; 0       ; 0         ; 0    ; 0            ; 0          ; |funcao|multiplicador:mt02|somador16bits:s_l1_3|eightbitsadder:s2|fourbitsadder:addr0|fulladder:addr2|halfadder:halfadder1                            ; halfadder               ; work         ;
;                |fulladder:addr3|                  ; 2 (1)               ; 0 (0)                     ; 0           ; 0          ; 0            ; 0       ; 0         ; 0    ; 0            ; 0          ; |funcao|multiplicador:mt02|somador16bits:s_l1_3|eightbitsadder:s2|fourbitsadder:addr0|fulladder:addr3                                                 ; fulladder               ; work         ;
;                   |halfadder:halfadder1|          ; 1 (1)               ; 0 (0)                     ; 0           ; 0          ; 0            ; 0       ; 0         ; 0    ; 0            ; 0          ; |funcao|multiplicador:mt02|somador16bits:s_l1_3|eightbitsadder:s2|fourbitsadder:addr0|fulladder:addr3|halfadder:halfadder1                            ; halfadder               ; work         ;
;             |fourbitsadder:addr1|                 ; 2 (0)               ; 0 (0)                     ; 0           ; 0          ; 0            ; 0       ; 0         ; 0    ; 0            ; 0          ; |funcao|multiplicador:mt02|somador16bits:s_l1_3|eightbitsadder:s2|fourbitsadder:addr1                                                                 ; fourbitsadder           ; work         ;
;                |fulladder:addr0|                  ; 2 (1)               ; 0 (0)                     ; 0           ; 0          ; 0            ; 0       ; 0         ; 0    ; 0            ; 0          ; |funcao|multiplicador:mt02|somador16bits:s_l1_3|eightbitsadder:s2|fourbitsadder:addr1|fulladder:addr0                                                 ; fulladder               ; work         ;
;                   |halfadder:halfadder1|          ; 1 (1)               ; 0 (0)                     ; 0           ; 0          ; 0            ; 0       ; 0         ; 0    ; 0            ; 0          ; |funcao|multiplicador:mt02|somador16bits:s_l1_3|eightbitsadder:s2|fourbitsadder:addr1|fulladder:addr0|halfadder:halfadder1                            ; halfadder               ; work         ;
;       |somador16bits:s_l2_0|                      ; 13 (0)              ; 0 (0)                     ; 0           ; 0          ; 0            ; 0       ; 0         ; 0    ; 0            ; 0          ; |funcao|multiplicador:mt02|somador16bits:s_l2_0                                                                                                       ; somador16bits           ; work         ;
;          |eightbitsadder:s1|                      ; 9 (0)               ; 0 (0)                     ; 0           ; 0          ; 0            ; 0       ; 0         ; 0    ; 0            ; 0          ; |funcao|multiplicador:mt02|somador16bits:s_l2_0|eightbitsadder:s1                                                                                     ; eightbitsadder          ; work         ;
;             |fourbitsadder:addr0|                 ; 1 (0)               ; 0 (0)                     ; 0           ; 0          ; 0            ; 0       ; 0         ; 0    ; 0            ; 0          ; |funcao|multiplicador:mt02|somador16bits:s_l2_0|eightbitsadder:s1|fourbitsadder:addr0                                                                 ; fourbitsadder           ; work         ;
;                |fulladder:addr3|                  ; 1 (1)               ; 0 (0)                     ; 0           ; 0          ; 0            ; 0       ; 0         ; 0    ; 0            ; 0          ; |funcao|multiplicador:mt02|somador16bits:s_l2_0|eightbitsadder:s1|fourbitsadder:addr0|fulladder:addr3                                                 ; fulladder               ; work         ;
;             |fourbitsadder:addr1|                 ; 8 (0)               ; 0 (0)                     ; 0           ; 0          ; 0            ; 0       ; 0         ; 0    ; 0            ; 0          ; |funcao|multiplicador:mt02|somador16bits:s_l2_0|eightbitsadder:s1|fourbitsadder:addr1                                                                 ; fourbitsadder           ; work         ;
;                |fulladder:addr0|                  ; 2 (1)               ; 0 (0)                     ; 0           ; 0          ; 0            ; 0       ; 0         ; 0    ; 0            ; 0          ; |funcao|multiplicador:mt02|somador16bits:s_l2_0|eightbitsadder:s1|fourbitsadder:addr1|fulladder:addr0                                                 ; fulladder               ; work         ;
;                   |halfadder:halfadder2|          ; 1 (1)               ; 0 (0)                     ; 0           ; 0          ; 0            ; 0       ; 0         ; 0    ; 0            ; 0          ; |funcao|multiplicador:mt02|somador16bits:s_l2_0|eightbitsadder:s1|fourbitsadder:addr1|fulladder:addr0|halfadder:halfadder2                            ; halfadder               ; work         ;
;                |fulladder:addr1|                  ; 2 (1)               ; 0 (0)                     ; 0           ; 0          ; 0            ; 0       ; 0         ; 0    ; 0            ; 0          ; |funcao|multiplicador:mt02|somador16bits:s_l2_0|eightbitsadder:s1|fourbitsadder:addr1|fulladder:addr1                                                 ; fulladder               ; work         ;
;                   |halfadder:halfadder2|          ; 1 (1)               ; 0 (0)                     ; 0           ; 0          ; 0            ; 0       ; 0         ; 0    ; 0            ; 0          ; |funcao|multiplicador:mt02|somador16bits:s_l2_0|eightbitsadder:s1|fourbitsadder:addr1|fulladder:addr1|halfadder:halfadder2                            ; halfadder               ; work         ;
;                |fulladder:addr2|                  ; 2 (1)               ; 0 (0)                     ; 0           ; 0          ; 0            ; 0       ; 0         ; 0    ; 0            ; 0          ; |funcao|multiplicador:mt02|somador16bits:s_l2_0|eightbitsadder:s1|fourbitsadder:addr1|fulladder:addr2                                                 ; fulladder               ; work         ;
;                   |halfadder:halfadder2|          ; 1 (1)               ; 0 (0)                     ; 0           ; 0          ; 0            ; 0       ; 0         ; 0    ; 0            ; 0          ; |funcao|multiplicador:mt02|somador16bits:s_l2_0|eightbitsadder:s1|fourbitsadder:addr1|fulladder:addr2|halfadder:halfadder2                            ; halfadder               ; work         ;
;                |fulladder:addr3|                  ; 2 (1)               ; 0 (0)                     ; 0           ; 0          ; 0            ; 0       ; 0         ; 0    ; 0            ; 0          ; |funcao|multiplicador:mt02|somador16bits:s_l2_0|eightbitsadder:s1|fourbitsadder:addr1|fulladder:addr3                                                 ; fulladder               ; work         ;
;                   |halfadder:halfadder2|          ; 1 (1)               ; 0 (0)                     ; 0           ; 0          ; 0            ; 0       ; 0         ; 0    ; 0            ; 0          ; |funcao|multiplicador:mt02|somador16bits:s_l2_0|eightbitsadder:s1|fourbitsadder:addr1|fulladder:addr3|halfadder:halfadder2                            ; halfadder               ; work         ;
;          |eightbitsadder:s2|                      ; 4 (0)               ; 0 (0)                     ; 0           ; 0          ; 0            ; 0       ; 0         ; 0    ; 0            ; 0          ; |funcao|multiplicador:mt02|somador16bits:s_l2_0|eightbitsadder:s2                                                                                     ; eightbitsadder          ; work         ;
;             |fourbitsadder:addr0|                 ; 4 (0)               ; 0 (0)                     ; 0           ; 0          ; 0            ; 0       ; 0         ; 0    ; 0            ; 0          ; |funcao|multiplicador:mt02|somador16bits:s_l2_0|eightbitsadder:s2|fourbitsadder:addr0                                                                 ; fourbitsadder           ; work         ;
;                |fulladder:addr0|                  ; 2 (1)               ; 0 (0)                     ; 0           ; 0          ; 0            ; 0       ; 0         ; 0    ; 0            ; 0          ; |funcao|multiplicador:mt02|somador16bits:s_l2_0|eightbitsadder:s2|fourbitsadder:addr0|fulladder:addr0                                                 ; fulladder               ; work         ;
;                   |halfadder:halfadder2|          ; 1 (1)               ; 0 (0)                     ; 0           ; 0          ; 0            ; 0       ; 0         ; 0    ; 0            ; 0          ; |funcao|multiplicador:mt02|somador16bits:s_l2_0|eightbitsadder:s2|fourbitsadder:addr0|fulladder:addr0|halfadder:halfadder2                            ; halfadder               ; work         ;
;                |fulladder:addr1|                  ; 1 (0)               ; 0 (0)                     ; 0           ; 0          ; 0            ; 0       ; 0         ; 0    ; 0            ; 0          ; |funcao|multiplicador:mt02|somador16bits:s_l2_0|eightbitsadder:s2|fourbitsadder:addr0|fulladder:addr1                                                 ; fulladder               ; work         ;
;                   |halfadder:halfadder2|          ; 1 (1)               ; 0 (0)                     ; 0           ; 0          ; 0            ; 0       ; 0         ; 0    ; 0            ; 0          ; |funcao|multiplicador:mt02|somador16bits:s_l2_0|eightbitsadder:s2|fourbitsadder:addr0|fulladder:addr1|halfadder:halfadder2                            ; halfadder               ; work         ;
;                |fulladder:addr2|                  ; 1 (0)               ; 0 (0)                     ; 0           ; 0          ; 0            ; 0       ; 0         ; 0    ; 0            ; 0          ; |funcao|multiplicador:mt02|somador16bits:s_l2_0|eightbitsadder:s2|fourbitsadder:addr0|fulladder:addr2                                                 ; fulladder               ; work         ;
;                   |halfadder:halfadder2|          ; 1 (1)               ; 0 (0)                     ; 0           ; 0          ; 0            ; 0       ; 0         ; 0    ; 0            ; 0          ; |funcao|multiplicador:mt02|somador16bits:s_l2_0|eightbitsadder:s2|fourbitsadder:addr0|fulladder:addr2|halfadder:halfadder2                            ; halfadder               ; work         ;
;       |somador16bits:s_l2_1|                      ; 13 (0)              ; 0 (0)                     ; 0           ; 0          ; 0            ; 0       ; 0         ; 0    ; 0            ; 0          ; |funcao|multiplicador:mt02|somador16bits:s_l2_1                                                                                                       ; somador16bits           ; work         ;
;          |eightbitsadder:s1|                      ; 3 (0)               ; 0 (0)                     ; 0           ; 0          ; 0            ; 0       ; 0         ; 0    ; 0            ; 0          ; |funcao|multiplicador:mt02|somador16bits:s_l2_1|eightbitsadder:s1                                                                                     ; eightbitsadder          ; work         ;
;             |fourbitsadder:addr1|                 ; 3 (0)               ; 0 (0)                     ; 0           ; 0          ; 0            ; 0       ; 0         ; 0    ; 0            ; 0          ; |funcao|multiplicador:mt02|somador16bits:s_l2_1|eightbitsadder:s1|fourbitsadder:addr1                                                                 ; fourbitsadder           ; work         ;
;                |fulladder:addr2|                  ; 1 (0)               ; 0 (0)                     ; 0           ; 0          ; 0            ; 0       ; 0         ; 0    ; 0            ; 0          ; |funcao|multiplicador:mt02|somador16bits:s_l2_1|eightbitsadder:s1|fourbitsadder:addr1|fulladder:addr2                                                 ; fulladder               ; work         ;
;                   |halfadder:halfadder1|          ; 1 (1)               ; 0 (0)                     ; 0           ; 0          ; 0            ; 0       ; 0         ; 0    ; 0            ; 0          ; |funcao|multiplicador:mt02|somador16bits:s_l2_1|eightbitsadder:s1|fourbitsadder:addr1|fulladder:addr2|halfadder:halfadder1                            ; halfadder               ; work         ;
;                |fulladder:addr3|                  ; 2 (1)               ; 0 (0)                     ; 0           ; 0          ; 0            ; 0       ; 0         ; 0    ; 0            ; 0          ; |funcao|multiplicador:mt02|somador16bits:s_l2_1|eightbitsadder:s1|fourbitsadder:addr1|fulladder:addr3                                                 ; fulladder               ; work         ;
;                   |halfadder:halfadder1|          ; 1 (1)               ; 0 (0)                     ; 0           ; 0          ; 0            ; 0       ; 0         ; 0    ; 0            ; 0          ; |funcao|multiplicador:mt02|somador16bits:s_l2_1|eightbitsadder:s1|fourbitsadder:addr1|fulladder:addr3|halfadder:halfadder1                            ; halfadder               ; work         ;
;          |eightbitsadder:s2|                      ; 10 (0)              ; 0 (0)                     ; 0           ; 0          ; 0            ; 0       ; 0         ; 0    ; 0            ; 0          ; |funcao|multiplicador:mt02|somador16bits:s_l2_1|eightbitsadder:s2                                                                                     ; eightbitsadder          ; work         ;
;             |fourbitsadder:addr0|                 ; 7 (0)               ; 0 (0)                     ; 0           ; 0          ; 0            ; 0       ; 0         ; 0    ; 0            ; 0          ; |funcao|multiplicador:mt02|somador16bits:s_l2_1|eightbitsadder:s2|fourbitsadder:addr0                                                                 ; fourbitsadder           ; work         ;
;                |fulladder:addr0|                  ; 2 (1)               ; 0 (0)                     ; 0           ; 0          ; 0            ; 0       ; 0         ; 0    ; 0            ; 0          ; |funcao|multiplicador:mt02|somador16bits:s_l2_1|eightbitsadder:s2|fourbitsadder:addr0|fulladder:addr0                                                 ; fulladder               ; work         ;
;                   |halfadder:halfadder1|          ; 1 (1)               ; 0 (0)                     ; 0           ; 0          ; 0            ; 0       ; 0         ; 0    ; 0            ; 0          ; |funcao|multiplicador:mt02|somador16bits:s_l2_1|eightbitsadder:s2|fourbitsadder:addr0|fulladder:addr0|halfadder:halfadder1                            ; halfadder               ; work         ;
;                |fulladder:addr1|                  ; 2 (1)               ; 0 (0)                     ; 0           ; 0          ; 0            ; 0       ; 0         ; 0    ; 0            ; 0          ; |funcao|multiplicador:mt02|somador16bits:s_l2_1|eightbitsadder:s2|fourbitsadder:addr0|fulladder:addr1                                                 ; fulladder               ; work         ;
;                   |halfadder:halfadder1|          ; 1 (1)               ; 0 (0)                     ; 0           ; 0          ; 0            ; 0       ; 0         ; 0    ; 0            ; 0          ; |funcao|multiplicador:mt02|somador16bits:s_l2_1|eightbitsadder:s2|fourbitsadder:addr0|fulladder:addr1|halfadder:halfadder1                            ; halfadder               ; work         ;
;                |fulladder:addr2|                  ; 2 (1)               ; 0 (0)                     ; 0           ; 0          ; 0            ; 0       ; 0         ; 0    ; 0            ; 0          ; |funcao|multiplicador:mt02|somador16bits:s_l2_1|eightbitsadder:s2|fourbitsadder:addr0|fulladder:addr2                                                 ; fulladder               ; work         ;
;                   |halfadder:halfadder1|          ; 1 (1)               ; 0 (0)                     ; 0           ; 0          ; 0            ; 0       ; 0         ; 0    ; 0            ; 0          ; |funcao|multiplicador:mt02|somador16bits:s_l2_1|eightbitsadder:s2|fourbitsadder:addr0|fulladder:addr2|halfadder:halfadder1                            ; halfadder               ; work         ;
;                |fulladder:addr3|                  ; 1 (1)               ; 0 (0)                     ; 0           ; 0          ; 0            ; 0       ; 0         ; 0    ; 0            ; 0          ; |funcao|multiplicador:mt02|somador16bits:s_l2_1|eightbitsadder:s2|fourbitsadder:addr0|fulladder:addr3                                                 ; fulladder               ; work         ;
;             |fourbitsadder:addr1|                 ; 3 (0)               ; 0 (0)                     ; 0           ; 0          ; 0            ; 0       ; 0         ; 0    ; 0            ; 0          ; |funcao|multiplicador:mt02|somador16bits:s_l2_1|eightbitsadder:s2|fourbitsadder:addr1                                                                 ; fourbitsadder           ; work         ;
;                |fulladder:addr0|                  ; 2 (1)               ; 0 (0)                     ; 0           ; 0          ; 0            ; 0       ; 0         ; 0    ; 0            ; 0          ; |funcao|multiplicador:mt02|somador16bits:s_l2_1|eightbitsadder:s2|fourbitsadder:addr1|fulladder:addr0                                                 ; fulladder               ; work         ;
;                   |halfadder:halfadder2|          ; 1 (1)               ; 0 (0)                     ; 0           ; 0          ; 0            ; 0       ; 0         ; 0    ; 0            ; 0          ; |funcao|multiplicador:mt02|somador16bits:s_l2_1|eightbitsadder:s2|fourbitsadder:addr1|fulladder:addr0|halfadder:halfadder2                            ; halfadder               ; work         ;
;                |fulladder:addr2|                  ; 1 (0)               ; 0 (0)                     ; 0           ; 0          ; 0            ; 0       ; 0         ; 0    ; 0            ; 0          ; |funcao|multiplicador:mt02|somador16bits:s_l2_1|eightbitsadder:s2|fourbitsadder:addr1|fulladder:addr2                                                 ; fulladder               ; work         ;
;                   |halfadder:halfadder2|          ; 1 (1)               ; 0 (0)                     ; 0           ; 0          ; 0            ; 0       ; 0         ; 0    ; 0            ; 0          ; |funcao|multiplicador:mt02|somador16bits:s_l2_1|eightbitsadder:s2|fourbitsadder:addr1|fulladder:addr2|halfadder:halfadder2                            ; halfadder               ; work         ;
;    |somador16bits:s_p2_baixa|                     ; 15 (0)              ; 0 (0)                     ; 0           ; 0          ; 0            ; 0       ; 0         ; 0    ; 0            ; 0          ; |funcao|somador16bits:s_p2_baixa                                                                                                                      ; somador16bits           ; work         ;
;       |eightbitsadder:s1|                         ; 7 (0)               ; 0 (0)                     ; 0           ; 0          ; 0            ; 0       ; 0         ; 0    ; 0            ; 0          ; |funcao|somador16bits:s_p2_baixa|eightbitsadder:s1                                                                                                    ; eightbitsadder          ; work         ;
;          |fourbitsadder:addr0|                    ; 3 (0)               ; 0 (0)                     ; 0           ; 0          ; 0            ; 0       ; 0         ; 0    ; 0            ; 0          ; |funcao|somador16bits:s_p2_baixa|eightbitsadder:s1|fourbitsadder:addr0                                                                                ; fourbitsadder           ; work         ;
;             |fulladder:addr1|                     ; 1 (1)               ; 0 (0)                     ; 0           ; 0          ; 0            ; 0       ; 0         ; 0    ; 0            ; 0          ; |funcao|somador16bits:s_p2_baixa|eightbitsadder:s1|fourbitsadder:addr0|fulladder:addr1                                                                ; fulladder               ; work         ;
;             |fulladder:addr2|                     ; 1 (1)               ; 0 (0)                     ; 0           ; 0          ; 0            ; 0       ; 0         ; 0    ; 0            ; 0          ; |funcao|somador16bits:s_p2_baixa|eightbitsadder:s1|fourbitsadder:addr0|fulladder:addr2                                                                ; fulladder               ; work         ;
;             |fulladder:addr3|                     ; 1 (1)               ; 0 (0)                     ; 0           ; 0          ; 0            ; 0       ; 0         ; 0    ; 0            ; 0          ; |funcao|somador16bits:s_p2_baixa|eightbitsadder:s1|fourbitsadder:addr0|fulladder:addr3                                                                ; fulladder               ; work         ;
;          |fourbitsadder:addr1|                    ; 4 (0)               ; 0 (0)                     ; 0           ; 0          ; 0            ; 0       ; 0         ; 0    ; 0            ; 0          ; |funcao|somador16bits:s_p2_baixa|eightbitsadder:s1|fourbitsadder:addr1                                                                                ; fourbitsadder           ; work         ;
;             |fulladder:addr0|                     ; 1 (1)               ; 0 (0)                     ; 0           ; 0          ; 0            ; 0       ; 0         ; 0    ; 0            ; 0          ; |funcao|somador16bits:s_p2_baixa|eightbitsadder:s1|fourbitsadder:addr1|fulladder:addr0                                                                ; fulladder               ; work         ;
;             |fulladder:addr1|                     ; 1 (1)               ; 0 (0)                     ; 0           ; 0          ; 0            ; 0       ; 0         ; 0    ; 0            ; 0          ; |funcao|somador16bits:s_p2_baixa|eightbitsadder:s1|fourbitsadder:addr1|fulladder:addr1                                                                ; fulladder               ; work         ;
;             |fulladder:addr2|                     ; 1 (1)               ; 0 (0)                     ; 0           ; 0          ; 0            ; 0       ; 0         ; 0    ; 0            ; 0          ; |funcao|somador16bits:s_p2_baixa|eightbitsadder:s1|fourbitsadder:addr1|fulladder:addr2                                                                ; fulladder               ; work         ;
;             |fulladder:addr3|                     ; 1 (1)               ; 0 (0)                     ; 0           ; 0          ; 0            ; 0       ; 0         ; 0    ; 0            ; 0          ; |funcao|somador16bits:s_p2_baixa|eightbitsadder:s1|fourbitsadder:addr1|fulladder:addr3                                                                ; fulladder               ; work         ;
;       |eightbitsadder:s2|                         ; 8 (0)               ; 0 (0)                     ; 0           ; 0          ; 0            ; 0       ; 0         ; 0    ; 0            ; 0          ; |funcao|somador16bits:s_p2_baixa|eightbitsadder:s2                                                                                                    ; eightbitsadder          ; work         ;
;          |fourbitsadder:addr0|                    ; 4 (0)               ; 0 (0)                     ; 0           ; 0          ; 0            ; 0       ; 0         ; 0    ; 0            ; 0          ; |funcao|somador16bits:s_p2_baixa|eightbitsadder:s2|fourbitsadder:addr0                                                                                ; fourbitsadder           ; work         ;
;             |fulladder:addr0|                     ; 1 (1)               ; 0 (0)                     ; 0           ; 0          ; 0            ; 0       ; 0         ; 0    ; 0            ; 0          ; |funcao|somador16bits:s_p2_baixa|eightbitsadder:s2|fourbitsadder:addr0|fulladder:addr0                                                                ; fulladder               ; work         ;
;             |fulladder:addr1|                     ; 1 (1)               ; 0 (0)                     ; 0           ; 0          ; 0            ; 0       ; 0         ; 0    ; 0            ; 0          ; |funcao|somador16bits:s_p2_baixa|eightbitsadder:s2|fourbitsadder:addr0|fulladder:addr1                                                                ; fulladder               ; work         ;
;             |fulladder:addr2|                     ; 1 (1)               ; 0 (0)                     ; 0           ; 0          ; 0            ; 0       ; 0         ; 0    ; 0            ; 0          ; |funcao|somador16bits:s_p2_baixa|eightbitsadder:s2|fourbitsadder:addr0|fulladder:addr2                                                                ; fulladder               ; work         ;
;             |fulladder:addr3|                     ; 1 (1)               ; 0 (0)                     ; 0           ; 0          ; 0            ; 0       ; 0         ; 0    ; 0            ; 0          ; |funcao|somador16bits:s_p2_baixa|eightbitsadder:s2|fourbitsadder:addr0|fulladder:addr3                                                                ; fulladder               ; work         ;
;          |fourbitsadder:addr1|                    ; 4 (0)               ; 0 (0)                     ; 0           ; 0          ; 0            ; 0       ; 0         ; 0    ; 0            ; 0          ; |funcao|somador16bits:s_p2_baixa|eightbitsadder:s2|fourbitsadder:addr1                                                                                ; fourbitsadder           ; work         ;
;             |fulladder:addr0|                     ; 1 (1)               ; 0 (0)                     ; 0           ; 0          ; 0            ; 0       ; 0         ; 0    ; 0            ; 0          ; |funcao|somador16bits:s_p2_baixa|eightbitsadder:s2|fourbitsadder:addr1|fulladder:addr0                                                                ; fulladder               ; work         ;
;             |fulladder:addr1|                     ; 1 (1)               ; 0 (0)                     ; 0           ; 0          ; 0            ; 0       ; 0         ; 0    ; 0            ; 0          ; |funcao|somador16bits:s_p2_baixa|eightbitsadder:s2|fourbitsadder:addr1|fulladder:addr1                                                                ; fulladder               ; work         ;
;             |fulladder:addr2|                     ; 1 (1)               ; 0 (0)                     ; 0           ; 0          ; 0            ; 0       ; 0         ; 0    ; 0            ; 0          ; |funcao|somador16bits:s_p2_baixa|eightbitsadder:s2|fourbitsadder:addr1|fulladder:addr2                                                                ; fulladder               ; work         ;
;             |fulladder:addr3|                     ; 1 (1)               ; 0 (0)                     ; 0           ; 0          ; 0            ; 0       ; 0         ; 0    ; 0            ; 0          ; |funcao|somador16bits:s_p2_baixa|eightbitsadder:s2|fourbitsadder:addr1|fulladder:addr3                                                                ; fulladder               ; work         ;
;    |somador16bits:soma1|                          ; 46 (0)              ; 0 (0)                     ; 0           ; 0          ; 0            ; 0       ; 0         ; 0    ; 0            ; 0          ; |funcao|somador16bits:soma1                                                                                                                           ; somador16bits           ; work         ;
;       |eightbitsadder:s1|                         ; 23 (0)              ; 0 (0)                     ; 0           ; 0          ; 0            ; 0       ; 0         ; 0    ; 0            ; 0          ; |funcao|somador16bits:soma1|eightbitsadder:s1                                                                                                         ; eightbitsadder          ; work         ;
;          |fourbitsadder:addr0|                    ; 12 (0)              ; 0 (0)                     ; 0           ; 0          ; 0            ; 0       ; 0         ; 0    ; 0            ; 0          ; |funcao|somador16bits:soma1|eightbitsadder:s1|fourbitsadder:addr0                                                                                     ; fourbitsadder           ; work         ;
;             |fulladder:addr1|                     ; 4 (1)               ; 0 (0)                     ; 0           ; 0          ; 0            ; 0       ; 0         ; 0    ; 0            ; 0          ; |funcao|somador16bits:soma1|eightbitsadder:s1|fourbitsadder:addr0|fulladder:addr1                                                                     ; fulladder               ; work         ;
;                |halfadder:halfadder2|             ; 3 (3)               ; 0 (0)                     ; 0           ; 0          ; 0            ; 0       ; 0         ; 0    ; 0            ; 0          ; |funcao|somador16bits:soma1|eightbitsadder:s1|fourbitsadder:addr0|fulladder:addr1|halfadder:halfadder2                                                ; halfadder               ; work         ;
;             |fulladder:addr2|                     ; 4 (1)               ; 0 (0)                     ; 0           ; 0          ; 0            ; 0       ; 0         ; 0    ; 0            ; 0          ; |funcao|somador16bits:soma1|eightbitsadder:s1|fourbitsadder:addr0|fulladder:addr2                                                                     ; fulladder               ; work         ;
;                |halfadder:halfadder1|             ; 3 (3)               ; 0 (0)                     ; 0           ; 0          ; 0            ; 0       ; 0         ; 0    ; 0            ; 0          ; |funcao|somador16bits:soma1|eightbitsadder:s1|fourbitsadder:addr0|fulladder:addr2|halfadder:halfadder1                                                ; halfadder               ; work         ;
;             |fulladder:addr3|                     ; 4 (1)               ; 0 (0)                     ; 0           ; 0          ; 0            ; 0       ; 0         ; 0    ; 0            ; 0          ; |funcao|somador16bits:soma1|eightbitsadder:s1|fourbitsadder:addr0|fulladder:addr3                                                                     ; fulladder               ; work         ;
;                |halfadder:halfadder1|             ; 3 (3)               ; 0 (0)                     ; 0           ; 0          ; 0            ; 0       ; 0         ; 0    ; 0            ; 0          ; |funcao|somador16bits:soma1|eightbitsadder:s1|fourbitsadder:addr0|fulladder:addr3|halfadder:halfadder1                                                ; halfadder               ; work         ;
;          |fourbitsadder:addr1|                    ; 11 (0)              ; 0 (0)                     ; 0           ; 0          ; 0            ; 0       ; 0         ; 0    ; 0            ; 0          ; |funcao|somador16bits:soma1|eightbitsadder:s1|fourbitsadder:addr1                                                                                     ; fourbitsadder           ; work         ;
;             |fulladder:addr0|                     ; 5 (1)               ; 0 (0)                     ; 0           ; 0          ; 0            ; 0       ; 0         ; 0    ; 0            ; 0          ; |funcao|somador16bits:soma1|eightbitsadder:s1|fourbitsadder:addr1|fulladder:addr0                                                                     ; fulladder               ; work         ;
;                |halfadder:halfadder1|             ; 4 (4)               ; 0 (0)                     ; 0           ; 0          ; 0            ; 0       ; 0         ; 0    ; 0            ; 0          ; |funcao|somador16bits:soma1|eightbitsadder:s1|fourbitsadder:addr1|fulladder:addr0|halfadder:halfadder1                                                ; halfadder               ; work         ;
;             |fulladder:addr1|                     ; 2 (1)               ; 0 (0)                     ; 0           ; 0          ; 0            ; 0       ; 0         ; 0    ; 0            ; 0          ; |funcao|somador16bits:soma1|eightbitsadder:s1|fourbitsadder:addr1|fulladder:addr1                                                                     ; fulladder               ; work         ;
;                |halfadder:halfadder1|             ; 1 (1)               ; 0 (0)                     ; 0           ; 0          ; 0            ; 0       ; 0         ; 0    ; 0            ; 0          ; |funcao|somador16bits:soma1|eightbitsadder:s1|fourbitsadder:addr1|fulladder:addr1|halfadder:halfadder1                                                ; halfadder               ; work         ;
;             |fulladder:addr2|                     ; 2 (1)               ; 0 (0)                     ; 0           ; 0          ; 0            ; 0       ; 0         ; 0    ; 0            ; 0          ; |funcao|somador16bits:soma1|eightbitsadder:s1|fourbitsadder:addr1|fulladder:addr2                                                                     ; fulladder               ; work         ;
;                |halfadder:halfadder1|             ; 1 (1)               ; 0 (0)                     ; 0           ; 0          ; 0            ; 0       ; 0         ; 0    ; 0            ; 0          ; |funcao|somador16bits:soma1|eightbitsadder:s1|fourbitsadder:addr1|fulladder:addr2|halfadder:halfadder1                                                ; halfadder               ; work         ;
;             |fulladder:addr3|                     ; 2 (1)               ; 0 (0)                     ; 0           ; 0          ; 0            ; 0       ; 0         ; 0    ; 0            ; 0          ; |funcao|somador16bits:soma1|eightbitsadder:s1|fourbitsadder:addr1|fulladder:addr3                                                                     ; fulladder               ; work         ;
;                |halfadder:halfadder1|             ; 1 (1)               ; 0 (0)                     ; 0           ; 0          ; 0            ; 0       ; 0         ; 0    ; 0            ; 0          ; |funcao|somador16bits:soma1|eightbitsadder:s1|fourbitsadder:addr1|fulladder:addr3|halfadder:halfadder1                                                ; halfadder               ; work         ;
;       |eightbitsadder:s2|                         ; 23 (0)              ; 0 (0)                     ; 0           ; 0          ; 0            ; 0       ; 0         ; 0    ; 0            ; 0          ; |funcao|somador16bits:soma1|eightbitsadder:s2                                                                                                         ; eightbitsadder          ; work         ;
;          |fourbitsadder:addr0|                    ; 10 (0)              ; 0 (0)                     ; 0           ; 0          ; 0            ; 0       ; 0         ; 0    ; 0            ; 0          ; |funcao|somador16bits:soma1|eightbitsadder:s2|fourbitsadder:addr0                                                                                     ; fourbitsadder           ; work         ;
;             |fulladder:addr0|                     ; 2 (1)               ; 0 (0)                     ; 0           ; 0          ; 0            ; 0       ; 0         ; 0    ; 0            ; 0          ; |funcao|somador16bits:soma1|eightbitsadder:s2|fourbitsadder:addr0|fulladder:addr0                                                                     ; fulladder               ; work         ;
;                |halfadder:halfadder2|             ; 1 (1)               ; 0 (0)                     ; 0           ; 0          ; 0            ; 0       ; 0         ; 0    ; 0            ; 0          ; |funcao|somador16bits:soma1|eightbitsadder:s2|fourbitsadder:addr0|fulladder:addr0|halfadder:halfadder2                                                ; halfadder               ; work         ;
;             |fulladder:addr1|                     ; 3 (1)               ; 0 (0)                     ; 0           ; 0          ; 0            ; 0       ; 0         ; 0    ; 0            ; 0          ; |funcao|somador16bits:soma1|eightbitsadder:s2|fourbitsadder:addr0|fulladder:addr1                                                                     ; fulladder               ; work         ;
;                |halfadder:halfadder2|             ; 2 (2)               ; 0 (0)                     ; 0           ; 0          ; 0            ; 0       ; 0         ; 0    ; 0            ; 0          ; |funcao|somador16bits:soma1|eightbitsadder:s2|fourbitsadder:addr0|fulladder:addr1|halfadder:halfadder2                                                ; halfadder               ; work         ;
;             |fulladder:addr2|                     ; 3 (1)               ; 0 (0)                     ; 0           ; 0          ; 0            ; 0       ; 0         ; 0    ; 0            ; 0          ; |funcao|somador16bits:soma1|eightbitsadder:s2|fourbitsadder:addr0|fulladder:addr2                                                                     ; fulladder               ; work         ;
;                |halfadder:halfadder2|             ; 2 (2)               ; 0 (0)                     ; 0           ; 0          ; 0            ; 0       ; 0         ; 0    ; 0            ; 0          ; |funcao|somador16bits:soma1|eightbitsadder:s2|fourbitsadder:addr0|fulladder:addr2|halfadder:halfadder2                                                ; halfadder               ; work         ;
;             |fulladder:addr3|                     ; 2 (1)               ; 0 (0)                     ; 0           ; 0          ; 0            ; 0       ; 0         ; 0    ; 0            ; 0          ; |funcao|somador16bits:soma1|eightbitsadder:s2|fourbitsadder:addr0|fulladder:addr3                                                                     ; fulladder               ; work         ;
;                |halfadder:halfadder2|             ; 1 (1)               ; 0 (0)                     ; 0           ; 0          ; 0            ; 0       ; 0         ; 0    ; 0            ; 0          ; |funcao|somador16bits:soma1|eightbitsadder:s2|fourbitsadder:addr0|fulladder:addr3|halfadder:halfadder2                                                ; halfadder               ; work         ;
;          |fourbitsadder:addr1|                    ; 13 (0)              ; 0 (0)                     ; 0           ; 0          ; 0            ; 0       ; 0         ; 0    ; 0            ; 0          ; |funcao|somador16bits:soma1|eightbitsadder:s2|fourbitsadder:addr1                                                                                     ; fourbitsadder           ; work         ;
;             |fulladder:addr0|                     ; 2 (1)               ; 0 (0)                     ; 0           ; 0          ; 0            ; 0       ; 0         ; 0    ; 0            ; 0          ; |funcao|somador16bits:soma1|eightbitsadder:s2|fourbitsadder:addr1|fulladder:addr0                                                                     ; fulladder               ; work         ;
;                |halfadder:halfadder2|             ; 1 (1)               ; 0 (0)                     ; 0           ; 0          ; 0            ; 0       ; 0         ; 0    ; 0            ; 0          ; |funcao|somador16bits:soma1|eightbitsadder:s2|fourbitsadder:addr1|fulladder:addr0|halfadder:halfadder2                                                ; halfadder               ; work         ;
;             |fulladder:addr1|                     ; 4 (1)               ; 0 (0)                     ; 0           ; 0          ; 0            ; 0       ; 0         ; 0    ; 0            ; 0          ; |funcao|somador16bits:soma1|eightbitsadder:s2|fourbitsadder:addr1|fulladder:addr1                                                                     ; fulladder               ; work         ;
;                |halfadder:halfadder2|             ; 3 (3)               ; 0 (0)                     ; 0           ; 0          ; 0            ; 0       ; 0         ; 0    ; 0            ; 0          ; |funcao|somador16bits:soma1|eightbitsadder:s2|fourbitsadder:addr1|fulladder:addr1|halfadder:halfadder2                                                ; halfadder               ; work         ;
;             |fulladder:addr2|                     ; 4 (1)               ; 0 (0)                     ; 0           ; 0          ; 0            ; 0       ; 0         ; 0    ; 0            ; 0          ; |funcao|somador16bits:soma1|eightbitsadder:s2|fourbitsadder:addr1|fulladder:addr2                                                                     ; fulladder               ; work         ;
;                |halfadder:halfadder2|             ; 3 (3)               ; 0 (0)                     ; 0           ; 0          ; 0            ; 0       ; 0         ; 0    ; 0            ; 0          ; |funcao|somador16bits:soma1|eightbitsadder:s2|fourbitsadder:addr1|fulladder:addr2|halfadder:halfadder2                                                ; halfadder               ; work         ;
;             |fulladder:addr3|                     ; 3 (1)               ; 0 (0)                     ; 0           ; 0          ; 0            ; 0       ; 0         ; 0    ; 0            ; 0          ; |funcao|somador16bits:soma1|eightbitsadder:s2|fourbitsadder:addr1|fulladder:addr3                                                                     ; fulladder               ; work         ;
;                |halfadder:halfadder2|             ; 2 (2)               ; 0 (0)                     ; 0           ; 0          ; 0            ; 0       ; 0         ; 0    ; 0            ; 0          ; |funcao|somador16bits:soma1|eightbitsadder:s2|fourbitsadder:addr1|fulladder:addr3|halfadder:halfadder2                                                ; halfadder               ; work         ;
;    |somador16bits:w|                              ; 7 (0)               ; 0 (0)                     ; 0           ; 0          ; 0            ; 0       ; 0         ; 0    ; 0            ; 0          ; |funcao|somador16bits:w                                                                                                                               ; somador16bits           ; work         ;
;       |eightbitsadder:s2|                         ; 7 (0)               ; 0 (0)                     ; 0           ; 0          ; 0            ; 0       ; 0         ; 0    ; 0            ; 0          ; |funcao|somador16bits:w|eightbitsadder:s2                                                                                                             ; eightbitsadder          ; work         ;
;          |fourbitsadder:addr0|                    ; 3 (0)               ; 0 (0)                     ; 0           ; 0          ; 0            ; 0       ; 0         ; 0    ; 0            ; 0          ; |funcao|somador16bits:w|eightbitsadder:s2|fourbitsadder:addr0                                                                                         ; fourbitsadder           ; work         ;
;             |fulladder:addr1|                     ; 1 (1)               ; 0 (0)                     ; 0           ; 0          ; 0            ; 0       ; 0         ; 0    ; 0            ; 0          ; |funcao|somador16bits:w|eightbitsadder:s2|fourbitsadder:addr0|fulladder:addr1                                                                         ; fulladder               ; work         ;
;             |fulladder:addr2|                     ; 1 (1)               ; 0 (0)                     ; 0           ; 0          ; 0            ; 0       ; 0         ; 0    ; 0            ; 0          ; |funcao|somador16bits:w|eightbitsadder:s2|fourbitsadder:addr0|fulladder:addr2                                                                         ; fulladder               ; work         ;
;             |fulladder:addr3|                     ; 1 (1)               ; 0 (0)                     ; 0           ; 0          ; 0            ; 0       ; 0         ; 0    ; 0            ; 0          ; |funcao|somador16bits:w|eightbitsadder:s2|fourbitsadder:addr0|fulladder:addr3                                                                         ; fulladder               ; work         ;
;          |fourbitsadder:addr1|                    ; 4 (0)               ; 0 (0)                     ; 0           ; 0          ; 0            ; 0       ; 0         ; 0    ; 0            ; 0          ; |funcao|somador16bits:w|eightbitsadder:s2|fourbitsadder:addr1                                                                                         ; fourbitsadder           ; work         ;
;             |fulladder:addr0|                     ; 1 (1)               ; 0 (0)                     ; 0           ; 0          ; 0            ; 0       ; 0         ; 0    ; 0            ; 0          ; |funcao|somador16bits:w|eightbitsadder:s2|fourbitsadder:addr1|fulladder:addr0                                                                         ; fulladder               ; work         ;
;             |fulladder:addr1|                     ; 1 (1)               ; 0 (0)                     ; 0           ; 0          ; 0            ; 0       ; 0         ; 0    ; 0            ; 0          ; |funcao|somador16bits:w|eightbitsadder:s2|fourbitsadder:addr1|fulladder:addr1                                                                         ; fulladder               ; work         ;
;             |fulladder:addr2|                     ; 1 (1)               ; 0 (0)                     ; 0           ; 0          ; 0            ; 0       ; 0         ; 0    ; 0            ; 0          ; |funcao|somador16bits:w|eightbitsadder:s2|fourbitsadder:addr1|fulladder:addr2                                                                         ; fulladder               ; work         ;
;             |fulladder:addr3|                     ; 1 (1)               ; 0 (0)                     ; 0           ; 0          ; 0            ; 0       ; 0         ; 0    ; 0            ; 0          ; |funcao|somador16bits:w|eightbitsadder:s2|fourbitsadder:addr1|fulladder:addr3                                                                         ; fulladder               ; work         ;
+---------------------------------------------------+---------------------+---------------------------+-------------+------------+--------------+---------+-----------+------+--------------+------------+-------------------------------------------------------------------------------------------------------------------------------------------------------+-------------------------+--------------+
Note: For table entries with two numbers listed, the numbers in parentheses indicate the number of resources of the given type used by the specific entity alone. The numbers listed outside of parentheses indicate the total resources of the given type used by the specific entity and all of its sub-entities in the hierarchy.


+------------------------------------------------------+
; General Register Statistics                          ;
+----------------------------------------------+-------+
; Statistic                                    ; Value ;
+----------------------------------------------+-------+
; Total registers                              ; 0     ;
; Number of registers using Synchronous Clear  ; 0     ;
; Number of registers using Synchronous Load   ; 0     ;
; Number of registers using Asynchronous Clear ; 0     ;
; Number of registers using Asynchronous Load  ; 0     ;
; Number of registers using Clock Enable       ; 0     ;
; Number of registers using Preset             ; 0     ;
+----------------------------------------------+-------+


+-------------------------------------------------------------------------------------------------------------------------------------+
; Port Connectivity Checks: "eightbitsadder:s_p2_alta"                                                                                ;
+------+--------+----------+----------------------------------------------------------------------------------------------------------+
; Port ; Type   ; Severity ; Details                                                                                                  ;
+------+--------+----------+----------------------------------------------------------------------------------------------------------+
; Co   ; Output ; Warning  ; Declared by entity but not connected by instance. Logic that only feeds a dangling port will be removed. ;
+------+--------+----------+----------------------------------------------------------------------------------------------------------+


+------------------------------------------------------+
; Port Connectivity Checks: "somador16bits:s_p2_baixa" ;
+------+-------+----------+----------------------------+
; Port ; Type  ; Severity ; Details                    ;
+------+-------+----------+----------------------------+
; Ci   ; Input ; Info     ; Stuck at GND               ;
+------+-------+----------+----------------------------+


+---------------------------------------------------+
; Port Connectivity Checks: "eightbitsadder:soma2"  ;
+------+--------+----------+------------------------+
; Port ; Type   ; Severity ; Details                ;
+------+--------+----------+------------------------+
; Co   ; Output ; Info     ; Explicitly unconnected ;
+------+--------+----------+------------------------+


+-------------------------------------------------+
; Port Connectivity Checks: "somador16bits:soma1" ;
+------+-------+----------+-----------------------+
; Port ; Type  ; Severity ; Details               ;
+------+-------+----------+-----------------------+
; Ci   ; Input ; Info     ; Stuck at GND          ;
+------+-------+----------+-----------------------+


+------------------------------------------------------------------+
; Port Connectivity Checks: "complementodedois24bits:complementoC" ;
+----------+-------+----------+------------------------------------+
; Port     ; Type  ; Severity ; Details                            ;
+----------+-------+----------+------------------------------------+
; X[23..7] ; Input ; Info     ; Stuck at GND                       ;
+----------+-------+----------+------------------------------------+


+------------------------------------------------------------------------------------------------------------------------------------------------------------------------+
; Port Connectivity Checks: "complementodedois16bits:complementodoproduto|somador16bits:somador"                                                                         ;
+------+--------+----------+---------------------------------------------------------------------------------------------------------------------------------------------+
; Port ; Type   ; Severity ; Details                                                                                                                                     ;
+------+--------+----------+---------------------------------------------------------------------------------------------------------------------------------------------+
; B    ; Input  ; Warning  ; Input port expression (8 bits) is smaller than the input port (16 bits) it drives.  Extra input bit(s) "B[15..8]" will be connected to GND. ;
; B    ; Input  ; Info     ; Stuck at GND                                                                                                                                ;
; Co   ; Output ; Warning  ; Declared by entity but not connected by instance. Logic that only feeds a dangling port will be removed.                                    ;
+------+--------+----------+---------------------------------------------------------------------------------------------------------------------------------------------+


+--------------------------------------------------------+
; Port Connectivity Checks: "multiplicador:fazerproduto" ;
+------+-------+----------+------------------------------+
; Port ; Type  ; Severity ; Details                      ;
+------+-------+----------+------------------------------+
; A[7] ; Input ; Info     ; Stuck at GND                 ;
; B[7] ; Input ; Info     ; Stuck at GND                 ;
+------+-------+----------+------------------------------+


+-------------------------------------------------------------------------------------------------------------------------------------+
; Port Connectivity Checks: "complementodedois24bits:complementoax2|eightbitsadder:soma_alta"                                         ;
+------+--------+----------+----------------------------------------------------------------------------------------------------------+
; Port ; Type   ; Severity ; Details                                                                                                  ;
+------+--------+----------+----------------------------------------------------------------------------------------------------------+
; B    ; Input  ; Info     ; Stuck at GND                                                                                             ;
; Co   ; Output ; Warning  ; Declared by entity but not connected by instance. Logic that only feeds a dangling port will be removed. ;
+------+--------+----------+----------------------------------------------------------------------------------------------------------+


+---------------------------------------------------------------------------------------------+
; Port Connectivity Checks: "complementodedois24bits:complementoax2|somador16bits:soma_baixa" ;
+------+-------+----------+-------------------------------------------------------------------+
; Port ; Type  ; Severity ; Details                                                           ;
+------+-------+----------+-------------------------------------------------------------------+
; B    ; Input ; Info     ; Stuck at GND                                                      ;
+------+-------+----------+-------------------------------------------------------------------+


+---------------------------------------------------+
; Port Connectivity Checks: "eightbitsadder:d"      ;
+------+--------+----------+------------------------+
; Port ; Type   ; Severity ; Details                ;
+------+--------+----------+------------------------+
; A    ; Input  ; Info     ; Stuck at GND           ;
; Co   ; Output ; Info     ; Explicitly unconnected ;
+------+--------+----------+------------------------+


+---------------------------------------------+
; Port Connectivity Checks: "somador16bits:w" ;
+---------+-------+----------+----------------+
; Port    ; Type  ; Severity ; Details        ;
+---------+-------+----------+----------------+
; B[7..0] ; Input ; Info     ; Stuck at GND   ;
; Ci      ; Input ; Info     ; Stuck at GND   ;
+---------+-------+----------+----------------+


+------------------------------------------------+
; Port Connectivity Checks: "multiplicador:mt02" ;
+------+-------+----------+----------------------+
; Port ; Type  ; Severity ; Details              ;
+------+-------+----------+----------------------+
; A[7] ; Input ; Info     ; Stuck at GND         ;
+------+-------+----------+----------------------+


+------------------------------------------------+
; Port Connectivity Checks: "multiplicador:mt01" ;
+------+-------+----------+----------------------+
; Port ; Type  ; Severity ; Details              ;
+------+-------+----------+----------------------+
; A[7] ; Input ; Info     ; Stuck at GND         ;
+------+-------+----------+----------------------+


+----------------------------------------------------------------------+
; Port Connectivity Checks: "multiplicador:mt00|somador16bits:s_final" ;
+------+--------+----------+-------------------------------------------+
; Port ; Type   ; Severity ; Details                                   ;
+------+--------+----------+-------------------------------------------+
; Ci   ; Input  ; Info     ; Stuck at GND                              ;
; Co   ; Output ; Info     ; Explicitly unconnected                    ;
+------+--------+----------+-------------------------------------------+


+---------------------------------------------------------------------+
; Port Connectivity Checks: "multiplicador:mt00|somador16bits:s_l2_1" ;
+------+--------+----------+------------------------------------------+
; Port ; Type   ; Severity ; Details                                  ;
+------+--------+----------+------------------------------------------+
; Ci   ; Input  ; Info     ; Stuck at GND                             ;
; Co   ; Output ; Info     ; Explicitly unconnected                   ;
+------+--------+----------+------------------------------------------+


+---------------------------------------------------------------------+
; Port Connectivity Checks: "multiplicador:mt00|somador16bits:s_l2_0" ;
+------+--------+----------+------------------------------------------+
; Port ; Type   ; Severity ; Details                                  ;
+------+--------+----------+------------------------------------------+
; Ci   ; Input  ; Info     ; Stuck at GND                             ;
; Co   ; Output ; Info     ; Explicitly unconnected                   ;
+------+--------+----------+------------------------------------------+


+---------------------------------------------------------------------+
; Port Connectivity Checks: "multiplicador:mt00|somador16bits:s_l1_3" ;
+-----------+--------+----------+-------------------------------------+
; Port      ; Type   ; Severity ; Details                             ;
+-----------+--------+----------+-------------------------------------+
; A[15..14] ; Input  ; Info     ; Stuck at GND                        ;
; A[5..0]   ; Input  ; Info     ; Stuck at GND                        ;
; B[6..0]   ; Input  ; Info     ; Stuck at GND                        ;
; B[15]     ; Input  ; Info     ; Stuck at GND                        ;
; Ci        ; Input  ; Info     ; Stuck at GND                        ;
; Co        ; Output ; Info     ; Explicitly unconnected              ;
+-----------+--------+----------+-------------------------------------+


+---------------------------------------------------------------------+
; Port Connectivity Checks: "multiplicador:mt00|somador16bits:s_l1_2" ;
+-----------+--------+----------+-------------------------------------+
; Port      ; Type   ; Severity ; Details                             ;
+-----------+--------+----------+-------------------------------------+
; A[15..12] ; Input  ; Info     ; Stuck at GND                        ;
; A[3..0]   ; Input  ; Info     ; Stuck at GND                        ;
; B[15..13] ; Input  ; Info     ; Stuck at GND                        ;
; B[4..0]   ; Input  ; Info     ; Stuck at GND                        ;
; Ci        ; Input  ; Info     ; Stuck at GND                        ;
; Co        ; Output ; Info     ; Explicitly unconnected              ;
+-----------+--------+----------+-------------------------------------+


+---------------------------------------------------------------------+
; Port Connectivity Checks: "multiplicador:mt00|somador16bits:s_l1_1" ;
+-----------+--------+----------+-------------------------------------+
; Port      ; Type   ; Severity ; Details                             ;
+-----------+--------+----------+-------------------------------------+
; A[15..10] ; Input  ; Info     ; Stuck at GND                        ;
; A[1..0]   ; Input  ; Info     ; Stuck at GND                        ;
; B[15..11] ; Input  ; Info     ; Stuck at GND                        ;
; B[2..0]   ; Input  ; Info     ; Stuck at GND                        ;
; Ci        ; Input  ; Info     ; Stuck at GND                        ;
; Co        ; Output ; Info     ; Explicitly unconnected              ;
+-----------+--------+----------+-------------------------------------+


+---------------------------------------------------------------------+
; Port Connectivity Checks: "multiplicador:mt00|somador16bits:s_l1_0" ;
+----------+--------+----------+--------------------------------------+
; Port     ; Type   ; Severity ; Details                              ;
+----------+--------+----------+--------------------------------------+
; A[15..8] ; Input  ; Info     ; Stuck at GND                         ;
; B[15..9] ; Input  ; Info     ; Stuck at GND                         ;
; B[0]     ; Input  ; Info     ; Stuck at GND                         ;
; Ci       ; Input  ; Info     ; Stuck at GND                         ;
; Co       ; Output ; Info     ; Explicitly unconnected               ;
+----------+--------+----------+--------------------------------------+


+------------------------------------------------+
; Port Connectivity Checks: "multiplicador:mt00" ;
+------+-------+----------+----------------------+
; Port ; Type  ; Severity ; Details              ;
+------+-------+----------+----------------------+
; A[7] ; Input ; Info     ; Stuck at GND         ;
; B[7] ; Input ; Info     ; Stuck at GND         ;
+------+-------+----------+----------------------+


+-----------------------------------------------------+
; Post-Synthesis Netlist Statistics for Top Partition ;
+-----------------------+-----------------------------+
; Type                  ; Count                       ;
+-----------------------+-----------------------------+
; boundary_port         ; 56                          ;
; cycloneiii_lcell_comb ; 686                         ;
;     normal            ; 686                         ;
;         1 data inputs ; 1                           ;
;         2 data inputs ; 109                         ;
;         3 data inputs ; 93                          ;
;         4 data inputs ; 483                         ;
;                       ;                             ;
; Max LUT depth         ; 40.00                       ;
; Average LUT depth     ; 36.33                       ;
+-----------------------+-----------------------------+


+-------------------------------+
; Elapsed Time Per Partition    ;
+----------------+--------------+
; Partition Name ; Elapsed Time ;
+----------------+--------------+
; Top            ; 00:00:01     ;
+----------------+--------------+


+-------------------------------+
; Analysis & Synthesis Messages ;
+-------------------------------+
Info: *******************************************************************
Info: Running Quartus Prime Analysis & Synthesis
    Info: Version 25.1std.0 Build 1129 10/21/2025 SC Lite Edition
    Info: Processing started: Sat Sep 19 16:25:47 2026
Info: Command: quartus_map --read_settings_files=on --write_settings_files=off halfadder -c halfadder
Warning (18236): Number of processors has not been specified which may cause overloading on shared machines.  Set the global assignment NUM_PARALLEL_PROCESSORS in your QSF to an appropriate value for best performance.
Info (20030): Parallel compilation is enabled and will use 12 of the 12 processors detected
Info (12021): Found 1 design units, including 1 entities, in source file halfadder.v
    Info (12023): Found entity 1: halfadder File: C:/Users/Tatiane/Documents/Eletronica/PBL-CD/PBL2/projeto/halfadder.v Line: 1
Info (12021): Found 1 design units, including 1 entities, in source file fulladder.v
    Info (12023): Found entity 1: fulladder File: C:/Users/Tatiane/Documents/Eletronica/PBL-CD/PBL2/projeto/fulladder.v Line: 1
Info (12021): Found 1 design units, including 1 entities, in source file fourbitsadder.v
    Info (12023): Found entity 1: fourbitsadder File: C:/Users/Tatiane/Documents/Eletronica/PBL-CD/PBL2/projeto/fourbitsadder.v Line: 1
Info (12021): Found 1 design units, including 1 entities, in source file eightbitsadder.v
    Info (12023): Found entity 1: eightbitsadder File: C:/Users/Tatiane/Documents/Eletronica/PBL-CD/PBL2/projeto/eightbitsadder.v Line: 1
Info (12021): Found 1 design units, including 1 entities, in source file display.v
    Info (12023): Found entity 1: display File: C:/Users/Tatiane/Documents/Eletronica/PBL-CD/PBL2/projeto/display.v Line: 1
Info (12021): Found 1 design units, including 1 entities, in source file somador16bits.v
    Info (12023): Found entity 1: somador16bits File: C:/Users/Tatiane/Documents/Eletronica/PBL-CD/PBL2/projeto/somador16bits.v Line: 1
Info (12021): Found 1 design units, including 1 entities, in source file multiplicador.v
    Info (12023): Found entity 1: multiplicador File: C:/Users/Tatiane/Documents/Eletronica/PBL-CD/PBL2/projeto/multiplicador.v Line: 1
Info (12021): Found 1 design units, including 1 entities, in source file adicionar3.v
    Info (12023): Found entity 1: adicionar3 File: C:/Users/Tatiane/Documents/Eletronica/PBL-CD/PBL2/projeto/adicionar3.v Line: 1
Info (12021): Found 1 design units, including 1 entities, in source file doubledable.v
    Info (12023): Found entity 1: doubledable File: C:/Users/Tatiane/Documents/Eletronica/PBL-CD/PBL2/projeto/doubledable.v Line: 1
Info (12021): Found 1 design units, including 1 entities, in source file bin16_para_bcd.v
    Info (12023): Found entity 1: bin16_para_bcd File: C:/Users/Tatiane/Documents/Eletronica/PBL-CD/PBL2/projeto/bin16_para_bcd.v Line: 1
Info (12021): Found 1 design units, including 1 entities, in source file main.v
    Info (12023): Found entity 1: Main File: C:/Users/Tatiane/Documents/Eletronica/PBL-CD/PBL2/projeto/Main.v Line: 1
Info (12021): Found 1 design units, including 1 entities, in source file conversor_8bit_bcd.v
    Info (12023): Found entity 1: conversor_8bit_bcd File: C:/Users/Tatiane/Documents/Eletronica/PBL-CD/PBL2/projeto/conversor_8bit_bcd.v Line: 1
Info (12021): Found 1 design units, including 1 entities, in source file selecionarxy.v
    Info (12023): Found entity 1: selecionarXY File: C:/Users/Tatiane/Documents/Eletronica/PBL-CD/PBL2/projeto/selecionarXY.v Line: 1
Info (12021): Found 1 design units, including 1 entities, in source file termoprimeirograu.v
    Info (12023): Found entity 1: termoprimeirograu File: C:/Users/Tatiane/Documents/Eletronica/PBL-CD/PBL2/projeto/termoprimeirograu.v Line: 1
Info (12021): Found 1 design units, including 1 entities, in source file complementodedois16bits.v
    Info (12023): Found entity 1: complementodedois16bits File: C:/Users/Tatiane/Documents/Eletronica/PBL-CD/PBL2/projeto/complementodedois16bits.v Line: 1
Info (12021): Found 1 design units, including 1 entities, in source file complementodedois8bits.v
    Info (12023): Found entity 1: complementodedois8bits File: C:/Users/Tatiane/Documents/Eletronica/PBL-CD/PBL2/projeto/complementodedois8bits.v Line: 1
Info (12021): Found 1 design units, including 1 entities, in source file raiz.v
    Info (12023): Found entity 1: raiz File: C:/Users/Tatiane/Documents/Eletronica/PBL-CD/PBL2/projeto/raiz.v Line: 1
Info (12021): Found 1 design units, including 1 entities, in source file erro.v
    Info (12023): Found entity 1: erro File: C:/Users/Tatiane/Documents/Eletronica/PBL-CD/PBL2/projeto/erro.v Line: 1
Info (12021): Found 1 design units, including 1 entities, in source file flipflop_d.v
    Info (12023): Found entity 1: flipflop_D File: C:/Users/Tatiane/Documents/Eletronica/PBL-CD/PBL2/projeto/flipflop_D.v Line: 1
Info (12021): Found 1 design units, including 1 entities, in source file registrador_8bits.v
    Info (12023): Found entity 1: registrador_8bits File: C:/Users/Tatiane/Documents/Eletronica/PBL-CD/PBL2/projeto/registrador_8bits.v Line: 1
Info (12021): Found 1 design units, including 1 entities, in source file contador.v
    Info (12023): Found entity 1: contador File: C:/Users/Tatiane/Documents/Eletronica/PBL-CD/PBL2/projeto/contador.v Line: 1
Info (12021): Found 1 design units, including 1 entities, in source file comparador4bits.v
    Info (12023): Found entity 1: comparador4bits File: C:/Users/Tatiane/Documents/Eletronica/PBL-CD/PBL2/projeto/comparador4bits.v Line: 1
Info (12021): Found 1 design units, including 1 entities, in source file subtrator18bits.v
    Info (12023): Found entity 1: subtrator18bits File: C:/Users/Tatiane/Documents/Eletronica/PBL-CD/PBL2/projeto/subtrator18bits.v Line: 1
Info (12021): Found 1 design units, including 1 entities, in source file comparador20bits.v
    Info (12023): Found entity 1: comparador20bits File: C:/Users/Tatiane/Documents/Eletronica/PBL-CD/PBL2/projeto/comparador20bits.v Line: 1
Info (12021): Found 1 design units, including 1 entities, in source file mux2x1.v
    Info (12023): Found entity 1: mux2x1 File: C:/Users/Tatiane/Documents/Eletronica/PBL-CD/PBL2/projeto/mux2x1.v Line: 1
Info (12021): Found 1 design units, including 1 entities, in source file calcularraiz.v
    Info (12023): Found entity 1: calcularraiz File: C:/Users/Tatiane/Documents/Eletronica/PBL-CD/PBL2/projeto/calcularraiz.v Line: 1
Info (12021): Found 1 design units, including 1 entities, in source file funcao.v
    Info (12023): Found entity 1: funcao File: C:/Users/Tatiane/Documents/Eletronica/PBL-CD/PBL2/projeto/funcao.v Line: 1
Info (12021): Found 1 design units, including 1 entities, in source file complementodedois24bits.v
    Info (12023): Found entity 1: complementodedois24bits File: C:/Users/Tatiane/Documents/Eletronica/PBL-CD/PBL2/projeto/complementodedois24bits.v Line: 1
Warning (10236): Verilog HDL Implicit Net warning at Main.v(206): created implicit net for "clk" File: C:/Users/Tatiane/Documents/Eletronica/PBL-CD/PBL2/projeto/Main.v Line: 206
Warning (10236): Verilog HDL Implicit Net warning at Main.v(207): created implicit net for "reset" File: C:/Users/Tatiane/Documents/Eletronica/PBL-CD/PBL2/projeto/Main.v Line: 207
Warning (10236): Verilog HDL Implicit Net warning at Main.v(220): created implicit net for "K_dezmil" File: C:/Users/Tatiane/Documents/Eletronica/PBL-CD/PBL2/projeto/Main.v Line: 220
Warning (10236): Verilog HDL Implicit Net warning at Main.v(224): created implicit net for "K_mil" File: C:/Users/Tatiane/Documents/Eletronica/PBL-CD/PBL2/projeto/Main.v Line: 224
Warning (10236): Verilog HDL Implicit Net warning at Main.v(228): created implicit net for "K_cem" File: C:/Users/Tatiane/Documents/Eletronica/PBL-CD/PBL2/projeto/Main.v Line: 228
Warning (10236): Verilog HDL Implicit Net warning at Main.v(232): created implicit net for "K_dez" File: C:/Users/Tatiane/Documents/Eletronica/PBL-CD/PBL2/projeto/Main.v Line: 232
Warning (10236): Verilog HDL Implicit Net warning at Main.v(236): created implicit net for "K_um" File: C:/Users/Tatiane/Documents/Eletronica/PBL-CD/PBL2/projeto/Main.v Line: 236
Warning (10236): Verilog HDL Implicit Net warning at termoprimeirograu.v(10): created implicit net for "Sinal" File: C:/Users/Tatiane/Documents/Eletronica/PBL-CD/PBL2/projeto/termoprimeirograu.v Line: 10
Warning (10236): Verilog HDL Implicit Net warning at complementodedois24bits.v(39): created implicit net for "carry_meio" File: C:/Users/Tatiane/Documents/Eletronica/PBL-CD/PBL2/projeto/complementodedois24bits.v Line: 39
Info (12127): Elaborating entity "funcao" for the top level hierarchy
Info (12128): Elaborating entity "multiplicador" for hierarchy "multiplicador:mt00" File: C:/Users/Tatiane/Documents/Eletronica/PBL-CD/PBL2/projeto/funcao.v Line: 16
Info (12128): Elaborating entity "somador16bits" for hierarchy "multiplicador:mt00|somador16bits:s_l1_0" File: C:/Users/Tatiane/Documents/Eletronica/PBL-CD/PBL2/projeto/multiplicador.v Line: 168
Info (12128): Elaborating entity "eightbitsadder" for hierarchy "multiplicador:mt00|somador16bits:s_l1_0|eightbitsadder:s1" File: C:/Users/Tatiane/Documents/Eletronica/PBL-CD/PBL2/projeto/somador16bits.v Line: 16
Info (12128): Elaborating entity "fourbitsadder" for hierarchy "multiplicador:mt00|somador16bits:s_l1_0|eightbitsadder:s1|fourbitsadder:addr0" File: C:/Users/Tatiane/Documents/Eletronica/PBL-CD/PBL2/projeto/eightbitsadder.v Line: 17
Info (12128): Elaborating entity "fulladder" for hierarchy "multiplicador:mt00|somador16bits:s_l1_0|eightbitsadder:s1|fourbitsadder:addr0|fulladder:addr0" File: C:/Users/Tatiane/Documents/Eletronica/PBL-CD/PBL2/projeto/fourbitsadder.v Line: 18
Info (12128): Elaborating entity "halfadder" for hierarchy "multiplicador:mt00|somador16bits:s_l1_0|eightbitsadder:s1|fourbitsadder:addr0|fulladder:addr0|halfadder:halfadder1" File: C:/Users/Tatiane/Documents/Eletronica/PBL-CD/PBL2/projeto/fulladder.v Line: 16
Info (12128): Elaborating entity "complementodedois24bits" for hierarchy "complementodedois24bits:complementoax2" File: C:/Users/Tatiane/Documents/Eletronica/PBL-CD/PBL2/projeto/funcao.v Line: 49
Info (12128): Elaborating entity "complementodedois16bits" for hierarchy "complementodedois16bits:complementodoproduto" File: C:/Users/Tatiane/Documents/Eletronica/PBL-CD/PBL2/projeto/funcao.v Line: 68
Warning (12241): 3 hierarchies have connectivity warnings - see the Connectivity Checks report folder
Info (286030): Timing-Driven Synthesis is running
Info (16010): Generating hard_block partition "hard_block:auto_generated_inst"
    Info (16011): Adding 0 node(s), including 0 DDIO, 0 PLL, 0 transceiver and 0 LCELL
Info (21057): Implemented 741 device resources after synthesis - the final resource count might be different
    Info (21058): Implemented 32 input pins
    Info (21059): Implemented 24 output pins
    Info (21061): Implemented 685 logic cells
Info: Quartus Prime Analysis & Synthesis was successful. 0 errors, 11 warnings
    Info: Peak virtual memory: 4819 megabytes
    Info: Processing ended: Sat Sep 19 16:25:57 2026
    Info: Elapsed time: 00:00:10
    Info: Total CPU time (on all processors): 00:00:07


