Fitter report for halfadder
Sat Sep 19 16:26:06 2026
Quartus Prime Version 25.1std.0 Build 1129 10/21/2025 SC Lite Edition


---------------------
; Table of Contents ;
---------------------
  1. Legal Notice
  2. Fitter Summary
  3. Fitter Settings
  4. Parallel Compilation
  5. Ignored Assignments
  6. Incremental Compilation Preservation Summary
  7. Incremental Compilation Partition Settings
  8. Incremental Compilation Placement Preservation
  9. Pin-Out File
 10. Fitter Resource Usage Summary
 11. Fitter Partition Statistics
 12. Input Pins
 13. Output Pins
 14. Dual Purpose and Dedicated Pins
 15. I/O Bank Usage
 16. All Package Pins
 17. I/O Assignment Warnings
 18. Fitter Resource Utilization by Entity
 19. Delay Chain Summary
 20. Pad To Core Delay Chain Fanout
 21. Routing Usage Summary
 22. LAB Logic Elements
 23. LAB Signals Sourced
 24. LAB Signals Sourced Out
 25. LAB Distinct Inputs
 26. I/O Rules Summary
 27. I/O Rules Details
 28. I/O Rules Matrix
 29. Fitter Device Options
 30. Operating Settings and Conditions
 31. Fitter Messages
 32. Fitter Suppressed Messages



----------------
; Legal Notice ;
----------------
Copyright (C) 2025  Altera Corporation. All rights reserved.
Your use of Altera Corporation's design tools, logic functions 
and other software and tools, and any partner logic 
functions, and any output files from any of the foregoing 
(including device programming or simulation files), and any 
associated documentation or information are expressly subject 
to the terms and conditions of the Altera Program License 
Subscription Agreement, the Altera Quartus Prime License Agreement,
the Altera IP License Agreement, or other applicable license
agreement, including, without limitation, that your use is for
the sole purpose of programming logic devices manufactured by
Altera and sold by Altera or its authorized distributors.  Please
refer to the Altera Software License Subscription Agreements 
on the Quartus Prime software download page.



+--------------------------------------------------------------------------------------+
; Fitter Summary                                                                       ;
+------------------------------------+-------------------------------------------------+
; Fitter Status                      ; Successful - Sat Sep 19 16:26:06 2026           ;
; Quartus Prime Version              ; 25.1std.0 Build 1129 10/21/2025 SC Lite Edition ;
; Revision Name                      ; halfadder                                       ;
; Top-level Entity Name              ; funcao                                          ;
; Family                             ; MAX 10                                          ;
; Device                             ; 10M50DAF484C7G                                  ;
; Timing Models                      ; Final                                           ;
; Total logic elements               ; 686 / 49,760 ( 1 % )                            ;
;     Total combinational functions  ; 686 / 49,760 ( 1 % )                            ;
;     Dedicated logic registers      ; 0 / 49,760 ( 0 % )                              ;
; Total registers                    ; 0                                               ;
; Total pins                         ; 56 / 360 ( 16 % )                               ;
; Total virtual pins                 ; 0                                               ;
; Total memory bits                  ; 0 / 1,677,312 ( 0 % )                           ;
; Embedded Multiplier 9-bit elements ; 0 / 288 ( 0 % )                                 ;
; Total PLLs                         ; 0 / 4 ( 0 % )                                   ;
; UFM blocks                         ; 0 / 1 ( 0 % )                                   ;
; ADC blocks                         ; 0 / 2 ( 0 % )                                   ;
+------------------------------------+-------------------------------------------------+


+----------------------------------------------------------------------------------------------------------------------------------------------------+
; Fitter Settings                                                                                                                                    ;
+--------------------------------------------------------------------+---------------------------------------+---------------------------------------+
; Option                                                             ; Setting                               ; Default Value                         ;
+--------------------------------------------------------------------+---------------------------------------+---------------------------------------+
; Device                                                             ; 10M50DAF484C7G                        ;                                       ;
; Minimum Core Junction Temperature                                  ; 0                                     ;                                       ;
; Maximum Core Junction Temperature                                  ; 85                                    ;                                       ;
; Fit Attempts to Skip                                               ; 0                                     ; 0.0                                   ;
; Use smart compilation                                              ; Off                                   ; Off                                   ;
; Enable parallel Assembler and Timing Analyzer during compilation   ; On                                    ; On                                    ;
; Enable compact report table                                        ; Off                                   ; Off                                   ;
; Auto Merge PLLs                                                    ; On                                    ; On                                    ;
; Router Timing Optimization Level                                   ; Normal                                ; Normal                                ;
; Perform Clocking Topology Analysis During Routing                  ; Off                                   ; Off                                   ;
; Placement Effort Multiplier                                        ; 1.0                                   ; 1.0                                   ;
; Router Effort Multiplier                                           ; 1.0                                   ; 1.0                                   ;
; Optimize Hold Timing                                               ; All Paths                             ; All Paths                             ;
; Optimize Multi-Corner Timing                                       ; On                                    ; On                                    ;
; Power Optimization During Fitting                                  ; Normal compilation                    ; Normal compilation                    ;
; SSN Optimization                                                   ; Off                                   ; Off                                   ;
; Optimize Timing                                                    ; Normal compilation                    ; Normal compilation                    ;
; Optimize Timing for ECOs                                           ; Off                                   ; Off                                   ;
; Regenerate Full Fit Report During ECO Compiles                     ; Off                                   ; Off                                   ;
; Optimize IOC Register Placement for Timing                         ; Normal                                ; Normal                                ;
; Final Placement Optimizations                                      ; Automatically                         ; Automatically                         ;
; Fitter Initial Placement Seed                                      ; 1                                     ; 1                                     ;
; Periphery to Core Placement and Routing Optimization               ; Off                                   ; Off                                   ;
; PCI I/O                                                            ; Off                                   ; Off                                   ;
; Weak Pull-Up Resistor                                              ; Off                                   ; Off                                   ;
; Enable Bus-Hold Circuitry                                          ; Off                                   ; Off                                   ;
; Auto Packed Registers                                              ; Auto                                  ; Auto                                  ;
; Auto Delay Chains                                                  ; On                                    ; On                                    ;
; Auto Delay Chains for High Fanout Input Pins                       ; Off                                   ; Off                                   ;
; Allow Single-ended Buffer for Differential-XSTL Input              ; Off                                   ; Off                                   ;
; Treat Bidirectional Pin as Output Pin                              ; Off                                   ; Off                                   ;
; Perform Physical Synthesis for Combinational Logic for Fitting     ; Off                                   ; Off                                   ;
; Perform Physical Synthesis for Combinational Logic for Performance ; Off                                   ; Off                                   ;
; Perform Register Duplication for Performance                       ; Off                                   ; Off                                   ;
; Perform Logic to Memory Mapping for Fitting                        ; Off                                   ; Off                                   ;
; Perform Register Retiming for Performance                          ; Off                                   ; Off                                   ;
; Perform Asynchronous Signal Pipelining                             ; Off                                   ; Off                                   ;
; Fitter Effort                                                      ; Auto Fit                              ; Auto Fit                              ;
; Physical Synthesis Effort Level                                    ; Normal                                ; Normal                                ;
; Logic Cell Insertion - Logic Duplication                           ; Auto                                  ; Auto                                  ;
; Auto Register Duplication                                          ; Auto                                  ; Auto                                  ;
; Auto Global Clock                                                  ; On                                    ; On                                    ;
; Auto Global Register Control Signals                               ; On                                    ; On                                    ;
; Reserve all unused pins                                            ; As input tri-stated with weak pull-up ; As input tri-stated with weak pull-up ;
; Synchronizer Identification                                        ; Auto                                  ; Auto                                  ;
; Enable Beneficial Skew Optimization                                ; On                                    ; On                                    ;
; Optimize Design for Metastability                                  ; On                                    ; On                                    ;
; Force Fitter to Avoid Periphery Placement Warnings                 ; Off                                   ; Off                                   ;
; Enable input tri-state on active configuration pins in user mode   ; Off                                   ; Off                                   ;
+--------------------------------------------------------------------+---------------------------------------+---------------------------------------+


+------------------------------------------+
; Parallel Compilation                     ;
+----------------------------+-------------+
; Processors                 ; Number      ;
+----------------------------+-------------+
; Number detected on machine ; 12          ;
; Maximum allowed            ; 12          ;
;                            ;             ;
; Average used               ; 1.22        ;
; Maximum used               ; 12          ;
;                            ;             ;
; Usage by Processor         ; % Time Used ;
;     Processor 1            ; 100.0%      ;
;     Processors 2-12        ;   2.0%      ;
+----------------------------+-------------+


+----------------------------------------------------------------------------------------+
; Ignored Assignments                                                                    ;
+----------+----------------+--------------+------------+---------------+----------------+
; Name     ; Ignored Entity ; Ignored From ; Ignored To ; Ignored Value ; Ignored Source ;
+----------+----------------+--------------+------------+---------------+----------------+
; Location ;                ;              ; Carry      ; PIN_B10       ; QSF Assignment ;
; Location ;                ;              ; Erro       ; PIN_A10       ; QSF Assignment ;
; Location ;                ;              ; Overflow   ; PIN_A8        ; QSF Assignment ;
; Location ;                ;              ; Zero       ; PIN_A9        ; QSF Assignment ;
; Location ;                ;              ; btn1       ; PIN_B8        ; QSF Assignment ;
; Location ;                ;              ; btn2       ; PIN_A7        ; QSF Assignment ;
; Location ;                ;              ; cem[0]     ; PIN_B20       ; QSF Assignment ;
; Location ;                ;              ; cem[1]     ; PIN_A20       ; QSF Assignment ;
; Location ;                ;              ; cem[2]     ; PIN_B19       ; QSF Assignment ;
; Location ;                ;              ; cem[3]     ; PIN_A21       ; QSF Assignment ;
; Location ;                ;              ; cem[4]     ; PIN_B21       ; QSF Assignment ;
; Location ;                ;              ; cem[5]     ; PIN_C22       ; QSF Assignment ;
; Location ;                ;              ; cem[6]     ; PIN_B22       ; QSF Assignment ;
; Location ;                ;              ; dez[0]     ; PIN_C18       ; QSF Assignment ;
; Location ;                ;              ; dez[1]     ; PIN_D18       ; QSF Assignment ;
; Location ;                ;              ; dez[2]     ; PIN_E18       ; QSF Assignment ;
; Location ;                ;              ; dez[3]     ; PIN_B16       ; QSF Assignment ;
; Location ;                ;              ; dez[4]     ; PIN_A17       ; QSF Assignment ;
; Location ;                ;              ; dez[5]     ; PIN_A18       ; QSF Assignment ;
; Location ;                ;              ; dez[6]     ; PIN_B17       ; QSF Assignment ;
; Location ;                ;              ; dezmil[0]  ; PIN_F18       ; QSF Assignment ;
; Location ;                ;              ; dezmil[1]  ; PIN_E20       ; QSF Assignment ;
; Location ;                ;              ; dezmil[2]  ; PIN_E19       ; QSF Assignment ;
; Location ;                ;              ; dezmil[3]  ; PIN_J18       ; QSF Assignment ;
; Location ;                ;              ; dezmil[4]  ; PIN_H19       ; QSF Assignment ;
; Location ;                ;              ; dezmil[5]  ; PIN_F19       ; QSF Assignment ;
; Location ;                ;              ; dezmil[6]  ; PIN_F20       ; QSF Assignment ;
; Location ;                ;              ; mil[0]     ; PIN_F21       ; QSF Assignment ;
; Location ;                ;              ; mil[1]     ; PIN_E22       ; QSF Assignment ;
; Location ;                ;              ; mil[2]     ; PIN_E21       ; QSF Assignment ;
; Location ;                ;              ; mil[3]     ; PIN_C19       ; QSF Assignment ;
; Location ;                ;              ; mil[4]     ; PIN_C20       ; QSF Assignment ;
; Location ;                ;              ; mil[5]     ; PIN_D19       ; QSF Assignment ;
; Location ;                ;              ; mil[6]     ; PIN_E17       ; QSF Assignment ;
; Location ;                ;              ; sinal[0]   ; PIN_J20       ; QSF Assignment ;
; Location ;                ;              ; sinal[1]   ; PIN_K20       ; QSF Assignment ;
; Location ;                ;              ; sinal[2]   ; PIN_L18       ; QSF Assignment ;
; Location ;                ;              ; sinal[3]   ; PIN_N18       ; QSF Assignment ;
; Location ;                ;              ; sinal[4]   ; PIN_M20       ; QSF Assignment ;
; Location ;                ;              ; sinal[5]   ; PIN_N19       ; QSF Assignment ;
; Location ;                ;              ; sinal[6]   ; PIN_N20       ; QSF Assignment ;
; Location ;                ;              ; sw8        ; PIN_B14       ; QSF Assignment ;
; Location ;                ;              ; sw9        ; PIN_F15       ; QSF Assignment ;
; Location ;                ;              ; um[0]      ; PIN_C14       ; QSF Assignment ;
; Location ;                ;              ; um[1]      ; PIN_E15       ; QSF Assignment ;
; Location ;                ;              ; um[2]      ; PIN_C15       ; QSF Assignment ;
; Location ;                ;              ; um[3]      ; PIN_C16       ; QSF Assignment ;
; Location ;                ;              ; um[4]      ; PIN_E16       ; QSF Assignment ;
; Location ;                ;              ; um[5]      ; PIN_D17       ; QSF Assignment ;
; Location ;                ;              ; um[6]      ; PIN_C17       ; QSF Assignment ;
+----------+----------------+--------------+------------+---------------+----------------+


+--------------------------------------------------------------------------------------------------+
; Incremental Compilation Preservation Summary                                                     ;
+---------------------+--------------------+----------------------------+--------------------------+
; Type                ; Total [A + B]      ; From Design Partitions [A] ; From Rapid Recompile [B] ;
+---------------------+--------------------+----------------------------+--------------------------+
; Placement (by node) ;                    ;                            ;                          ;
;     -- Requested    ; 0.00 % ( 0 / 817 ) ; 0.00 % ( 0 / 817 )         ; 0.00 % ( 0 / 817 )       ;
;     -- Achieved     ; 0.00 % ( 0 / 817 ) ; 0.00 % ( 0 / 817 )         ; 0.00 % ( 0 / 817 )       ;
;                     ;                    ;                            ;                          ;
; Routing (by net)    ;                    ;                            ;                          ;
;     -- Requested    ; 0.00 % ( 0 / 0 )   ; 0.00 % ( 0 / 0 )           ; 0.00 % ( 0 / 0 )         ;
;     -- Achieved     ; 0.00 % ( 0 / 0 )   ; 0.00 % ( 0 / 0 )           ; 0.00 % ( 0 / 0 )         ;
+---------------------+--------------------+----------------------------+--------------------------+


+----------------------------------------------------------------------------------------------------------------------------------------------------------------------------------------+
; Incremental Compilation Partition Settings                                                                                                                                             ;
+--------------------------------+----------------+-------------------+-------------------------+------------------------+------------------------------+--------------------------------+
; Partition Name                 ; Partition Type ; Netlist Type Used ; Preservation Level Used ; Netlist Type Requested ; Preservation Level Requested ; Contents                       ;
+--------------------------------+----------------+-------------------+-------------------------+------------------------+------------------------------+--------------------------------+
; Top                            ; User-created   ; Source File       ; N/A                     ; Source File            ; N/A                          ;                                ;
; hard_block:auto_generated_inst ; Auto-generated ; Source File       ; N/A                     ; Source File            ; N/A                          ; hard_block:auto_generated_inst ;
+--------------------------------+----------------+-------------------+-------------------------+------------------------+------------------------------+--------------------------------+


+------------------------------------------------------------------------------------------------------------------------------------+
; Incremental Compilation Placement Preservation                                                                                     ;
+--------------------------------+-----------------------+-------------------------+-------------------+---------------------+-------+
; Partition Name                 ; Preservation Achieved ; Preservation Level Used ; Netlist Type Used ; Preservation Method ; Notes ;
+--------------------------------+-----------------------+-------------------------+-------------------+---------------------+-------+
; Top                            ; 0.00 % ( 0 / 801 )    ; N/A                     ; Source File       ; N/A                 ;       ;
; hard_block:auto_generated_inst ; 0.00 % ( 0 / 16 )     ; N/A                     ; Source File       ; N/A                 ;       ;
+--------------------------------+-----------------------+-------------------------+-------------------+---------------------+-------+


+--------------+
; Pin-Out File ;
+--------------+
The pin-out file can be found in C:/Users/Tatiane/Documents/Eletronica/PBL-CD/PBL2/projeto/output_files/halfadder.pin.


+---------------------------------------------------------------------+
; Fitter Resource Usage Summary                                       ;
+---------------------------------------------+-----------------------+
; Resource                                    ; Usage                 ;
+---------------------------------------------+-----------------------+
; Total logic elements                        ; 686 / 49,760 ( 1 % )  ;
;     -- Combinational with no register       ; 686                   ;
;     -- Register only                        ; 0                     ;
;     -- Combinational with a register        ; 0                     ;
;                                             ;                       ;
; Logic element usage by number of LUT inputs ;                       ;
;     -- 4 input functions                    ; 483                   ;
;     -- 3 input functions                    ; 93                    ;
;     -- <=2 input functions                  ; 110                   ;
;     -- Register only                        ; 0                     ;
;                                             ;                       ;
; Logic elements by mode                      ;                       ;
;     -- normal mode                          ; 686                   ;
;     -- arithmetic mode                      ; 0                     ;
;                                             ;                       ;
; Total registers*                            ; 0 / 51,509 ( 0 % )    ;
;     -- Dedicated logic registers            ; 0 / 49,760 ( 0 % )    ;
;     -- I/O registers                        ; 0 / 1,749 ( 0 % )     ;
;                                             ;                       ;
; Total LABs:  partially or completely used   ; 50 / 3,110 ( 2 % )    ;
; Virtual pins                                ; 0                     ;
; I/O pins                                    ; 56 / 360 ( 16 % )     ;
;     -- Clock pins                           ; 2 / 8 ( 25 % )        ;
;     -- Dedicated input pins                 ; 1 / 1 ( 100 % )       ;
;                                             ;                       ;
; M9Ks                                        ; 0 / 182 ( 0 % )       ;
; UFM blocks                                  ; 0 / 1 ( 0 % )         ;
; ADC blocks                                  ; 0 / 2 ( 0 % )         ;
; Total block memory bits                     ; 0 / 1,677,312 ( 0 % ) ;
; Total block memory implementation bits      ; 0 / 1,677,312 ( 0 % ) ;
; Embedded Multiplier 9-bit elements          ; 0 / 288 ( 0 % )       ;
; PLLs                                        ; 0 / 4 ( 0 % )         ;
; Global signals                              ; 0                     ;
;     -- Global clocks                        ; 0 / 20 ( 0 % )        ;
; JTAGs                                       ; 0 / 1 ( 0 % )         ;
; CRC blocks                                  ; 0 / 1 ( 0 % )         ;
; Remote update blocks                        ; 0 / 1 ( 0 % )         ;
; Oscillator blocks                           ; 0 / 1 ( 0 % )         ;
; Impedance control blocks                    ; 0 / 1 ( 0 % )         ;
; Average interconnect usage (total/H/V)      ; 0.3% / 0.3% / 0.4%    ;
; Peak interconnect usage (total/H/V)         ; 5.0% / 4.0% / 6.4%    ;
; Maximum fan-out                             ; 46                    ;
; Highest non-global fan-out                  ; 46                    ;
; Total fan-out                               ; 2520                  ;
; Average fan-out                             ; 3.08                  ;
+---------------------------------------------+-----------------------+
*  Register count does not include registers inside RAM blocks or DSP blocks.



+----------------------------------------------------------------------------------------------------+
; Fitter Partition Statistics                                                                        ;
+---------------------------------------------+---------------------+--------------------------------+
; Statistic                                   ; Top                 ; hard_block:auto_generated_inst ;
+---------------------------------------------+---------------------+--------------------------------+
; Difficulty Clustering Region                ; Low                 ; Low                            ;
;                                             ;                     ;                                ;
; Total logic elements                        ; 686 / 49760 ( 1 % ) ; 0 / 49760 ( 0 % )              ;
;     -- Combinational with no register       ; 686                 ; 0                              ;
;     -- Register only                        ; 0                   ; 0                              ;
;     -- Combinational with a register        ; 0                   ; 0                              ;
;                                             ;                     ;                                ;
; Logic element usage by number of LUT inputs ;                     ;                                ;
;     -- 4 input functions                    ; 483                 ; 0                              ;
;     -- 3 input functions                    ; 93                  ; 0                              ;
;     -- <=2 input functions                  ; 110                 ; 0                              ;
;     -- Register only                        ; 0                   ; 0                              ;
;                                             ;                     ;                                ;
; Logic elements by mode                      ;                     ;                                ;
;     -- normal mode                          ; 686                 ; 0                              ;
;     -- arithmetic mode                      ; 0                   ; 0                              ;
;                                             ;                     ;                                ;
; Total registers                             ; 0                   ; 0                              ;
;     -- Dedicated logic registers            ; 0 / 49760 ( 0 % )   ; 0 / 49760 ( 0 % )              ;
;     -- I/O registers                        ; 0                   ; 0                              ;
;                                             ;                     ;                                ;
; Total LABs:  partially or completely used   ; 50 / 3110 ( 2 % )   ; 0 / 3110 ( 0 % )               ;
;                                             ;                     ;                                ;
; Virtual pins                                ; 0                   ; 0                              ;
; I/O pins                                    ; 56                  ; 0                              ;
; Embedded Multiplier 9-bit elements          ; 0 / 288 ( 0 % )     ; 0 / 288 ( 0 % )                ;
; Total memory bits                           ; 0                   ; 0                              ;
; Total RAM block bits                        ; 0                   ; 0                              ;
; User Flash Memory                           ; 1 / 1 ( 100 % )     ; 0 / 1 ( 0 % )                  ;
; Analog-to-Digital Converter                 ; 2 / 2 ( 100 % )     ; 0 / 2 ( 0 % )                  ;
;                                             ;                     ;                                ;
; Connections                                 ;                     ;                                ;
;     -- Input Connections                    ; 0                   ; 0                              ;
;     -- Registered Input Connections         ; 0                   ; 0                              ;
;     -- Output Connections                   ; 0                   ; 0                              ;
;     -- Registered Output Connections        ; 0                   ; 0                              ;
;                                             ;                     ;                                ;
; Internal Connections                        ;                     ;                                ;
;     -- Total Connections                    ; 2526                ; 8                              ;
;     -- Registered Connections               ; 0                   ; 0                              ;
;                                             ;                     ;                                ;
; External Connections                        ;                     ;                                ;
;     -- Top                                  ; 0                   ; 0                              ;
;     -- hard_block:auto_generated_inst       ; 0                   ; 0                              ;
;                                             ;                     ;                                ;
; Partition Interface                         ;                     ;                                ;
;     -- Input Ports                          ; 32                  ; 0                              ;
;     -- Output Ports                         ; 24                  ; 0                              ;
;     -- Bidir Ports                          ; 0                   ; 0                              ;
;                                             ;                     ;                                ;
; Registered Ports                            ;                     ;                                ;
;     -- Registered Input Ports               ; 0                   ; 0                              ;
;     -- Registered Output Ports              ; 0                   ; 0                              ;
;                                             ;                     ;                                ;
; Port Connectivity                           ;                     ;                                ;
;     -- Input Ports driven by GND            ; 0                   ; 0                              ;
;     -- Output Ports driven by GND           ; 0                   ; 0                              ;
;     -- Input Ports driven by VCC            ; 0                   ; 0                              ;
;     -- Output Ports driven by VCC           ; 0                   ; 0                              ;
;     -- Input Ports with no Source           ; 0                   ; 0                              ;
;     -- Output Ports with no Source          ; 0                   ; 0                              ;
;     -- Input Ports with no Fanout           ; 0                   ; 0                              ;
;     -- Output Ports with no Fanout          ; 0                   ; 0                              ;
+---------------------------------------------+---------------------+--------------------------------+


+---------------------------------------------------------------------------------------------------------------------------------------------------------------------------------------------------------------------------------------------------------------------------------------+
; Input Pins                                                                                                                                                                                                                                                                            ;
+------+-------+----------+--------------+--------------+--------------+-----------------------+--------------------+--------+----------------+---------------+-----------------+----------+--------------+--------------+---------------------------+----------------------+-----------+
; Name ; Pin # ; I/O Bank ; X coordinate ; Y coordinate ; Z coordinate ; Combinational Fan-Out ; Registered Fan-Out ; Global ; Input Register ; Power Up High ; PCI I/O Enabled ; Bus Hold ; Weak Pull Up ; I/O Standard ; Termination Control Block ; Location assigned by ; Slew Rate ;
+------+-------+----------+--------------+--------------+--------------+-----------------------+--------------------+--------+----------------+---------------+-----------------+----------+--------------+--------------+---------------------------+----------------------+-----------+
; A[0] ; A6    ; 8        ; 34           ; 39           ; 28           ; 30                    ; 0                  ; no     ; no             ; no            ; yes             ; no       ; Off          ; 2.5 V        ; --                        ; Fitter               ; 0         ;
; A[1] ; B7    ; 8        ; 34           ; 39           ; 21           ; 24                    ; 0                  ; no     ; no             ; no            ; yes             ; no       ; Off          ; 2.5 V        ; --                        ; Fitter               ; 0         ;
; A[2] ; E11   ; 8        ; 36           ; 39           ; 14           ; 23                    ; 0                  ; no     ; no             ; no            ; yes             ; no       ; Off          ; 2.5 V        ; --                        ; Fitter               ; 0         ;
; A[3] ; H11   ; 8        ; 34           ; 39           ; 14           ; 23                    ; 0                  ; no     ; no             ; no            ; yes             ; no       ; Off          ; 2.5 V        ; --                        ; Fitter               ; 0         ;
; A[4] ; C8    ; 8        ; 36           ; 39           ; 28           ; 24                    ; 0                  ; no     ; no             ; no            ; yes             ; no       ; Off          ; 2.5 V        ; --                        ; Fitter               ; 0         ;
; A[5] ; D9    ; 8        ; 31           ; 39           ; 7            ; 22                    ; 0                  ; no     ; no             ; no            ; yes             ; no       ; Off          ; 2.5 V        ; --                        ; Fitter               ; 0         ;
; A[6] ; J10   ; 8        ; 34           ; 39           ; 7            ; 22                    ; 0                  ; no     ; no             ; no            ; yes             ; no       ; Off          ; 2.5 V        ; --                        ; Fitter               ; 0         ;
; A[7] ; E13   ; 7        ; 56           ; 54           ; 14           ; 20                    ; 0                  ; no     ; no             ; no            ; yes             ; no       ; Off          ; 2.5 V        ; --                        ; Fitter               ; 0         ;
; B[0] ; B16   ; 7        ; 60           ; 54           ; 7            ; 10                    ; 0                  ; no     ; no             ; no            ; yes             ; no       ; Off          ; 2.5 V        ; --                        ; Fitter               ; 0         ;
; B[1] ; J11   ; 7        ; 49           ; 54           ; 21           ; 12                    ; 0                  ; no     ; no             ; no            ; yes             ; no       ; Off          ; 2.5 V        ; --                        ; Fitter               ; 0         ;
; B[2] ; H12   ; 7        ; 49           ; 54           ; 14           ; 13                    ; 0                  ; no     ; no             ; no            ; yes             ; no       ; Off          ; 2.5 V        ; --                        ; Fitter               ; 0         ;
; B[3] ; B14   ; 7        ; 56           ; 54           ; 0            ; 14                    ; 0                  ; no     ; no             ; no            ; yes             ; no       ; Off          ; 2.5 V        ; --                        ; Fitter               ; 0         ;
; B[4] ; B10   ; 7        ; 46           ; 54           ; 7            ; 12                    ; 0                  ; no     ; no             ; no            ; yes             ; no       ; Off          ; 2.5 V        ; --                        ; Fitter               ; 0         ;
; B[5] ; E10   ; 8        ; 36           ; 39           ; 21           ; 12                    ; 0                  ; no     ; no             ; no            ; yes             ; no       ; Off          ; 2.5 V        ; --                        ; Fitter               ; 0         ;
; B[6] ; A15   ; 7        ; 58           ; 54           ; 0            ; 12                    ; 0                  ; no     ; no             ; no            ; yes             ; no       ; Off          ; 2.5 V        ; --                        ; Fitter               ; 0         ;
; B[7] ; A16   ; 7        ; 60           ; 54           ; 14           ; 23                    ; 0                  ; no     ; no             ; no            ; yes             ; no       ; Off          ; 2.5 V        ; --                        ; Fitter               ; 0         ;
; C[0] ; A7    ; 7        ; 49           ; 54           ; 28           ; 7                     ; 0                  ; no     ; no             ; no            ; yes             ; no       ; Off          ; 2.5 V        ; --                        ; Fitter               ; 0         ;
; C[1] ; B15   ; 7        ; 58           ; 54           ; 7            ; 5                     ; 0                  ; no     ; no             ; no            ; yes             ; no       ; Off          ; 2.5 V        ; --                        ; Fitter               ; 0         ;
; C[2] ; C14   ; 7        ; 58           ; 54           ; 14           ; 6                     ; 0                  ; no     ; no             ; no            ; yes             ; no       ; Off          ; 2.5 V        ; --                        ; Fitter               ; 0         ;
; C[3] ; D14   ; 7        ; 56           ; 54           ; 7            ; 3                     ; 0                  ; no     ; no             ; no            ; yes             ; no       ; Off          ; 2.5 V        ; --                        ; Fitter               ; 0         ;
; C[4] ; C7    ; 8        ; 34           ; 39           ; 0            ; 5                     ; 0                  ; no     ; no             ; no            ; yes             ; no       ; Off          ; 2.5 V        ; --                        ; Fitter               ; 0         ;
; C[5] ; C13   ; 7        ; 58           ; 54           ; 21           ; 4                     ; 0                  ; no     ; no             ; no            ; yes             ; no       ; Off          ; 2.5 V        ; --                        ; Fitter               ; 0         ;
; C[6] ; F17   ; 6        ; 78           ; 43           ; 21           ; 5                     ; 0                  ; no     ; no             ; no            ; yes             ; no       ; Off          ; 2.5 V        ; --                        ; Fitter               ; 0         ;
; C[7] ; A10   ; 7        ; 51           ; 54           ; 14           ; 34                    ; 0                  ; no     ; no             ; no            ; yes             ; no       ; Off          ; 2.5 V        ; --                        ; Fitter               ; 0         ;
; X[0] ; C10   ; 7        ; 51           ; 54           ; 28           ; 46                    ; 0                  ; no     ; no             ; no            ; yes             ; no       ; Off          ; 2.5 V        ; --                        ; User                 ; 0         ;
; X[1] ; C11   ; 7        ; 51           ; 54           ; 21           ; 46                    ; 0                  ; no     ; no             ; no            ; yes             ; no       ; Off          ; 2.5 V        ; --                        ; User                 ; 0         ;
; X[2] ; D12   ; 7        ; 51           ; 54           ; 0            ; 36                    ; 0                  ; no     ; no             ; no            ; yes             ; no       ; Off          ; 2.5 V        ; --                        ; User                 ; 0         ;
; X[3] ; C12   ; 7        ; 54           ; 54           ; 28           ; 36                    ; 0                  ; no     ; no             ; no            ; yes             ; no       ; Off          ; 2.5 V        ; --                        ; User                 ; 0         ;
; X[4] ; A12   ; 7        ; 54           ; 54           ; 21           ; 33                    ; 0                  ; no     ; no             ; no            ; yes             ; no       ; Off          ; 2.5 V        ; --                        ; User                 ; 0         ;
; X[5] ; B12   ; 7        ; 49           ; 54           ; 0            ; 31                    ; 0                  ; no     ; no             ; no            ; yes             ; no       ; Off          ; 2.5 V        ; --                        ; User                 ; 0         ;
; X[6] ; A13   ; 7        ; 54           ; 54           ; 14           ; 34                    ; 0                  ; no     ; no             ; no            ; yes             ; no       ; Off          ; 2.5 V        ; --                        ; User                 ; 0         ;
; X[7] ; A14   ; 7        ; 58           ; 54           ; 28           ; 37                    ; 0                  ; no     ; no             ; no            ; yes             ; no       ; Off          ; 2.5 V        ; --                        ; User                 ; 0         ;
+------+-------+----------+--------------+--------------+--------------+-----------------------+--------------------+--------+----------------+---------------+-----------------+----------+--------------+--------------+---------------------------+----------------------+-----------+


+--------------------------------------------------------------------------------------------------------------------------------------------------------------------------------------------------------------------------------------------------------------------------------------------------------------------------------------------------------------------------------------------------------------------------------------------------------+
; Output Pins                                                                                                                                                                                                                                                                                                                                                                                                                                            ;
+-------+-------+----------+--------------+--------------+--------------+-----------------+------------------------+---------------+-----------+-----------------+------------+---------------+----------+--------------+--------------+------------------+-----------------------------------+---------------------------+----------------------------+-----------------------------+----------------------+----------------------+---------------------+
; Name  ; Pin # ; I/O Bank ; X coordinate ; Y coordinate ; Z coordinate ; Output Register ; Output Enable Register ; Power Up High ; Slew Rate ; PCI I/O Enabled ; Open Drain ; TRI Primitive ; Bus Hold ; Weak Pull Up ; I/O Standard ; Current Strength ; Termination                       ; Termination Control Block ; Output Buffer Pre-emphasis ; Voltage Output Differential ; Location assigned by ; Output Enable Source ; Output Enable Group ;
+-------+-------+----------+--------------+--------------+--------------+-----------------+------------------------+---------------+-----------+-----------------+------------+---------------+----------+--------------+--------------+------------------+-----------------------------------+---------------------------+----------------------------+-----------------------------+----------------------+----------------------+---------------------+
; Y[0]  ; J13   ; 7        ; 60           ; 54           ; 28           ; no              ; no                     ; no            ; 2         ; no              ; no         ; no            ; no       ; Off          ; 2.5 V        ; Default          ; Series 50 Ohm without Calibration ; --                        ; no                         ; no                          ; Fitter               ; -                    ; -                   ;
; Y[10] ; J15   ; 6        ; 78           ; 44           ; 14           ; no              ; no                     ; no            ; 2         ; no              ; no         ; no            ; no       ; Off          ; 2.5 V        ; Default          ; Series 50 Ohm without Calibration ; --                        ; no                         ; no                          ; Fitter               ; -                    ; -                   ;
; Y[11] ; B21   ; 6        ; 78           ; 43           ; 0            ; no              ; no                     ; no            ; 2         ; no              ; no         ; no            ; no       ; Off          ; 2.5 V        ; Default          ; Series 50 Ohm without Calibration ; --                        ; no                         ; no                          ; Fitter               ; -                    ; -                   ;
; Y[12] ; C9    ; 7        ; 46           ; 54           ; 14           ; no              ; no                     ; no            ; 2         ; no              ; no         ; no            ; no       ; Off          ; 2.5 V        ; Default          ; Series 50 Ohm without Calibration ; --                        ; no                         ; no                          ; Fitter               ; -                    ; -                   ;
; Y[13] ; C15   ; 7        ; 60           ; 54           ; 0            ; no              ; no                     ; no            ; 2         ; no              ; no         ; no            ; no       ; Off          ; 2.5 V        ; Default          ; Series 50 Ohm without Calibration ; --                        ; no                         ; no                          ; Fitter               ; -                    ; -                   ;
; Y[14] ; A19   ; 7        ; 66           ; 54           ; 7            ; no              ; no                     ; no            ; 2         ; no              ; no         ; no            ; no       ; Off          ; 2.5 V        ; Default          ; Series 50 Ohm without Calibration ; --                        ; no                         ; no                          ; Fitter               ; -                    ; -                   ;
; Y[15] ; A5    ; 8        ; 31           ; 39           ; 14           ; no              ; no                     ; no            ; 2         ; no              ; no         ; no            ; no       ; Off          ; 2.5 V        ; Default          ; Series 50 Ohm without Calibration ; --                        ; no                         ; no                          ; Fitter               ; -                    ; -                   ;
; Y[16] ; A20   ; 7        ; 66           ; 54           ; 0            ; no              ; no                     ; no            ; 2         ; no              ; no         ; no            ; no       ; Off          ; 2.5 V        ; Default          ; Series 50 Ohm without Calibration ; --                        ; no                         ; no                          ; Fitter               ; -                    ; -                   ;
; Y[17] ; A18   ; 7        ; 66           ; 54           ; 28           ; no              ; no                     ; no            ; 2         ; no              ; no         ; no            ; no       ; Off          ; 2.5 V        ; Default          ; Series 50 Ohm without Calibration ; --                        ; no                         ; no                          ; Fitter               ; -                    ; -                   ;
; Y[18] ; C16   ; 7        ; 62           ; 54           ; 28           ; no              ; no                     ; no            ; 2         ; no              ; no         ; no            ; no       ; Off          ; 2.5 V        ; Default          ; Series 50 Ohm without Calibration ; --                        ; no                         ; no                          ; Fitter               ; -                    ; -                   ;
; Y[19] ; A4    ; 8        ; 31           ; 39           ; 21           ; no              ; no                     ; no            ; 2         ; no              ; no         ; no            ; no       ; Off          ; 2.5 V        ; Default          ; Series 50 Ohm without Calibration ; --                        ; no                         ; no                          ; Fitter               ; -                    ; -                   ;
; Y[1]  ; D13   ; 7        ; 56           ; 54           ; 28           ; no              ; no                     ; no            ; 2         ; no              ; no         ; no            ; no       ; Off          ; 2.5 V        ; Default          ; Series 50 Ohm without Calibration ; --                        ; no                         ; no                          ; Fitter               ; -                    ; -                   ;
; Y[20] ; D10   ; 8        ; 31           ; 39           ; 28           ; no              ; no                     ; no            ; 2         ; no              ; no         ; no            ; no       ; Off          ; 2.5 V        ; Default          ; Series 50 Ohm without Calibration ; --                        ; no                         ; no                          ; Fitter               ; -                    ; -                   ;
; Y[21] ; D8    ; 8        ; 31           ; 39           ; 0            ; no              ; no                     ; no            ; 2         ; no              ; no         ; no            ; no       ; Off          ; 2.5 V        ; Default          ; Series 50 Ohm without Calibration ; --                        ; no                         ; no                          ; Fitter               ; -                    ; -                   ;
; Y[22] ; A8    ; 7        ; 46           ; 54           ; 0            ; no              ; no                     ; no            ; 2         ; no              ; no         ; no            ; no       ; Off          ; 2.5 V        ; Default          ; Series 50 Ohm without Calibration ; --                        ; no                         ; no                          ; Fitter               ; -                    ; -                   ;
; Y[23] ; B11   ; 7        ; 49           ; 54           ; 7            ; no              ; no                     ; no            ; 2         ; no              ; no         ; no            ; no       ; Off          ; 2.5 V        ; Default          ; Series 50 Ohm without Calibration ; --                        ; no                         ; no                          ; Fitter               ; -                    ; -                   ;
; Y[2]  ; E12   ; 7        ; 56           ; 54           ; 21           ; no              ; no                     ; no            ; 2         ; no              ; no         ; no            ; no       ; Off          ; 2.5 V        ; Default          ; Series 50 Ohm without Calibration ; --                        ; no                         ; no                          ; Fitter               ; -                    ; -                   ;
; Y[3]  ; J12   ; 7        ; 54           ; 54           ; 7            ; no              ; no                     ; no            ; 2         ; no              ; no         ; no            ; no       ; Off          ; 2.5 V        ; Default          ; Series 50 Ohm without Calibration ; --                        ; no                         ; no                          ; Fitter               ; -                    ; -                   ;
; Y[4]  ; B17   ; 7        ; 69           ; 54           ; 28           ; no              ; no                     ; no            ; 2         ; no              ; no         ; no            ; no       ; Off          ; 2.5 V        ; Default          ; Series 50 Ohm without Calibration ; --                        ; no                         ; no                          ; Fitter               ; -                    ; -                   ;
; Y[5]  ; H13   ; 7        ; 54           ; 54           ; 0            ; no              ; no                     ; no            ; 2         ; no              ; no         ; no            ; no       ; Off          ; 2.5 V        ; Default          ; Series 50 Ohm without Calibration ; --                        ; no                         ; no                          ; Fitter               ; -                    ; -                   ;
; Y[6]  ; A11   ; 7        ; 51           ; 54           ; 7            ; no              ; no                     ; no            ; 2         ; no              ; no         ; no            ; no       ; Off          ; 2.5 V        ; Default          ; Series 50 Ohm without Calibration ; --                        ; no                         ; no                          ; Fitter               ; -                    ; -                   ;
; Y[7]  ; B8    ; 7        ; 46           ; 54           ; 28           ; no              ; no                     ; no            ; 2         ; no              ; no         ; no            ; no       ; Off          ; 2.5 V        ; Default          ; Series 50 Ohm without Calibration ; --                        ; no                         ; no                          ; Fitter               ; -                    ; -                   ;
; Y[8]  ; H14   ; 7        ; 60           ; 54           ; 21           ; no              ; no                     ; no            ; 2         ; no              ; no         ; no            ; no       ; Off          ; 2.5 V        ; Default          ; Series 50 Ohm without Calibration ; --                        ; no                         ; no                          ; Fitter               ; -                    ; -                   ;
; Y[9]  ; A9    ; 7        ; 46           ; 54           ; 21           ; no              ; no                     ; no            ; 2         ; no              ; no         ; no            ; no       ; Off          ; 2.5 V        ; Default          ; Series 50 Ohm without Calibration ; --                        ; no                         ; no                          ; Fitter               ; -                    ; -                   ;
+-------+-------+----------+--------------+--------------+--------------+-----------------+------------------------+---------------+-----------+-----------------+------------+---------------+----------+--------------+--------------+------------------+-----------------------------------+---------------------------+----------------------------+-----------------------------+----------------------+----------------------+---------------------+


+-----------------------------------------------------------------------------------------------------------------------------------------+
; Dual Purpose and Dedicated Pins                                                                                                         ;
+----------+----------------------------------------------------+--------------------------------+---------------------+------------------+
; Location ; Pin Name                                           ; Reserved As                    ; User Signal Name    ; Pin Type         ;
+----------+----------------------------------------------------+--------------------------------+---------------------+------------------+
; H2       ; DIFFIO_RX_L17n, DIFFOUT_L17n, TMS, Low_Speed       ; Reserved as secondary function ; ~ALTERA_TMS~        ; Dual Purpose Pin ;
; G2       ; DIFFIO_RX_L17p, DIFFOUT_L17p, TCK, Low_Speed       ; Reserved as secondary function ; ~ALTERA_TCK~        ; Dual Purpose Pin ;
; L4       ; DIFFIO_RX_L18n, DIFFOUT_L18n, TDI, Low_Speed       ; Reserved as secondary function ; ~ALTERA_TDI~        ; Dual Purpose Pin ;
; M5       ; DIFFIO_RX_L18p, DIFFOUT_L18p, TDO, Low_Speed       ; Reserved as secondary function ; ~ALTERA_TDO~        ; Dual Purpose Pin ;
; D9       ; DIFFIO_RX_T42n, DIFFOUT_T42n, DEV_CLRn, Low_Speed  ; Use as regular IO              ; A[5]                ; Dual Purpose Pin ;
; D10      ; DIFFIO_RX_T44p, DIFFOUT_T44p, DEV_OE, Low_Speed    ; Use as regular IO              ; Y[20]               ; Dual Purpose Pin ;
; H10      ; CONFIG_SEL, Low_Speed                              ; Reserved as secondary function ; ~ALTERA_CONFIG_SEL~ ; Dual Purpose Pin ;
; H9       ; nCONFIG, Low_Speed                                 ; Reserved as secondary function ; ~ALTERA_nCONFIG~    ; Dual Purpose Pin ;
; G9       ; DIFFIO_RX_T50p, DIFFOUT_T50p, nSTATUS, Low_Speed   ; Reserved as secondary function ; ~ALTERA_nSTATUS~    ; Dual Purpose Pin ;
; F8       ; DIFFIO_RX_T50n, DIFFOUT_T50n, CONF_DONE, Low_Speed ; Reserved as secondary function ; ~ALTERA_CONF_DONE~  ; Dual Purpose Pin ;
+----------+----------------------------------------------------+--------------------------------+---------------------+------------------+


+------------------------------------------------------------+
; I/O Bank Usage                                             ;
+----------+------------------+---------------+--------------+
; I/O Bank ; Usage            ; VCCIO Voltage ; VREF Voltage ;
+----------+------------------+---------------+--------------+
; 1A       ; 0 / 16 ( 0 % )   ; 2.5V          ; --           ;
; 1B       ; 4 / 24 ( 17 % )  ; 2.5V          ; --           ;
; 2        ; 0 / 36 ( 0 % )   ; 2.5V          ; --           ;
; 3        ; 0 / 48 ( 0 % )   ; 2.5V          ; --           ;
; 4        ; 0 / 48 ( 0 % )   ; 2.5V          ; --           ;
; 5        ; 0 / 40 ( 0 % )   ; 2.5V          ; --           ;
; 6        ; 3 / 60 ( 5 % )   ; 2.5V          ; --           ;
; 7        ; 40 / 52 ( 77 % ) ; 2.5V          ; --           ;
; 8        ; 17 / 36 ( 47 % ) ; 2.5V          ; --           ;
+----------+------------------+---------------+--------------+


+---------------------------------------------------------------------------------------------------------------------------------------------------------------------------------------+
; All Package Pins                                                                                                                                                                      ;
+----------+------------+----------+------------------------------------------------+--------+-----------------------+---------+------------+-----------------+----------+--------------+
; Location ; Pad Number ; I/O Bank ; Pin Name/Usage                                 ; Dir.   ; I/O Standard          ; Voltage ; I/O Type   ; User Assignment ; Bus Hold ; Weak Pull Up ;
+----------+------------+----------+------------------------------------------------+--------+-----------------------+---------+------------+-----------------+----------+--------------+
; A1       ;            ;          ; GND                                            ; gnd    ;                       ;         ; --         ;                 ; --       ; --           ;
; A2       ; 481        ; 8        ; RESERVED_INPUT_WITH_WEAK_PULLUP                ;        ;                       ;         ; Column I/O ;                 ; no       ; On           ;
; A3       ; 483        ; 8        ; RESERVED_INPUT_WITH_WEAK_PULLUP                ;        ;                       ;         ; Column I/O ;                 ; no       ; On           ;
; A4       ; 475        ; 8        ; Y[19]                                          ; output ; 2.5 V                 ;         ; Column I/O ; N               ; no       ; Off          ;
; A5       ; 473        ; 8        ; Y[15]                                          ; output ; 2.5 V                 ;         ; Column I/O ; N               ; no       ; Off          ;
; A6       ; 471        ; 8        ; A[0]                                           ; input  ; 2.5 V                 ;         ; Column I/O ; N               ; no       ; Off          ;
; A7       ; 445        ; 7        ; C[0]                                           ; input  ; 2.5 V                 ;         ; Column I/O ; N               ; no       ; Off          ;
; A8       ; 447        ; 7        ; Y[22]                                          ; output ; 2.5 V                 ;         ; Column I/O ; N               ; no       ; Off          ;
; A9       ; 449        ; 7        ; Y[9]                                           ; output ; 2.5 V                 ;         ; Column I/O ; N               ; no       ; Off          ;
; A10      ; 439        ; 7        ; C[7]                                           ; input  ; 2.5 V                 ;         ; Column I/O ; N               ; no       ; Off          ;
; A11      ; 437        ; 7        ; Y[6]                                           ; output ; 2.5 V                 ;         ; Column I/O ; N               ; no       ; Off          ;
; A12      ; 435        ; 7        ; X[4]                                           ; input  ; 2.5 V                 ;         ; Column I/O ; Y               ; no       ; Off          ;
; A13      ; 433        ; 7        ; X[6]                                           ; input  ; 2.5 V                 ;         ; Column I/O ; Y               ; no       ; Off          ;
; A14      ; 425        ; 7        ; X[7]                                           ; input  ; 2.5 V                 ;         ; Column I/O ; Y               ; no       ; Off          ;
; A15      ; 421        ; 7        ; B[6]                                           ; input  ; 2.5 V                 ;         ; Column I/O ; N               ; no       ; Off          ;
; A16      ; 419        ; 7        ; B[7]                                           ; input  ; 2.5 V                 ;         ; Column I/O ; N               ; no       ; Off          ;
; A17      ; 407        ; 7        ; RESERVED_INPUT_WITH_WEAK_PULLUP                ;        ;                       ;         ; Column I/O ;                 ; no       ; On           ;
; A18      ; 405        ; 7        ; Y[17]                                          ; output ; 2.5 V                 ;         ; Column I/O ; N               ; no       ; Off          ;
; A19      ; 403        ; 7        ; Y[14]                                          ; output ; 2.5 V                 ;         ; Column I/O ; N               ; no       ; Off          ;
; A20      ; 401        ; 7        ; Y[16]                                          ; output ; 2.5 V                 ;         ; Column I/O ; N               ; no       ; Off          ;
; A21      ; 371        ; 6        ; RESERVED_INPUT_WITH_WEAK_PULLUP                ;        ;                       ;         ; Row I/O    ;                 ; no       ; On           ;
; A22      ;            ;          ; GND                                            ; gnd    ;                       ;         ; --         ;                 ; --       ; --           ;
; AA1      ; 133        ; 3        ; RESERVED_INPUT_WITH_WEAK_PULLUP                ;        ;                       ;         ; Column I/O ;                 ; no       ; On           ;
; AA2      ; 135        ; 3        ; RESERVED_INPUT_WITH_WEAK_PULLUP                ;        ;                       ;         ; Column I/O ;                 ; no       ; On           ;
; AA3      ; 153        ; 3        ; RESERVED_INPUT_WITH_WEAK_PULLUP                ;        ;                       ;         ; Column I/O ;                 ; --       ; --           ;
; AA4      ;            ;          ; GND                                            ; gnd    ;                       ;         ; --         ;                 ; --       ; --           ;
; AA5      ; 157        ; 3        ; RESERVED_INPUT_WITH_WEAK_PULLUP                ;        ;                       ;         ; Column I/O ;                 ; no       ; On           ;
; AA6      ; 156        ; 3        ; RESERVED_INPUT_WITH_WEAK_PULLUP                ;        ;                       ;         ; Column I/O ;                 ; no       ; On           ;
; AA7      ; 158        ; 3        ; RESERVED_INPUT_WITH_WEAK_PULLUP                ;        ;                       ;         ; Column I/O ;                 ; no       ; On           ;
; AA8      ; 165        ; 3        ; RESERVED_INPUT_WITH_WEAK_PULLUP                ;        ;                       ;         ; Column I/O ;                 ; no       ; On           ;
; AA9      ; 169        ; 3        ; RESERVED_INPUT_WITH_WEAK_PULLUP                ;        ;                       ;         ; Column I/O ;                 ; no       ; On           ;
; AA10     ; 170        ; 3        ; RESERVED_INPUT_WITH_WEAK_PULLUP                ;        ;                       ;         ; Column I/O ;                 ; no       ; On           ;
; AA11     ; 180        ; 4        ; RESERVED_INPUT_WITH_WEAK_PULLUP                ;        ;                       ;         ; Column I/O ;                 ; no       ; On           ;
; AA12     ; 182        ; 4        ; RESERVED_INPUT_WITH_WEAK_PULLUP                ;        ;                       ;         ; Column I/O ;                 ; no       ; On           ;
; AA13     ; 197        ; 4        ; RESERVED_INPUT_WITH_WEAK_PULLUP                ;        ;                       ;         ; Column I/O ;                 ; --       ; --           ;
; AA14     ; 201        ; 4        ; RESERVED_INPUT_WITH_WEAK_PULLUP                ;        ;                       ;         ; Column I/O ;                 ; no       ; On           ;
; AA15     ; 205        ; 4        ; RESERVED_INPUT_WITH_WEAK_PULLUP                ;        ;                       ;         ; Column I/O ;                 ; no       ; On           ;
; AA16     ; 211        ; 4        ; RESERVED_INPUT_WITH_WEAK_PULLUP                ;        ;                       ;         ; Column I/O ;                 ; no       ; On           ;
; AA17     ; 212        ; 4        ; RESERVED_INPUT_WITH_WEAK_PULLUP                ;        ;                       ;         ; Column I/O ;                 ; no       ; On           ;
; AA18     ;            ;          ; GND                                            ; gnd    ;                       ;         ; --         ;                 ; --       ; --           ;
; AA19     ; 217        ; 4        ; RESERVED_INPUT_WITH_WEAK_PULLUP                ;        ;                       ;         ; Column I/O ;                 ; no       ; On           ;
; AA20     ; 227        ; 4        ; RESERVED_INPUT_WITH_WEAK_PULLUP                ;        ;                       ;         ; Column I/O ;                 ; no       ; On           ;
; AA21     ; 245        ; 5        ; RESERVED_INPUT_WITH_WEAK_PULLUP                ;        ;                       ;         ; Row I/O    ;                 ; no       ; On           ;
; AA22     ; 247        ; 5        ; RESERVED_INPUT_WITH_WEAK_PULLUP                ;        ;                       ;         ; Row I/O    ;                 ; no       ; On           ;
; AB1      ;            ;          ; GND                                            ; gnd    ;                       ;         ; --         ;                 ; --       ; --           ;
; AB2      ; 145        ; 3        ; RESERVED_INPUT_WITH_WEAK_PULLUP                ;        ;                       ;         ; Column I/O ;                 ; no       ; On           ;
; AB3      ; 147        ; 3        ; RESERVED_INPUT_WITH_WEAK_PULLUP                ;        ;                       ;         ; Column I/O ;                 ; no       ; On           ;
; AB4      ; 155        ; 3        ; RESERVED_INPUT_WITH_WEAK_PULLUP                ;        ;                       ;         ; Column I/O ;                 ; no       ; On           ;
; AB5      ; 159        ; 3        ; RESERVED_INPUT_WITH_WEAK_PULLUP                ;        ;                       ;         ; Column I/O ;                 ; no       ; On           ;
; AB6      ; 161        ; 3        ; RESERVED_INPUT_WITH_WEAK_PULLUP                ;        ;                       ;         ; Column I/O ;                 ; no       ; On           ;
; AB7      ; 163        ; 3        ; RESERVED_INPUT_WITH_WEAK_PULLUP                ;        ;                       ;         ; Column I/O ;                 ; no       ; On           ;
; AB8      ; 167        ; 3        ; RESERVED_INPUT_WITH_WEAK_PULLUP                ;        ;                       ;         ; Column I/O ;                 ; no       ; On           ;
; AB9      ; 171        ; 3        ; RESERVED_INPUT_WITH_WEAK_PULLUP                ;        ;                       ;         ; Column I/O ;                 ; no       ; On           ;
; AB10     ; 177        ; 4        ; RESERVED_INPUT_WITH_WEAK_PULLUP                ;        ;                       ;         ; Column I/O ;                 ; no       ; On           ;
; AB11     ; 179        ; 4        ; RESERVED_INPUT_WITH_WEAK_PULLUP                ;        ;                       ;         ; Column I/O ;                 ; no       ; On           ;
; AB12     ; 181        ; 4        ; RESERVED_INPUT_WITH_WEAK_PULLUP                ;        ;                       ;         ; Column I/O ;                 ; no       ; On           ;
; AB13     ; 183        ; 4        ; RESERVED_INPUT_WITH_WEAK_PULLUP                ;        ;                       ;         ; Column I/O ;                 ; no       ; On           ;
; AB14     ; 199        ; 4        ; RESERVED_INPUT_WITH_WEAK_PULLUP                ;        ;                       ;         ; Column I/O ;                 ; no       ; On           ;
; AB15     ; 203        ; 4        ; RESERVED_INPUT_WITH_WEAK_PULLUP                ;        ;                       ;         ; Column I/O ;                 ; no       ; On           ;
; AB16     ; 209        ; 4        ; RESERVED_INPUT_WITH_WEAK_PULLUP                ;        ;                       ;         ; Column I/O ;                 ; no       ; On           ;
; AB17     ; 241        ; 4        ; RESERVED_INPUT_WITH_WEAK_PULLUP                ;        ;                       ;         ; Column I/O ;                 ; no       ; On           ;
; AB18     ; 243        ; 4        ; RESERVED_INPUT_WITH_WEAK_PULLUP                ;        ;                       ;         ; Column I/O ;                 ; no       ; On           ;
; AB19     ; 213        ; 4        ; RESERVED_INPUT_WITH_WEAK_PULLUP                ;        ;                       ;         ; Column I/O ;                 ; no       ; On           ;
; AB20     ; 215        ; 4        ; RESERVED_INPUT_WITH_WEAK_PULLUP                ;        ;                       ;         ; Column I/O ;                 ; no       ; On           ;
; AB21     ; 225        ; 4        ; RESERVED_INPUT_WITH_WEAK_PULLUP                ;        ;                       ;         ; Column I/O ;                 ; no       ; On           ;
; AB22     ;            ;          ; GND                                            ; gnd    ;                       ;         ; --         ;                 ; --       ; --           ;
; B1       ; 495        ; 8        ; RESERVED_INPUT_WITH_WEAK_PULLUP                ;        ;                       ;         ; Column I/O ;                 ; no       ; On           ;
; B2       ; 493        ; 8        ; RESERVED_INPUT_WITH_WEAK_PULLUP                ;        ;                       ;         ; Column I/O ;                 ; no       ; On           ;
; B3       ; 484        ; 8        ; RESERVED_INPUT_WITH_WEAK_PULLUP                ;        ;                       ;         ; Column I/O ;                 ; no       ; On           ;
; B4       ; 486        ; 8        ; RESERVED_INPUT_WITH_WEAK_PULLUP                ;        ;                       ;         ; Column I/O ;                 ; no       ; On           ;
; B5       ; 485        ; 8        ; RESERVED_INPUT_WITH_WEAK_PULLUP                ;        ;                       ;         ; Column I/O ;                 ; no       ; On           ;
; B6       ;            ;          ; GND                                            ; gnd    ;                       ;         ; --         ;                 ; --       ; --           ;
; B7       ; 469        ; 8        ; A[1]                                           ; input  ; 2.5 V                 ;         ; Column I/O ; N               ; no       ; Off          ;
; B8       ; 451        ; 7        ; Y[7]                                           ; output ; 2.5 V                 ;         ; Column I/O ; N               ; no       ; Off          ;
; B9       ;            ;          ; GND                                            ; gnd    ;                       ;         ; --         ;                 ; --       ; --           ;
; B10      ; 448        ; 7        ; B[4]                                           ; input  ; 2.5 V                 ;         ; Column I/O ; N               ; no       ; Off          ;
; B11      ; 443        ; 7        ; Y[23]                                          ; output ; 2.5 V                 ;         ; Column I/O ; N               ; no       ; Off          ;
; B12      ; 441        ; 7        ; X[5]                                           ; input  ; 2.5 V                 ;         ; Column I/O ; Y               ; no       ; Off          ;
; B13      ;            ;          ; GND                                            ; gnd    ;                       ;         ; --         ;                 ; --       ; --           ;
; B14      ; 427        ; 7        ; B[3]                                           ; input  ; 2.5 V                 ;         ; Column I/O ; N               ; no       ; Off          ;
; B15      ; 423        ; 7        ; C[1]                                           ; input  ; 2.5 V                 ;         ; Column I/O ; N               ; no       ; Off          ;
; B16      ; 417        ; 7        ; B[0]                                           ; input  ; 2.5 V                 ;         ; Column I/O ; N               ; no       ; Off          ;
; B17      ; 402        ; 7        ; Y[4]                                           ; output ; 2.5 V                 ;         ; Column I/O ; N               ; no       ; Off          ;
; B18      ;            ;          ; GND                                            ; gnd    ;                       ;         ; --         ;                 ; --       ; --           ;
; B19      ; 399        ; 7        ; RESERVED_INPUT_WITH_WEAK_PULLUP                ;        ;                       ;         ; Column I/O ;                 ; no       ; On           ;
; B20      ; 369        ; 6        ; RESERVED_INPUT_WITH_WEAK_PULLUP                ;        ;                       ;         ; Row I/O    ;                 ; no       ; On           ;
; B21      ; 367        ; 6        ; Y[11]                                          ; output ; 2.5 V                 ;         ; Row I/O    ; N               ; no       ; Off          ;
; B22      ; 365        ; 6        ; RESERVED_INPUT_WITH_WEAK_PULLUP                ;        ;                       ;         ; Row I/O    ;                 ; no       ; On           ;
; C1       ; 33         ; 1B       ; RESERVED_INPUT_WITH_WEAK_PULLUP                ;        ;                       ;         ; Row I/O    ;                 ; --       ; --           ;
; C2       ; 499        ; 8        ; RESERVED_INPUT_WITH_WEAK_PULLUP                ;        ;                       ;         ; Column I/O ;                 ; no       ; On           ;
; C3       ; 497        ; 8        ; RESERVED_INPUT_WITH_WEAK_PULLUP                ;        ;                       ;         ; Column I/O ;                 ; no       ; On           ;
; C4       ; 487        ; 8        ; RESERVED_INPUT_WITH_WEAK_PULLUP                ;        ;                       ;         ; Column I/O ;                 ; no       ; On           ;
; C5       ; 489        ; 8        ; RESERVED_INPUT_WITH_WEAK_PULLUP                ;        ;                       ;         ; Column I/O ;                 ; no       ; On           ;
; C6       ; 477        ; 8        ; RESERVED_INPUT_WITH_WEAK_PULLUP                ;        ;                       ;         ; Column I/O ;                 ; no       ; On           ;
; C7       ; 467        ; 8        ; C[4]                                           ; input  ; 2.5 V                 ;         ; Column I/O ; N               ; no       ; Off          ;
; C8       ; 465        ; 8        ; A[4]                                           ; input  ; 2.5 V                 ;         ; Column I/O ; N               ; no       ; Off          ;
; C9       ; 450        ; 7        ; Y[12]                                          ; output ; 2.5 V                 ;         ; Column I/O ; N               ; no       ; Off          ;
; C10      ; 442        ; 7        ; X[0]                                           ; input  ; 2.5 V                 ;         ; Column I/O ; Y               ; no       ; Off          ;
; C11      ; 440        ; 7        ; X[1]                                           ; input  ; 2.5 V                 ;         ; Column I/O ; Y               ; no       ; Off          ;
; C12      ; 436        ; 7        ; X[3]                                           ; input  ; 2.5 V                 ;         ; Column I/O ; Y               ; no       ; Off          ;
; C13      ; 426        ; 7        ; C[5]                                           ; input  ; 2.5 V                 ;         ; Column I/O ; N               ; no       ; Off          ;
; C14      ; 424        ; 7        ; C[2]                                           ; input  ; 2.5 V                 ;         ; Column I/O ; N               ; no       ; Off          ;
; C15      ; 418        ; 7        ; Y[13]                                          ; output ; 2.5 V                 ;         ; Column I/O ; N               ; no       ; Off          ;
; C16      ; 416        ; 7        ; Y[18]                                          ; output ; 2.5 V                 ;         ; Column I/O ; N               ; no       ; Off          ;
; C17      ; 391        ; 7        ; RESERVED_INPUT_WITH_WEAK_PULLUP                ;        ;                       ;         ; Column I/O ;                 ; no       ; On           ;
; C18      ; 400        ; 7        ; RESERVED_INPUT_WITH_WEAK_PULLUP                ;        ;                       ;         ; Column I/O ;                 ; no       ; On           ;
; C19      ; 397        ; 7        ; RESERVED_INPUT_WITH_WEAK_PULLUP                ;        ;                       ;         ; Column I/O ;                 ; no       ; On           ;
; C20      ; 357        ; 6        ; RESERVED_INPUT_WITH_WEAK_PULLUP                ;        ;                       ;         ; Row I/O    ;                 ; no       ; On           ;
; C21      ; 347        ; 6        ; RESERVED_INPUT_WITH_WEAK_PULLUP                ;        ;                       ;         ; Row I/O    ;                 ; no       ; On           ;
; C22      ; 343        ; 6        ; RESERVED_INPUT_WITH_WEAK_PULLUP                ;        ;                       ;         ; Row I/O    ;                 ; no       ; On           ;
; D1       ; 35         ; 1B       ; RESERVED_INPUT_WITH_WEAK_PULLUP                ;        ;                       ;         ; Row I/O    ;                 ; no       ; On           ;
; D2       ; 31         ; 1B       ; RESERVED_INPUT_WITH_WEAK_PULLUP                ;        ;                       ;         ; Row I/O    ;                 ; no       ; On           ;
; D3       ; 29         ; 1B       ; RESERVED_INPUT_WITH_WEAK_PULLUP                ;        ;                       ;         ; Row I/O    ;                 ; no       ; On           ;
; D4       ;            ;          ; GND                                            ; gnd    ;                       ;         ; --         ;                 ; --       ; --           ;
; D5       ; 491        ; 8        ; RESERVED_INPUT_WITH_WEAK_PULLUP                ;        ;                       ;         ; Column I/O ;                 ; no       ; On           ;
; D6       ; 496        ; 8        ; RESERVED_INPUT_WITH_WEAK_PULLUP                ;        ;                       ;         ; Column I/O ;                 ; no       ; On           ;
; D7       ; 479        ; 8        ; RESERVED_INPUT_WITH_WEAK_PULLUP                ;        ;                       ;         ; Column I/O ;                 ; --       ; --           ;
; D8       ; 472        ; 8        ; Y[21]                                          ; output ; 2.5 V                 ;         ; Column I/O ; N               ; no       ; Off          ;
; D9       ; 474        ; 8        ; A[5]                                           ; input  ; 2.5 V                 ;         ; Column I/O ; N               ; no       ; Off          ;
; D10      ; 476        ; 8        ; Y[20]                                          ; output ; 2.5 V                 ;         ; Column I/O ; N               ; no       ; Off          ;
; D11      ;            ;          ; GND                                            ; gnd    ;                       ;         ; --         ;                 ; --       ; --           ;
; D12      ; 438        ; 7        ; X[2]                                           ; input  ; 2.5 V                 ;         ; Column I/O ; Y               ; no       ; Off          ;
; D13      ; 431        ; 7        ; Y[1]                                           ; output ; 2.5 V                 ;         ; Column I/O ; N               ; no       ; Off          ;
; D14      ; 428        ; 7        ; C[3]                                           ; input  ; 2.5 V                 ;         ; Column I/O ; N               ; no       ; Off          ;
; D15      ; 404        ; 7        ; RESERVED_INPUT_WITH_WEAK_PULLUP                ;        ;                       ;         ; Column I/O ;                 ; no       ; On           ;
; D16      ;            ;          ; GND                                            ; gnd    ;                       ;         ; --         ;                 ; --       ; --           ;
; D17      ; 389        ; 7        ; RESERVED_INPUT_WITH_WEAK_PULLUP                ;        ;                       ;         ; Column I/O ;                 ; no       ; On           ;
; D18      ; 385        ; 6        ; RESERVED_INPUT_WITH_WEAK_PULLUP                ;        ;                       ;         ; Row I/O    ;                 ; no       ; On           ;
; D19      ; 359        ; 6        ; RESERVED_INPUT_WITH_WEAK_PULLUP                ;        ;                       ;         ; Row I/O    ;                 ; no       ; On           ;
; D20      ;            ;          ; GND                                            ; gnd    ;                       ;         ; --         ;                 ; --       ; --           ;
; D21      ; 345        ; 6        ; RESERVED_INPUT_WITH_WEAK_PULLUP                ;        ;                       ;         ; Row I/O    ;                 ; --       ; --           ;
; D22      ; 341        ; 6        ; RESERVED_INPUT_WITH_WEAK_PULLUP                ;        ;                       ;         ; Row I/O    ;                 ; no       ; On           ;
; E1       ; 41         ; 1B       ; RESERVED_INPUT_WITH_WEAK_PULLUP                ;        ;                       ;         ; Row I/O    ;                 ; no       ; On           ;
; E2       ;            ;          ; GND                                            ; gnd    ;                       ;         ; --         ;                 ; --       ; --           ;
; E3       ; 3          ; 1A       ; RESERVED_INPUT_WITH_WEAK_PULLUP                ;        ;                       ;         ; Row I/O    ;                 ; no       ; On           ;
; E4       ; 1          ; 1A       ; RESERVED_INPUT_WITH_WEAK_PULLUP                ;        ;                       ;         ; Row I/O    ;                 ; no       ; On           ;
; E5       ;            ;          ; NC                                             ;        ;                       ;         ; --         ;                 ; --       ; --           ;
; E6       ; 498        ; 8        ; RESERVED_INPUT_WITH_WEAK_PULLUP                ;        ;                       ;         ; Column I/O ;                 ; no       ; On           ;
; E7       ;            ;          ; GND                                            ; gnd    ;                       ;         ; --         ;                 ; --       ; --           ;
; E8       ; 488        ; 8        ; RESERVED_INPUT_WITH_WEAK_PULLUP                ;        ;                       ;         ; Column I/O ;                 ; no       ; On           ;
; E9       ; 478        ; 8        ; RESERVED_INPUT_WITH_WEAK_PULLUP                ;        ;                       ;         ; Column I/O ;                 ; no       ; On           ;
; E10      ; 466        ; 8        ; B[5]                                           ; input  ; 2.5 V                 ;         ; Column I/O ; N               ; no       ; Off          ;
; E11      ; 464        ; 8        ; A[2]                                           ; input  ; 2.5 V                 ;         ; Column I/O ; N               ; no       ; Off          ;
; E12      ; 429        ; 7        ; Y[2]                                           ; output ; 2.5 V                 ;         ; Column I/O ; N               ; no       ; Off          ;
; E13      ; 430        ; 7        ; A[7]                                           ; input  ; 2.5 V                 ;         ; Column I/O ; N               ; no       ; Off          ;
; E14      ; 406        ; 7        ; RESERVED_INPUT_WITH_WEAK_PULLUP                ;        ;                       ;         ; Column I/O ;                 ; no       ; On           ;
; E15      ; 390        ; 7        ; RESERVED_INPUT_WITH_WEAK_PULLUP                ;        ;                       ;         ; Column I/O ;                 ; no       ; On           ;
; E16      ; 388        ; 7        ; RESERVED_INPUT_WITH_WEAK_PULLUP                ;        ;                       ;         ; Column I/O ;                 ; no       ; On           ;
; E17      ; 366        ; 6        ; RESERVED_INPUT_WITH_WEAK_PULLUP                ;        ;                       ;         ; Row I/O    ;                 ; no       ; On           ;
; E18      ; 387        ; 6        ; RESERVED_INPUT_WITH_WEAK_PULLUP                ;        ;                       ;         ; Row I/O    ;                 ; no       ; On           ;
; E19      ; 352        ; 6        ; RESERVED_INPUT_WITH_WEAK_PULLUP                ;        ;                       ;         ; Row I/O    ;                 ; no       ; On           ;
; E20      ; 355        ; 6        ; RESERVED_INPUT_WITH_WEAK_PULLUP                ;        ;                       ;         ; Row I/O    ;                 ; no       ; On           ;
; E21      ; 335        ; 6        ; RESERVED_INPUT_WITH_WEAK_PULLUP                ;        ;                       ;         ; Row I/O    ;                 ; no       ; On           ;
; E22      ; 333        ; 6        ; RESERVED_INPUT_WITH_WEAK_PULLUP                ;        ;                       ;         ; Row I/O    ;                 ; no       ; On           ;
; F1       ; 47         ; 1B       ; RESERVED_INPUT_WITH_WEAK_PULLUP                ;        ;                       ;         ; Row I/O    ;                 ; no       ; On           ;
; F2       ; 43         ; 1B       ; RESERVED_INPUT_WITH_WEAK_PULLUP                ;        ;                       ;         ; Row I/O    ;                 ; no       ; On           ;
; F3       ; 7          ; 1A       ; RESERVED_INPUT_WITH_WEAK_PULLUP                ;        ;                       ;         ; Row I/O    ;                 ; no       ; On           ;
; F4       ; 2          ; 1A       ; RESERVED_INPUT_WITH_WEAK_PULLUP                ;        ;                       ;         ; Row I/O    ;                 ; no       ; On           ;
; F5       ; 0          ; 1A       ; RESERVED_INPUT_WITH_WEAK_PULLUP                ;        ;                       ;         ; Row I/O    ;                 ; no       ; On           ;
; F6       ;            ;          ; NC                                             ;        ;                       ;         ; --         ;                 ; --       ; --           ;
; F7       ; 490        ; 8        ; RESERVED_INPUT_WITH_WEAK_PULLUP                ;        ;                       ;         ; Column I/O ;                 ; no       ; On           ;
; F8       ; 494        ; 8        ; ~ALTERA_CONF_DONE~ / RESERVED_INPUT            ; input  ; 2.5 V Schmitt Trigger ;         ; Column I/O ; N               ; no       ; Off          ;
; F9       ;            ; 8        ; VCCIO8                                         ; power  ;                       ; 2.5V    ; --         ;                 ; --       ; --           ;
; F10      ;            ;          ; GND                                            ; gnd    ;                       ;         ; --         ;                 ; --       ; --           ;
; F11      ;            ; 8        ; VCCIO8                                         ; power  ;                       ; 2.5V    ; --         ;                 ; --       ; --           ;
; F12      ;            ; 7        ; VCCIO7                                         ; power  ;                       ; 2.5V    ; --         ;                 ; --       ; --           ;
; F13      ;            ;          ; GND                                            ; gnd    ;                       ;         ; --         ;                 ; --       ; --           ;
; F14      ;            ; 7        ; VCCIO7                                         ; power  ;                       ; 2.5V    ; --         ;                 ; --       ; --           ;
; F15      ; 398        ; 7        ; RESERVED_INPUT_WITH_WEAK_PULLUP                ;        ;                       ;         ; Column I/O ;                 ; no       ; On           ;
; F16      ; 396        ; 7        ; RESERVED_INPUT_WITH_WEAK_PULLUP                ;        ;                       ;         ; Column I/O ;                 ; no       ; On           ;
; F17      ; 364        ; 6        ; C[6]                                           ; input  ; 2.5 V                 ;         ; Row I/O    ; N               ; no       ; Off          ;
; F18      ; 354        ; 6        ; RESERVED_INPUT_WITH_WEAK_PULLUP                ;        ;                       ;         ; Row I/O    ;                 ; no       ; On           ;
; F19      ; 353        ; 6        ; RESERVED_INPUT_WITH_WEAK_PULLUP                ;        ;                       ;         ; Row I/O    ;                 ; no       ; On           ;
; F20      ; 342        ; 6        ; RESERVED_INPUT_WITH_WEAK_PULLUP                ;        ;                       ;         ; Row I/O    ;                 ; no       ; On           ;
; F21      ; 340        ; 6        ; RESERVED_INPUT_WITH_WEAK_PULLUP                ;        ;                       ;         ; Row I/O    ;                 ; no       ; On           ;
; F22      ; 331        ; 6        ; RESERVED_INPUT_WITH_WEAK_PULLUP                ;        ;                       ;         ; Row I/O    ;                 ; no       ; On           ;
; G1       ; 45         ; 1B       ; RESERVED_INPUT_WITH_WEAK_PULLUP                ;        ;                       ;         ; Row I/O    ;                 ; no       ; On           ;
; G2       ; 34         ; 1B       ; ~ALTERA_TCK~ / RESERVED_INPUT                  ; input  ; 2.5 V Schmitt Trigger ;         ; Row I/O    ; N               ; no       ; Off          ;
; G3       ; 11         ; 1A       ; RESERVED_INPUT_WITH_WEAK_PULLUP                ;        ;                       ;         ; Row I/O    ;                 ; no       ; On           ;
; G4       ; 5          ; 1A       ; RESERVED_INPUT_WITH_WEAK_PULLUP                ;        ;                       ;         ; Row I/O    ;                 ; no       ; On           ;
; G5       ;            ;          ; ANAIN1                                         ;        ;                       ;         ; --         ;                 ; --       ; --           ;
; G6       ;            ;          ; GND                                            ; gnd    ;                       ;         ; --         ;                 ; --       ; --           ;
; G7       ;            ;          ; VCCD_PLL3                                      ; power  ;                       ; 1.2V    ; --         ;                 ; --       ; --           ;
; G8       ;            ;          ; GND                                            ; gnd    ;                       ;         ; --         ;                 ; --       ; --           ;
; G9       ; 492        ; 8        ; ~ALTERA_nSTATUS~ / RESERVED_INPUT              ; input  ; 2.5 V Schmitt Trigger ;         ; Column I/O ; N               ; no       ; Off          ;
; G10      ;            ; 8        ; VCCIO8                                         ; power  ;                       ; 2.5V    ; --         ;                 ; --       ; --           ;
; G11      ;            ; 8        ; VCCIO8                                         ; power  ;                       ; 2.5V    ; --         ;                 ; --       ; --           ;
; G12      ;            ; 7        ; VCCIO7                                         ; power  ;                       ; 2.5V    ; --         ;                 ; --       ; --           ;
; G13      ;            ; 7        ; VCCIO7                                         ; power  ;                       ; 2.5V    ; --         ;                 ; --       ; --           ;
; G14      ;            ; 7        ; VCCIO7                                         ; power  ;                       ; 2.5V    ; --         ;                 ; --       ; --           ;
; G15      ;            ;          ; GND                                            ; gnd    ;                       ;         ; --         ;                 ; --       ; --           ;
; G16      ;            ;          ; VCCD_PLL2                                      ; power  ;                       ; 1.2V    ; --         ;                 ; --       ; --           ;
; G17      ; 386        ; 6        ; RESERVED_INPUT_WITH_WEAK_PULLUP                ;        ;                       ;         ; Row I/O    ;                 ; no       ; On           ;
; G18      ;            ;          ; GND                                            ; gnd    ;                       ;         ; --         ;                 ; --       ; --           ;
; G19      ; 330        ; 6        ; RESERVED_INPUT_WITH_WEAK_PULLUP                ;        ;                       ;         ; Row I/O    ;                 ; no       ; On           ;
; G20      ; 328        ; 6        ; RESERVED_INPUT_WITH_WEAK_PULLUP                ;        ;                       ;         ; Row I/O    ;                 ; no       ; On           ;
; G21      ;            ;          ; GND                                            ; gnd    ;                       ;         ; --         ;                 ; --       ; --           ;
; G22      ; 329        ; 6        ; RESERVED_INPUT_WITH_WEAK_PULLUP                ;        ;                       ;         ; Row I/O    ;                 ; no       ; On           ;
; H1       ; 44         ; 1B       ; RESERVED_INPUT_WITH_WEAK_PULLUP                ;        ;                       ;         ; Row I/O    ;                 ; no       ; On           ;
; H2       ; 32         ; 1B       ; ~ALTERA_TMS~ / RESERVED_INPUT_WITH_WEAK_PULLUP ; input  ; 2.5 V Schmitt Trigger ;         ; Row I/O    ; N               ; no       ; On           ;
; H3       ; 10         ; 1A       ; RESERVED_INPUT_WITH_WEAK_PULLUP                ;        ;                       ;         ; Row I/O    ;                 ; no       ; On           ;
; H4       ; 9          ; 1A       ; RESERVED_INPUT_WITH_WEAK_PULLUP                ;        ;                       ;         ; Row I/O    ;                 ; no       ; On           ;
; H5       ;            ;          ; REFGND                                         ;        ;                       ;         ; --         ;                 ; --       ; --           ;
; H6       ;            ;          ; ADC_VREF                                       ;        ;                       ;         ; --         ;                 ; --       ; --           ;
; H7       ;            ; --       ; VCCA_ADC                                       ; power  ;                       ; 2.5V    ; --         ;                 ; --       ; --           ;
; H8       ;            ; --       ; VCCA3                                          ; power  ;                       ; 2.5V    ; --         ;                 ; --       ; --           ;
; H9       ; 482        ; 8        ; ~ALTERA_nCONFIG~ / RESERVED_INPUT              ; input  ; 2.5 V Schmitt Trigger ;         ; Column I/O ; N               ; no       ; Off          ;
; H10      ; 480        ; 8        ; ~ALTERA_CONFIG_SEL~ / RESERVED_INPUT           ; input  ; 2.5 V                 ;         ; Column I/O ; N               ; no       ; Off          ;
; H11      ; 470        ; 8        ; A[3]                                           ; input  ; 2.5 V                 ;         ; Column I/O ; N               ; no       ; Off          ;
; H12      ; 444        ; 7        ; B[2]                                           ; input  ; 2.5 V                 ;         ; Column I/O ; N               ; no       ; Off          ;
; H13      ; 432        ; 7        ; Y[5]                                           ; output ; 2.5 V                 ;         ; Column I/O ; N               ; no       ; Off          ;
; H14      ; 420        ; 7        ; Y[8]                                           ; output ; 2.5 V                 ;         ; Column I/O ; N               ; no       ; Off          ;
; H15      ;            ; --       ; VCCA2                                          ; power  ;                       ; 2.5V    ; --         ;                 ; --       ; --           ;
; H16      ;            ; 6        ; VCCIO6                                         ; power  ;                       ; 2.5V    ; --         ;                 ; --       ; --           ;
; H17      ; 384        ; 6        ; RESERVED_INPUT_WITH_WEAK_PULLUP                ;        ;                       ;         ; Row I/O    ;                 ; no       ; On           ;
; H18      ; 374        ; 6        ; RESERVED_INPUT_WITH_WEAK_PULLUP                ;        ;                       ;         ; Row I/O    ;                 ; no       ; On           ;
; H19      ; 372        ; 6        ; RESERVED_INPUT_WITH_WEAK_PULLUP                ;        ;                       ;         ; Row I/O    ;                 ; no       ; On           ;
; H20      ; 375        ; 6        ; RESERVED_INPUT_WITH_WEAK_PULLUP                ;        ;                       ;         ; Row I/O    ;                 ; no       ; On           ;
; H21      ; 323        ; 6        ; RESERVED_INPUT_WITH_WEAK_PULLUP                ;        ;                       ;         ; Row I/O    ;                 ; no       ; On           ;
; H22      ; 321        ; 6        ; RESERVED_INPUT_WITH_WEAK_PULLUP                ;        ;                       ;         ; Row I/O    ;                 ; no       ; On           ;
; J1       ; 46         ; 1B       ; RESERVED_INPUT_WITH_WEAK_PULLUP                ;        ;                       ;         ; Row I/O    ;                 ; no       ; On           ;
; J2       ;            ;          ; GND                                            ; gnd    ;                       ;         ; --         ;                 ; --       ; --           ;
; J3       ; 15         ; 1A       ; RESERVED_INPUT_WITH_WEAK_PULLUP                ;        ;                       ;         ; Row I/O    ;                 ; no       ; On           ;
; J4       ; 8          ; 1A       ; RESERVED_INPUT_WITH_WEAK_PULLUP                ;        ;                       ;         ; Row I/O    ;                 ; no       ; On           ;
; J5       ;            ;          ; ANAIN2                                         ;        ;                       ;         ; --         ;                 ; --       ; --           ;
; J6       ;            ;          ; GND                                            ; gnd    ;                       ;         ; --         ;                 ; --       ; --           ;
; J7       ;            ;          ; VCCINT                                         ; power  ;                       ; 1.2V    ; --         ;                 ; --       ; --           ;
; J8       ; 4          ; 1A       ; RESERVED_INPUT_WITH_WEAK_PULLUP                ;        ;                       ;         ; Row I/O    ;                 ; no       ; On           ;
; J9       ; 6          ; 1A       ; RESERVED_INPUT_WITH_WEAK_PULLUP                ;        ;                       ;         ; Row I/O    ;                 ; no       ; On           ;
; J10      ; 468        ; 8        ; A[6]                                           ; input  ; 2.5 V                 ;         ; Column I/O ; N               ; no       ; Off          ;
; J11      ; 446        ; 7        ; B[1]                                           ; input  ; 2.5 V                 ;         ; Column I/O ; N               ; no       ; Off          ;
; J12      ; 434        ; 7        ; Y[3]                                           ; output ; 2.5 V                 ;         ; Column I/O ; N               ; no       ; Off          ;
; J13      ; 422        ; 7        ; Y[0]                                           ; output ; 2.5 V                 ;         ; Column I/O ; N               ; no       ; Off          ;
; J14      ; 368        ; 6        ; RESERVED_INPUT_WITH_WEAK_PULLUP                ;        ;                       ;         ; Row I/O    ;                 ; no       ; On           ;
; J15      ; 370        ; 6        ; Y[10]                                          ; output ; 2.5 V                 ;         ; Row I/O    ; N               ; no       ; Off          ;
; J16      ;            ;          ; GND                                            ; gnd    ;                       ;         ; --         ;                 ; --       ; --           ;
; J17      ;            ; 6        ; VCCIO6                                         ; power  ;                       ; 2.5V    ; --         ;                 ; --       ; --           ;
; J18      ; 362        ; 6        ; RESERVED_INPUT_WITH_WEAK_PULLUP                ;        ;                       ;         ; Row I/O    ;                 ; no       ; On           ;
; J19      ;            ;          ; GND                                            ; gnd    ;                       ;         ; --         ;                 ; --       ; --           ;
; J20      ; 373        ; 6        ; RESERVED_INPUT_WITH_WEAK_PULLUP                ;        ;                       ;         ; Row I/O    ;                 ; no       ; On           ;
; J21      ; 327        ; 6        ; RESERVED_INPUT_WITH_WEAK_PULLUP                ;        ;                       ;         ; Row I/O    ;                 ; no       ; On           ;
; J22      ; 325        ; 6        ; RESERVED_INPUT_WITH_WEAK_PULLUP                ;        ;                       ;         ; Row I/O    ;                 ; no       ; On           ;
; K1       ; 49         ; 1B       ; RESERVED_INPUT_WITH_WEAK_PULLUP                ;        ;                       ;         ; Row I/O    ;                 ; no       ; On           ;
; K2       ; 37         ; 1B       ; RESERVED_INPUT_WITH_WEAK_PULLUP                ;        ;                       ;         ; Row I/O    ;                 ; no       ; On           ;
; K3       ;            ;          ; GND                                            ; gnd    ;                       ;         ; --         ;                 ; --       ; --           ;
; K4       ; 13         ; 1A       ; RESERVED_INPUT_WITH_WEAK_PULLUP                ;        ;                       ;         ; Row I/O    ;                 ; no       ; On           ;
; K5       ; 12         ; 1A       ; RESERVED_INPUT_WITH_WEAK_PULLUP                ;        ;                       ;         ; Row I/O    ;                 ; no       ; On           ;
; K6       ; 14         ; 1A       ; RESERVED_INPUT_WITH_WEAK_PULLUP                ;        ;                       ;         ; Row I/O    ;                 ; no       ; On           ;
; K7       ;            ; 1A       ; VCCIO1A                                        ; power  ;                       ; 2.5V    ; --         ;                 ; --       ; --           ;
; K8       ; 28         ; 1B       ; RESERVED_INPUT_WITH_WEAK_PULLUP                ;        ;                       ;         ; Row I/O    ;                 ; no       ; On           ;
; K9       ; 30         ; 1B       ; RESERVED_INPUT_WITH_WEAK_PULLUP                ;        ;                       ;         ; Row I/O    ;                 ; no       ; On           ;
; K10      ;            ;          ; GND                                            ; gnd    ;                       ;         ; --         ;                 ; --       ; --           ;
; K11      ;            ; --       ; VCC                                            ; power  ;                       ; 1.2V    ; --         ;                 ; --       ; --           ;
; K12      ;            ;          ; GND                                            ; gnd    ;                       ;         ; --         ;                 ; --       ; --           ;
; K13      ;            ; --       ; VCC                                            ; power  ;                       ; 1.2V    ; --         ;                 ; --       ; --           ;
; K14      ; 356        ; 6        ; RESERVED_INPUT_WITH_WEAK_PULLUP                ;        ;                       ;         ; Row I/O    ;                 ; no       ; On           ;
; K15      ; 358        ; 6        ; RESERVED_INPUT_WITH_WEAK_PULLUP                ;        ;                       ;         ; Row I/O    ;                 ; no       ; On           ;
; K16      ;            ; 6        ; VCCIO6                                         ; power  ;                       ; 2.5V    ; --         ;                 ; --       ; --           ;
; K17      ;            ; 6        ; VCCIO6                                         ; power  ;                       ; 2.5V    ; --         ;                 ; --       ; --           ;
; K18      ; 360        ; 6        ; RESERVED_INPUT_WITH_WEAK_PULLUP                ;        ;                       ;         ; Row I/O    ;                 ; no       ; On           ;
; K19      ; 361        ; 6        ; RESERVED_INPUT_WITH_WEAK_PULLUP                ;        ;                       ;         ; Row I/O    ;                 ; no       ; On           ;
; K20      ; 363        ; 6        ; RESERVED_INPUT_WITH_WEAK_PULLUP                ;        ;                       ;         ; Row I/O    ;                 ; no       ; On           ;
; K21      ; 326        ; 6        ; RESERVED_INPUT_WITH_WEAK_PULLUP                ;        ;                       ;         ; Row I/O    ;                 ; no       ; On           ;
; K22      ; 324        ; 6        ; RESERVED_INPUT_WITH_WEAK_PULLUP                ;        ;                       ;         ; Row I/O    ;                 ; no       ; On           ;
; L1       ; 51         ; 1B       ; RESERVED_INPUT_WITH_WEAK_PULLUP                ;        ;                       ;         ; Row I/O    ;                 ; no       ; On           ;
; L2       ; 39         ; 1B       ; RESERVED_INPUT_WITH_WEAK_PULLUP                ;        ;                       ;         ; Row I/O    ;                 ; no       ; On           ;
; L3       ;            ;          ; DNU                                            ;        ;                       ;         ; --         ;                 ; --       ; --           ;
; L4       ; 36         ; 1B       ; ~ALTERA_TDI~ / RESERVED_INPUT_WITH_WEAK_PULLUP ; input  ; 2.5 V Schmitt Trigger ;         ; Row I/O    ; N               ; no       ; On           ;
; L5       ;            ;          ; GND                                            ; gnd    ;                       ;         ; --         ;                 ; --       ; --           ;
; L6       ;            ; 1A       ; VCCIO1A                                        ; power  ;                       ; 2.5V    ; --         ;                 ; --       ; --           ;
; L7       ;            ; 1B       ; VCCIO1B                                        ; power  ;                       ; 2.5V    ; --         ;                 ; --       ; --           ;
; L8       ; 40         ; 1B       ; RESERVED_INPUT_WITH_WEAK_PULLUP                ;        ;                       ;         ; Row I/O    ;                 ; no       ; On           ;
; L9       ; 42         ; 1B       ; RESERVED_INPUT_WITH_WEAK_PULLUP                ;        ;                       ;         ; Row I/O    ;                 ; no       ; On           ;
; L10      ;            ; --       ; VCC                                            ; power  ;                       ; 1.2V    ; --         ;                 ; --       ; --           ;
; L11      ;            ; --       ; VCC                                            ; power  ;                       ; 1.2V    ; --         ;                 ; --       ; --           ;
; L12      ;            ; --       ; VCC                                            ; power  ;                       ; 1.2V    ; --         ;                 ; --       ; --           ;
; L13      ;            ;          ; GND                                            ; gnd    ;                       ;         ; --         ;                 ; --       ; --           ;
; L14      ; 344        ; 6        ; RESERVED_INPUT_WITH_WEAK_PULLUP                ;        ;                       ;         ; Row I/O    ;                 ; no       ; On           ;
; L15      ; 346        ; 6        ; RESERVED_INPUT_WITH_WEAK_PULLUP                ;        ;                       ;         ; Row I/O    ;                 ; no       ; On           ;
; L16      ;            ; 6        ; VCCIO6                                         ; power  ;                       ; 2.5V    ; --         ;                 ; --       ; --           ;
; L17      ;            ;          ; GND                                            ; gnd    ;                       ;         ; --         ;                 ; --       ; --           ;
; L18      ; 350        ; 6        ; RESERVED_INPUT_WITH_WEAK_PULLUP                ;        ;                       ;         ; Row I/O    ;                 ; no       ; On           ;
; L19      ; 349        ; 6        ; RESERVED_INPUT_WITH_WEAK_PULLUP                ;        ;                       ;         ; Row I/O    ;                 ; no       ; On           ;
; L20      ; 351        ; 6        ; RESERVED_INPUT_WITH_WEAK_PULLUP                ;        ;                       ;         ; Row I/O    ;                 ; no       ; On           ;
; L21      ;            ;          ; GND                                            ; gnd    ;                       ;         ; --         ;                 ; --       ; --           ;
; L22      ; 314        ; 5        ; RESERVED_INPUT_WITH_WEAK_PULLUP                ;        ;                       ;         ; Row I/O    ;                 ; no       ; On           ;
; M1       ; 79         ; 2        ; RESERVED_INPUT_WITH_WEAK_PULLUP                ;        ;                       ;         ; Row I/O    ;                 ; no       ; On           ;
; M2       ; 77         ; 2        ; RESERVED_INPUT_WITH_WEAK_PULLUP                ;        ;                       ;         ; Row I/O    ;                 ; --       ; --           ;
; M3       ; 50         ; 1B       ; RESERVED_INPUT_WITH_WEAK_PULLUP                ;        ;                       ;         ; Row I/O    ;                 ; no       ; On           ;
; M4       ; 48         ; 1B       ; RESERVED_INPUT_WITH_WEAK_PULLUP                ;        ;                       ;         ; Row I/O    ;                 ; no       ; On           ;
; M5       ; 38         ; 1B       ; ~ALTERA_TDO~                                   ; output ; 2.5 V                 ;         ; Row I/O    ; N               ; no       ; Off          ;
; M6       ;            ; 1B       ; VCCIO1B                                        ; power  ;                       ; 2.5V    ; --         ;                 ; --       ; --           ;
; M7       ;            ;          ; GND                                            ; gnd    ;                       ;         ; --         ;                 ; --       ; --           ;
; M8       ; 72         ; 2        ; RESERVED_INPUT_WITH_WEAK_PULLUP                ;        ;                       ;         ; Row I/O    ;                 ; no       ; On           ;
; M9       ; 74         ; 2        ; RESERVED_INPUT_WITH_WEAK_PULLUP                ;        ;                       ;         ; Row I/O    ;                 ; no       ; On           ;
; M10      ;            ;          ; GND                                            ; gnd    ;                       ;         ; --         ;                 ; --       ; --           ;
; M11      ;            ; --       ; VCC                                            ; power  ;                       ; 1.2V    ; --         ;                 ; --       ; --           ;
; M12      ;            ; --       ; VCC                                            ; power  ;                       ; 1.2V    ; --         ;                 ; --       ; --           ;
; M13      ;            ; --       ; VCC                                            ; power  ;                       ; 1.2V    ; --         ;                 ; --       ; --           ;
; M14      ; 334        ; 6        ; RESERVED_INPUT_WITH_WEAK_PULLUP                ;        ;                       ;         ; Row I/O    ;                 ; no       ; On           ;
; M15      ; 332        ; 6        ; RESERVED_INPUT_WITH_WEAK_PULLUP                ;        ;                       ;         ; Row I/O    ;                 ; no       ; On           ;
; M16      ;            ;          ; GND                                            ; gnd    ;                       ;         ; --         ;                 ; --       ; --           ;
; M17      ;            ; 6        ; VCCIO6                                         ; power  ;                       ; 2.5V    ; --         ;                 ; --       ; --           ;
; M18      ; 348        ; 6        ; RESERVED_INPUT_WITH_WEAK_PULLUP                ;        ;                       ;         ; Row I/O    ;                 ; no       ; On           ;
; M19      ;            ;          ; GND                                            ; gnd    ;                       ;         ; --         ;                 ; --       ; --           ;
; M20      ; 337        ; 6        ; RESERVED_INPUT_WITH_WEAK_PULLUP                ;        ;                       ;         ; Row I/O    ;                 ; no       ; On           ;
; M21      ; 312        ; 5        ; RESERVED_INPUT_WITH_WEAK_PULLUP                ;        ;                       ;         ; Row I/O    ;                 ; no       ; On           ;
; M22      ; 315        ; 5        ; RESERVED_INPUT_WITH_WEAK_PULLUP                ;        ;                       ;         ; Row I/O    ;                 ; no       ; On           ;
; N1       ; 87         ; 2        ; RESERVED_INPUT_WITH_WEAK_PULLUP                ;        ;                       ;         ; Row I/O    ;                 ; no       ; On           ;
; N2       ; 75         ; 2        ; RESERVED_INPUT_WITH_WEAK_PULLUP                ;        ;                       ;         ; Row I/O    ;                 ; no       ; On           ;
; N3       ; 73         ; 2        ; RESERVED_INPUT_WITH_WEAK_PULLUP                ;        ;                       ;         ; Row I/O    ;                 ; no       ; On           ;
; N4       ; 56         ; 2        ; RESERVED_INPUT_WITH_WEAK_PULLUP                ;        ;                       ;         ; Row I/O    ;                 ; no       ; On           ;
; N5       ; 58         ; 2        ; RESERVED_INPUT_WITH_WEAK_PULLUP                ;        ;                       ;         ; Row I/O    ;                 ; no       ; On           ;
; N6       ;            ; 2        ; VCCIO2                                         ; power  ;                       ; 2.5V    ; --         ;                 ; --       ; --           ;
; N7       ;            ; 2        ; VCCIO2                                         ; power  ;                       ; 2.5V    ; --         ;                 ; --       ; --           ;
; N8       ; 84         ; 2        ; RESERVED_INPUT_WITH_WEAK_PULLUP                ;        ;                       ;         ; Row I/O    ;                 ; no       ; On           ;
; N9       ; 86         ; 2        ; RESERVED_INPUT_WITH_WEAK_PULLUP                ;        ;                       ;         ; Row I/O    ;                 ; no       ; On           ;
; N10      ;            ; --       ; VCC                                            ; power  ;                       ; 1.2V    ; --         ;                 ; --       ; --           ;
; N11      ;            ;          ; GND                                            ; gnd    ;                       ;         ; --         ;                 ; --       ; --           ;
; N12      ;            ; --       ; VCC                                            ; power  ;                       ; 1.2V    ; --         ;                 ; --       ; --           ;
; N13      ;            ;          ; GND                                            ; gnd    ;                       ;         ; --         ;                 ; --       ; --           ;
; N14      ; 320        ; 6        ; RESERVED_INPUT_WITH_WEAK_PULLUP                ;        ;                       ;         ; Row I/O    ;                 ; no       ; On           ;
; N15      ; 322        ; 6        ; RESERVED_INPUT_WITH_WEAK_PULLUP                ;        ;                       ;         ; Row I/O    ;                 ; no       ; On           ;
; N16      ;            ; 5        ; VCCIO5                                         ; power  ;                       ; 2.5V    ; --         ;                 ; --       ; --           ;
; N17      ;            ; 6        ; VCCIO6                                         ; power  ;                       ; 2.5V    ; --         ;                 ; --       ; --           ;
; N18      ; 336        ; 6        ; RESERVED_INPUT_WITH_WEAK_PULLUP                ;        ;                       ;         ; Row I/O    ;                 ; no       ; On           ;
; N19      ; 338        ; 6        ; RESERVED_INPUT_WITH_WEAK_PULLUP                ;        ;                       ;         ; Row I/O    ;                 ; no       ; On           ;
; N20      ; 339        ; 6        ; RESERVED_INPUT_WITH_WEAK_PULLUP                ;        ;                       ;         ; Row I/O    ;                 ; no       ; On           ;
; N21      ; 313        ; 5        ; RESERVED_INPUT_WITH_WEAK_PULLUP                ;        ;                       ;         ; Row I/O    ;                 ; no       ; On           ;
; N22      ; 307        ; 5        ; RESERVED_INPUT_WITH_WEAK_PULLUP                ;        ;                       ;         ; Row I/O    ;                 ; no       ; On           ;
; P1       ; 85         ; 2        ; RESERVED_INPUT_WITH_WEAK_PULLUP                ;        ;                       ;         ; Row I/O    ;                 ; no       ; On           ;
; P2       ;            ;          ; GND                                            ; gnd    ;                       ;         ; --         ;                 ; --       ; --           ;
; P3       ; 76         ; 2        ; RESERVED_INPUT_WITH_WEAK_PULLUP                ;        ;                       ;         ; Row I/O    ;                 ; no       ; On           ;
; P4       ; 57         ; 2        ; RESERVED_INPUT_WITH_WEAK_PULLUP                ;        ;                       ;         ; Row I/O    ;                 ; no       ; On           ;
; P5       ; 59         ; 2        ; RESERVED_INPUT_WITH_WEAK_PULLUP                ;        ;                       ;         ; Row I/O    ;                 ; no       ; On           ;
; P6       ;            ;          ; GND                                            ; gnd    ;                       ;         ; --         ;                 ; --       ; --           ;
; P7       ;            ; 2        ; VCCIO2                                         ; power  ;                       ; 2.5V    ; --         ;                 ; --       ; --           ;
; P8       ; 96         ; 2        ; RESERVED_INPUT_WITH_WEAK_PULLUP                ;        ;                       ;         ; Row I/O    ;                 ; no       ; On           ;
; P9       ; 142        ; 3        ; RESERVED_INPUT_WITH_WEAK_PULLUP                ;        ;                       ;         ; Column I/O ;                 ; no       ; On           ;
; P10      ; 154        ; 3        ; RESERVED_INPUT_WITH_WEAK_PULLUP                ;        ;                       ;         ; Column I/O ;                 ; no       ; On           ;
; P11      ; 166        ; 3        ; RESERVED_INPUT_WITH_WEAK_PULLUP                ;        ;                       ;         ; Column I/O ;                 ; no       ; On           ;
; P12      ; 178        ; 4        ; RESERVED_INPUT_WITH_WEAK_PULLUP                ;        ;                       ;         ; Column I/O ;                 ; no       ; On           ;
; P13      ; 198        ; 4        ; RESERVED_INPUT_WITH_WEAK_PULLUP                ;        ;                       ;         ; Column I/O ;                 ; no       ; On           ;
; P14      ; 306        ; 5        ; RESERVED_INPUT_WITH_WEAK_PULLUP                ;        ;                       ;         ; Row I/O    ;                 ; no       ; On           ;
; P15      ; 304        ; 5        ; RESERVED_INPUT_WITH_WEAK_PULLUP                ;        ;                       ;         ; Row I/O    ;                 ; no       ; On           ;
; P16      ;            ; 5        ; VCCIO5                                         ; power  ;                       ; 2.5V    ; --         ;                 ; --       ; --           ;
; P17      ;            ;          ; GND                                            ; gnd    ;                       ;         ; --         ;                 ; --       ; --           ;
; P18      ; 310        ; 5        ; RESERVED_INPUT_WITH_WEAK_PULLUP                ;        ;                       ;         ; Row I/O    ;                 ; no       ; On           ;
; P19      ; 309        ; 5        ; RESERVED_INPUT_WITH_WEAK_PULLUP                ;        ;                       ;         ; Row I/O    ;                 ; no       ; On           ;
; P20      ; 311        ; 5        ; RESERVED_INPUT_WITH_WEAK_PULLUP                ;        ;                       ;         ; Row I/O    ;                 ; no       ; On           ;
; P21      ; 305        ; 5        ; RESERVED_INPUT_WITH_WEAK_PULLUP                ;        ;                       ;         ; Row I/O    ;                 ; no       ; On           ;
; P22      ; 303        ; 5        ; RESERVED_INPUT_WITH_WEAK_PULLUP                ;        ;                       ;         ; Row I/O    ;                 ; --       ; --           ;
; R1       ; 121        ; 2        ; RESERVED_INPUT_WITH_WEAK_PULLUP                ;        ;                       ;         ; Row I/O    ;                 ; no       ; On           ;
; R2       ; 123        ; 2        ; RESERVED_INPUT_WITH_WEAK_PULLUP                ;        ;                       ;         ; Row I/O    ;                 ; no       ; On           ;
; R3       ; 78         ; 2        ; RESERVED_INPUT_WITH_WEAK_PULLUP                ;        ;                       ;         ; Row I/O    ;                 ; no       ; On           ;
; R4       ; 80         ; 2        ; RESERVED_INPUT_WITH_WEAK_PULLUP                ;        ;                       ;         ; Row I/O    ;                 ; no       ; On           ;
; R5       ; 82         ; 2        ; RESERVED_INPUT_WITH_WEAK_PULLUP                ;        ;                       ;         ; Row I/O    ;                 ; no       ; On           ;
; R6       ;            ; 2        ; VCCIO2                                         ; power  ;                       ; 2.5V    ; --         ;                 ; --       ; --           ;
; R7       ; 98         ; 2        ; RESERVED_INPUT_WITH_WEAK_PULLUP                ;        ;                       ;         ; Row I/O    ;                 ; no       ; On           ;
; R8       ;            ; --       ; VCCA1                                          ; power  ;                       ; 2.5V    ; --         ;                 ; --       ; --           ;
; R9       ; 140        ; 3        ; RESERVED_INPUT_WITH_WEAK_PULLUP                ;        ;                       ;         ; Column I/O ;                 ; no       ; On           ;
; R10      ; 152        ; 3        ; RESERVED_INPUT_WITH_WEAK_PULLUP                ;        ;                       ;         ; Column I/O ;                 ; no       ; On           ;
; R11      ; 164        ; 3        ; RESERVED_INPUT_WITH_WEAK_PULLUP                ;        ;                       ;         ; Column I/O ;                 ; no       ; On           ;
; R12      ; 176        ; 4        ; RESERVED_INPUT_WITH_WEAK_PULLUP                ;        ;                       ;         ; Column I/O ;                 ; no       ; On           ;
; R13      ; 196        ; 4        ; RESERVED_INPUT_WITH_WEAK_PULLUP                ;        ;                       ;         ; Column I/O ;                 ; no       ; On           ;
; R14      ; 294        ; 5        ; RESERVED_INPUT_WITH_WEAK_PULLUP                ;        ;                       ;         ; Row I/O    ;                 ; no       ; On           ;
; R15      ; 292        ; 5        ; RESERVED_INPUT_WITH_WEAK_PULLUP                ;        ;                       ;         ; Row I/O    ;                 ; no       ; On           ;
; R16      ;            ; 5        ; VCCIO5                                         ; power  ;                       ; 2.5V    ; --         ;                 ; --       ; --           ;
; R17      ;            ; 5        ; VCCIO5                                         ; power  ;                       ; 2.5V    ; --         ;                 ; --       ; --           ;
; R18      ; 308        ; 5        ; RESERVED_INPUT_WITH_WEAK_PULLUP                ;        ;                       ;         ; Row I/O    ;                 ; no       ; On           ;
; R19      ;            ;          ; GND                                            ; gnd    ;                       ;         ; --         ;                 ; --       ; --           ;
; R20      ; 299        ; 5        ; RESERVED_INPUT_WITH_WEAK_PULLUP                ;        ;                       ;         ; Row I/O    ;                 ; no       ; On           ;
; R21      ;            ;          ; GND                                            ; gnd    ;                       ;         ; --         ;                 ; --       ; --           ;
; R22      ; 301        ; 5        ; RESERVED_INPUT_WITH_WEAK_PULLUP                ;        ;                       ;         ; Row I/O    ;                 ; no       ; On           ;
; T1       ; 81         ; 2        ; RESERVED_INPUT_WITH_WEAK_PULLUP                ;        ;                       ;         ; Row I/O    ;                 ; no       ; On           ;
; T2       ; 83         ; 2        ; RESERVED_INPUT_WITH_WEAK_PULLUP                ;        ;                       ;         ; Row I/O    ;                 ; no       ; On           ;
; T3       ; 88         ; 2        ; RESERVED_INPUT_WITH_WEAK_PULLUP                ;        ;                       ;         ; Row I/O    ;                 ; no       ; On           ;
; T4       ;            ;          ; GND                                            ; gnd    ;                       ;         ; --         ;                 ; --       ; --           ;
; T5       ; 120        ; 2        ; RESERVED_INPUT_WITH_WEAK_PULLUP                ;        ;                       ;         ; Row I/O    ;                 ; no       ; On           ;
; T6       ; 122        ; 2        ; RESERVED_INPUT_WITH_WEAK_PULLUP                ;        ;                       ;         ; Row I/O    ;                 ; no       ; On           ;
; T7       ;            ;          ; VCCD_PLL1                                      ; power  ;                       ; 1.2V    ; --         ;                 ; --       ; --           ;
; T8       ;            ;          ; GND                                            ; gnd    ;                       ;         ; --         ;                 ; --       ; --           ;
; T9       ;            ; 3        ; VCCIO3                                         ; power  ;                       ; 2.5V    ; --         ;                 ; --       ; --           ;
; T10      ;            ; 3        ; VCCIO3                                         ; power  ;                       ; 2.5V    ; --         ;                 ; --       ; --           ;
; T11      ;            ; 3        ; VCCIO3                                         ; power  ;                       ; 2.5V    ; --         ;                 ; --       ; --           ;
; T12      ;            ; 4        ; VCCIO4                                         ; power  ;                       ; 2.5V    ; --         ;                 ; --       ; --           ;
; T13      ;            ; 4        ; VCCIO4                                         ; power  ;                       ; 2.5V    ; --         ;                 ; --       ; --           ;
; T14      ;            ;          ; GND                                            ; gnd    ;                       ;         ; --         ;                 ; --       ; --           ;
; T15      ;            ; --       ; VCCA4                                          ; power  ;                       ; 2.5V    ; --         ;                 ; --       ; --           ;
; T16      ;            ;          ; GND                                            ; gnd    ;                       ;         ; --         ;                 ; --       ; --           ;
; T17      ;            ; 5        ; VCCIO5                                         ; power  ;                       ; 2.5V    ; --         ;                 ; --       ; --           ;
; T18      ; 298        ; 5        ; RESERVED_INPUT_WITH_WEAK_PULLUP                ;        ;                       ;         ; Row I/O    ;                 ; no       ; On           ;
; T19      ; 296        ; 5        ; RESERVED_INPUT_WITH_WEAK_PULLUP                ;        ;                       ;         ; Row I/O    ;                 ; no       ; On           ;
; T20      ; 297        ; 5        ; RESERVED_INPUT_WITH_WEAK_PULLUP                ;        ;                       ;         ; Row I/O    ;                 ; no       ; On           ;
; T21      ; 293        ; 5        ; RESERVED_INPUT_WITH_WEAK_PULLUP                ;        ;                       ;         ; Row I/O    ;                 ; no       ; On           ;
; T22      ; 295        ; 5        ; RESERVED_INPUT_WITH_WEAK_PULLUP                ;        ;                       ;         ; Row I/O    ;                 ; no       ; On           ;
; U1       ; 89         ; 2        ; RESERVED_INPUT_WITH_WEAK_PULLUP                ;        ;                       ;         ; Row I/O    ;                 ; no       ; On           ;
; U2       ; 90         ; 2        ; RESERVED_INPUT_WITH_WEAK_PULLUP                ;        ;                       ;         ; Row I/O    ;                 ; no       ; On           ;
; U3       ; 93         ; 2        ; RESERVED_INPUT_WITH_WEAK_PULLUP                ;        ;                       ;         ; Row I/O    ;                 ; no       ; On           ;
; U4       ; 92         ; 2        ; RESERVED_INPUT_WITH_WEAK_PULLUP                ;        ;                       ;         ; Row I/O    ;                 ; no       ; On           ;
; U5       ; 94         ; 2        ; RESERVED_INPUT_WITH_WEAK_PULLUP                ;        ;                       ;         ; Row I/O    ;                 ; no       ; On           ;
; U6       ; 128        ; 3        ; RESERVED_INPUT_WITH_WEAK_PULLUP                ;        ;                       ;         ; Column I/O ;                 ; no       ; On           ;
; U7       ; 130        ; 3        ; RESERVED_INPUT_WITH_WEAK_PULLUP                ;        ;                       ;         ; Column I/O ;                 ; no       ; On           ;
; U8       ;            ; 3        ; VCCIO3                                         ; power  ;                       ; 2.5V    ; --         ;                 ; --       ; --           ;
; U9       ;            ; 3        ; VCCIO3                                         ; power  ;                       ; 2.5V    ; --         ;                 ; --       ; --           ;
; U10      ;            ;          ; GND                                            ; gnd    ;                       ;         ; --         ;                 ; --       ; --           ;
; U11      ;            ; 4        ; VCCIO4                                         ; power  ;                       ; 2.5V    ; --         ;                 ; --       ; --           ;
; U12      ;            ; 4        ; VCCIO4                                         ; power  ;                       ; 2.5V    ; --         ;                 ; --       ; --           ;
; U13      ;            ;          ; GND                                            ; gnd    ;                       ;         ; --         ;                 ; --       ; --           ;
; U14      ;            ; 4        ; VCCIO4                                         ; power  ;                       ; 2.5V    ; --         ;                 ; --       ; --           ;
; U15      ; 208        ; 4        ; RESERVED_INPUT_WITH_WEAK_PULLUP                ;        ;                       ;         ; Column I/O ;                 ; no       ; On           ;
; U16      ;            ;          ; VCCD_PLL4                                      ; power  ;                       ; 1.2V    ; --         ;                 ; --       ; --           ;
; U17      ; 246        ; 5        ; RESERVED_INPUT_WITH_WEAK_PULLUP                ;        ;                       ;         ; Row I/O    ;                 ; no       ; On           ;
; U18      ; 244        ; 5        ; RESERVED_INPUT_WITH_WEAK_PULLUP                ;        ;                       ;         ; Row I/O    ;                 ; no       ; On           ;
; U19      ; 282        ; 5        ; RESERVED_INPUT_WITH_WEAK_PULLUP                ;        ;                       ;         ; Row I/O    ;                 ; no       ; On           ;
; U20      ; 290        ; 5        ; RESERVED_INPUT_WITH_WEAK_PULLUP                ;        ;                       ;         ; Row I/O    ;                 ; no       ; On           ;
; U21      ; 300        ; 5        ; RESERVED_INPUT_WITH_WEAK_PULLUP                ;        ;                       ;         ; Row I/O    ;                 ; no       ; On           ;
; U22      ; 302        ; 5        ; RESERVED_INPUT_WITH_WEAK_PULLUP                ;        ;                       ;         ; Row I/O    ;                 ; no       ; On           ;
; V1       ; 91         ; 2        ; RESERVED_INPUT_WITH_WEAK_PULLUP                ;        ;                       ;         ; Row I/O    ;                 ; no       ; On           ;
; V2       ;            ;          ; GND                                            ; gnd    ;                       ;         ; --         ;                 ; --       ; --           ;
; V3       ; 95         ; 2        ; RESERVED_INPUT_WITH_WEAK_PULLUP                ;        ;                       ;         ; Row I/O    ;                 ; no       ; On           ;
; V4       ; 125        ; 3        ; RESERVED_INPUT_WITH_WEAK_PULLUP                ;        ;                       ;         ; Column I/O ;                 ; no       ; On           ;
; V5       ; 127        ; 3        ; RESERVED_INPUT_WITH_WEAK_PULLUP                ;        ;                       ;         ; Column I/O ;                 ; no       ; On           ;
; V6       ;            ;          ; GND                                            ; gnd    ;                       ;         ; --         ;                 ; --       ; --           ;
; V7       ; 136        ; 3        ; RESERVED_INPUT_WITH_WEAK_PULLUP                ;        ;                       ;         ; Column I/O ;                 ; no       ; On           ;
; V8       ; 138        ; 3        ; RESERVED_INPUT_WITH_WEAK_PULLUP                ;        ;                       ;         ; Column I/O ;                 ; no       ; On           ;
; V9       ; 160        ; 3        ; RESERVED_INPUT_WITH_WEAK_PULLUP                ;        ;                       ;         ; Column I/O ;                 ; no       ; On           ;
; V10      ; 162        ; 3        ; RESERVED_INPUT_WITH_WEAK_PULLUP                ;        ;                       ;         ; Column I/O ;                 ; no       ; On           ;
; V11      ; 172        ; 4        ; RESERVED_INPUT_WITH_WEAK_PULLUP                ;        ;                       ;         ; Column I/O ;                 ; no       ; On           ;
; V12      ; 174        ; 4        ; RESERVED_INPUT_WITH_WEAK_PULLUP                ;        ;                       ;         ; Column I/O ;                 ; no       ; On           ;
; V13      ; 192        ; 4        ; RESERVED_INPUT_WITH_WEAK_PULLUP                ;        ;                       ;         ; Column I/O ;                 ; no       ; On           ;
; V14      ; 204        ; 4        ; RESERVED_INPUT_WITH_WEAK_PULLUP                ;        ;                       ;         ; Column I/O ;                 ; no       ; On           ;
; V15      ; 216        ; 4        ; RESERVED_INPUT_WITH_WEAK_PULLUP                ;        ;                       ;         ; Column I/O ;                 ; no       ; On           ;
; V16      ; 210        ; 4        ; RESERVED_INPUT_WITH_WEAK_PULLUP                ;        ;                       ;         ; Column I/O ;                 ; no       ; On           ;
; V17      ; 242        ; 4        ; RESERVED_INPUT_WITH_WEAK_PULLUP                ;        ;                       ;         ; Column I/O ;                 ; no       ; On           ;
; V18      ; 280        ; 5        ; RESERVED_INPUT_WITH_WEAK_PULLUP                ;        ;                       ;         ; Row I/O    ;                 ; no       ; On           ;
; V19      ;            ;          ; GND                                            ; gnd    ;                       ;         ; --         ;                 ; --       ; --           ;
; V20      ; 288        ; 5        ; RESERVED_INPUT_WITH_WEAK_PULLUP                ;        ;                       ;         ; Row I/O    ;                 ; no       ; On           ;
; V21      ; 289        ; 5        ; RESERVED_INPUT_WITH_WEAK_PULLUP                ;        ;                       ;         ; Row I/O    ;                 ; no       ; On           ;
; V22      ; 291        ; 5        ; RESERVED_INPUT_WITH_WEAK_PULLUP                ;        ;                       ;         ; Row I/O    ;                 ; no       ; On           ;
; W1       ; 97         ; 2        ; RESERVED_INPUT_WITH_WEAK_PULLUP                ;        ;                       ;         ; Row I/O    ;                 ; no       ; On           ;
; W2       ; 99         ; 2        ; RESERVED_INPUT_WITH_WEAK_PULLUP                ;        ;                       ;         ; Row I/O    ;                 ; no       ; On           ;
; W3       ; 134        ; 3        ; RESERVED_INPUT_WITH_WEAK_PULLUP                ;        ;                       ;         ; Column I/O ;                 ; no       ; On           ;
; W4       ; 132        ; 3        ; RESERVED_INPUT_WITH_WEAK_PULLUP                ;        ;                       ;         ; Column I/O ;                 ; no       ; On           ;
; W5       ; 124        ; 3        ; RESERVED_INPUT_WITH_WEAK_PULLUP                ;        ;                       ;         ; Column I/O ;                 ; no       ; On           ;
; W6       ; 126        ; 3        ; RESERVED_INPUT_WITH_WEAK_PULLUP                ;        ;                       ;         ; Column I/O ;                 ; no       ; On           ;
; W7       ; 148        ; 3        ; RESERVED_INPUT_WITH_WEAK_PULLUP                ;        ;                       ;         ; Column I/O ;                 ; no       ; On           ;
; W8       ; 150        ; 3        ; RESERVED_INPUT_WITH_WEAK_PULLUP                ;        ;                       ;         ; Column I/O ;                 ; no       ; On           ;
; W9       ; 144        ; 3        ; RESERVED_INPUT_WITH_WEAK_PULLUP                ;        ;                       ;         ; Column I/O ;                 ; no       ; On           ;
; W10      ; 146        ; 3        ; RESERVED_INPUT_WITH_WEAK_PULLUP                ;        ;                       ;         ; Column I/O ;                 ; no       ; On           ;
; W11      ; 173        ; 4        ; RESERVED_INPUT_WITH_WEAK_PULLUP                ;        ;                       ;         ; Column I/O ;                 ; no       ; On           ;
; W12      ; 193        ; 4        ; RESERVED_INPUT_WITH_WEAK_PULLUP                ;        ;                       ;         ; Column I/O ;                 ; no       ; On           ;
; W13      ; 195        ; 4        ; RESERVED_INPUT_WITH_WEAK_PULLUP                ;        ;                       ;         ; Column I/O ;                 ; no       ; On           ;
; W14      ; 194        ; 4        ; RESERVED_INPUT_WITH_WEAK_PULLUP                ;        ;                       ;         ; Column I/O ;                 ; no       ; On           ;
; W15      ; 206        ; 4        ; RESERVED_INPUT_WITH_WEAK_PULLUP                ;        ;                       ;         ; Column I/O ;                 ; no       ; On           ;
; W16      ; 218        ; 4        ; RESERVED_INPUT_WITH_WEAK_PULLUP                ;        ;                       ;         ; Column I/O ;                 ; no       ; On           ;
; W17      ; 240        ; 4        ; RESERVED_INPUT_WITH_WEAK_PULLUP                ;        ;                       ;         ; Column I/O ;                 ; no       ; On           ;
; W18      ; 226        ; 4        ; RESERVED_INPUT_WITH_WEAK_PULLUP                ;        ;                       ;         ; Column I/O ;                 ; no       ; On           ;
; W19      ; 284        ; 5        ; RESERVED_INPUT_WITH_WEAK_PULLUP                ;        ;                       ;         ; Row I/O    ;                 ; no       ; On           ;
; W20      ; 286        ; 5        ; RESERVED_INPUT_WITH_WEAK_PULLUP                ;        ;                       ;         ; Row I/O    ;                 ; no       ; On           ;
; W21      ;            ;          ; GND                                            ; gnd    ;                       ;         ; --         ;                 ; --       ; --           ;
; W22      ; 283        ; 5        ; RESERVED_INPUT_WITH_WEAK_PULLUP                ;        ;                       ;         ; Row I/O    ;                 ; no       ; On           ;
; Y1       ; 129        ; 3        ; RESERVED_INPUT_WITH_WEAK_PULLUP                ;        ;                       ;         ; Column I/O ;                 ; no       ; On           ;
; Y2       ; 131        ; 3        ; RESERVED_INPUT_WITH_WEAK_PULLUP                ;        ;                       ;         ; Column I/O ;                 ; no       ; On           ;
; Y3       ; 149        ; 3        ; RESERVED_INPUT_WITH_WEAK_PULLUP                ;        ;                       ;         ; Column I/O ;                 ; no       ; On           ;
; Y4       ; 151        ; 3        ; RESERVED_INPUT_WITH_WEAK_PULLUP                ;        ;                       ;         ; Column I/O ;                 ; no       ; On           ;
; Y5       ; 137        ; 3        ; RESERVED_INPUT_WITH_WEAK_PULLUP                ;        ;                       ;         ; Column I/O ;                 ; no       ; On           ;
; Y6       ; 139        ; 3        ; RESERVED_INPUT_WITH_WEAK_PULLUP                ;        ;                       ;         ; Column I/O ;                 ; no       ; On           ;
; Y7       ; 141        ; 3        ; RESERVED_INPUT_WITH_WEAK_PULLUP                ;        ;                       ;         ; Column I/O ;                 ; no       ; On           ;
; Y8       ; 143        ; 3        ; RESERVED_INPUT_WITH_WEAK_PULLUP                ;        ;                       ;         ; Column I/O ;                 ; no       ; On           ;
; Y9       ;            ;          ; GND                                            ; gnd    ;                       ;         ; --         ;                 ; --       ; --           ;
; Y10      ; 168        ; 3        ; RESERVED_INPUT_WITH_WEAK_PULLUP                ;        ;                       ;         ; Column I/O ;                 ; no       ; On           ;
; Y11      ; 175        ; 4        ; RESERVED_INPUT_WITH_WEAK_PULLUP                ;        ;                       ;         ; Column I/O ;                 ; no       ; On           ;
; Y12      ;            ;          ; GND                                            ; gnd    ;                       ;         ; --         ;                 ; --       ; --           ;
; Y13      ; 200        ; 4        ; RESERVED_INPUT_WITH_WEAK_PULLUP                ;        ;                       ;         ; Column I/O ;                 ; no       ; On           ;
; Y14      ; 202        ; 4        ; RESERVED_INPUT_WITH_WEAK_PULLUP                ;        ;                       ;         ; Column I/O ;                 ; no       ; On           ;
; Y15      ;            ;          ; GND                                            ; gnd    ;                       ;         ; --         ;                 ; --       ; --           ;
; Y16      ; 207        ; 4        ; RESERVED_INPUT_WITH_WEAK_PULLUP                ;        ;                       ;         ; Column I/O ;                 ; no       ; On           ;
; Y17      ; 214        ; 4        ; RESERVED_INPUT_WITH_WEAK_PULLUP                ;        ;                       ;         ; Column I/O ;                 ; no       ; On           ;
; Y18      ; 219        ; 4        ; RESERVED_INPUT_WITH_WEAK_PULLUP                ;        ;                       ;         ; Column I/O ;                 ; no       ; On           ;
; Y19      ; 224        ; 4        ; RESERVED_INPUT_WITH_WEAK_PULLUP                ;        ;                       ;         ; Column I/O ;                 ; no       ; On           ;
; Y20      ; 285        ; 5        ; RESERVED_INPUT_WITH_WEAK_PULLUP                ;        ;                       ;         ; Row I/O    ;                 ; no       ; On           ;
; Y21      ; 287        ; 5        ; RESERVED_INPUT_WITH_WEAK_PULLUP                ;        ;                       ;         ; Row I/O    ;                 ; no       ; On           ;
; Y22      ; 281        ; 5        ; RESERVED_INPUT_WITH_WEAK_PULLUP                ;        ;                       ;         ; Row I/O    ;                 ; no       ; On           ;
+----------+------------+----------+------------------------------------------------+--------+-----------------------+---------+------------+-----------------+----------+--------------+
Note: Pin directions (input, output or bidir) are based on device operating in user mode.


+------------------------------------------+
; I/O Assignment Warnings                  ;
+----------+-------------------------------+
; Pin Name ; Reason                        ;
+----------+-------------------------------+
; Y[0]     ; Incomplete set of assignments ;
; Y[1]     ; Incomplete set of assignments ;
; Y[2]     ; Incomplete set of assignments ;
; Y[3]     ; Incomplete set of assignments ;
; Y[4]     ; Incomplete set of assignments ;
; Y[5]     ; Incomplete set of assignments ;
; Y[6]     ; Incomplete set of assignments ;
; Y[7]     ; Incomplete set of assignments ;
; Y[8]     ; Incomplete set of assignments ;
; Y[9]     ; Incomplete set of assignments ;
; Y[10]    ; Incomplete set of assignments ;
; Y[11]    ; Incomplete set of assignments ;
; Y[12]    ; Incomplete set of assignments ;
; Y[13]    ; Incomplete set of assignments ;
; Y[14]    ; Incomplete set of assignments ;
; Y[15]    ; Incomplete set of assignments ;
; Y[16]    ; Incomplete set of assignments ;
; Y[17]    ; Incomplete set of assignments ;
; Y[18]    ; Incomplete set of assignments ;
; Y[19]    ; Incomplete set of assignments ;
; Y[20]    ; Incomplete set of assignments ;
; Y[21]    ; Incomplete set of assignments ;
; Y[22]    ; Incomplete set of assignments ;
; Y[23]    ; Incomplete set of assignments ;
; C[0]     ; Incomplete set of assignments ;
; A[0]     ; Incomplete set of assignments ;
; B[0]     ; Incomplete set of assignments ;
; X[0]     ; Incomplete set of assignments ;
; C[4]     ; Incomplete set of assignments ;
; C[5]     ; Incomplete set of assignments ;
; C[6]     ; Incomplete set of assignments ;
; C[7]     ; Incomplete set of assignments ;
; C[3]     ; Incomplete set of assignments ;
; C[1]     ; Incomplete set of assignments ;
; C[2]     ; Incomplete set of assignments ;
; A[1]     ; Incomplete set of assignments ;
; A[7]     ; Incomplete set of assignments ;
; X[7]     ; Incomplete set of assignments ;
; B[7]     ; Incomplete set of assignments ;
; B[1]     ; Incomplete set of assignments ;
; X[1]     ; Incomplete set of assignments ;
; X[5]     ; Incomplete set of assignments ;
; X[4]     ; Incomplete set of assignments ;
; X[2]     ; Incomplete set of assignments ;
; X[6]     ; Incomplete set of assignments ;
; X[3]     ; Incomplete set of assignments ;
; A[2]     ; Incomplete set of assignments ;
; A[3]     ; Incomplete set of assignments ;
; A[4]     ; Incomplete set of assignments ;
; A[5]     ; Incomplete set of assignments ;
; A[6]     ; Incomplete set of assignments ;
; B[5]     ; Incomplete set of assignments ;
; B[4]     ; Incomplete set of assignments ;
; B[6]     ; Incomplete set of assignments ;
; B[3]     ; Incomplete set of assignments ;
; B[2]     ; Incomplete set of assignments ;
; Y[0]     ; Missing location assignment   ;
; Y[1]     ; Missing location assignment   ;
; Y[2]     ; Missing location assignment   ;
; Y[3]     ; Missing location assignment   ;
; Y[4]     ; Missing location assignment   ;
; Y[5]     ; Missing location assignment   ;
; Y[6]     ; Missing location assignment   ;
; Y[7]     ; Missing location assignment   ;
; Y[8]     ; Missing location assignment   ;
; Y[9]     ; Missing location assignment   ;
; Y[10]    ; Missing location assignment   ;
; Y[11]    ; Missing location assignment   ;
; Y[12]    ; Missing location assignment   ;
; Y[13]    ; Missing location assignment   ;
; Y[14]    ; Missing location assignment   ;
; Y[15]    ; Missing location assignment   ;
; Y[16]    ; Missing location assignment   ;
; Y[17]    ; Missing location assignment   ;
; Y[18]    ; Missing location assignment   ;
; Y[19]    ; Missing location assignment   ;
; Y[20]    ; Missing location assignment   ;
; Y[21]    ; Missing location assignment   ;
; Y[22]    ; Missing location assignment   ;
; Y[23]    ; Missing location assignment   ;
; C[0]     ; Missing location assignment   ;
; A[0]     ; Missing location assignment   ;
; B[0]     ; Missing location assignment   ;
; C[4]     ; Missing location assignment   ;
; C[5]     ; Missing location assignment   ;
; C[6]     ; Missing location assignment   ;
; C[7]     ; Missing location assignment   ;
; C[3]     ; Missing location assignment   ;
; C[1]     ; Missing location assignment   ;
; C[2]     ; Missing location assignment   ;
; A[1]     ; Missing location assignment   ;
; A[7]     ; Missing location assignment   ;
; B[7]     ; Missing location assignment   ;
; B[1]     ; Missing location assignment   ;
; A[2]     ; Missing location assignment   ;
; A[3]     ; Missing location assignment   ;
; A[4]     ; Missing location assignment   ;
; A[5]     ; Missing location assignment   ;
; A[6]     ; Missing location assignment   ;
; B[5]     ; Missing location assignment   ;
; B[4]     ; Missing location assignment   ;
; B[6]     ; Missing location assignment   ;
; B[3]     ; Missing location assignment   ;
; B[2]     ; Missing location assignment   ;
+----------+-------------------------------+


+------------------------------------------------------------------------------------------------------------------------------------------------------------------------------------------------------------------------------------------------------------------------------------------------------------------------------------------------------------------------------------------------------------------------------------------------------------------------------+
; Fitter Resource Utilization by Entity                                                                                                                                                                                                                                                                                                                                                                                                                                        ;
+---------------------------------------------------+-------------+---------------------------+---------------+-------------+------+------------+--------------+---------+-----------+------+--------------+--------------+-------------------+------------------+------------+-------------------------------------------------------------------------------------------------------------------------------------------------------+-------------------------+--------------+
; Compilation Hierarchy Node                        ; Logic Cells ; Dedicated Logic Registers ; I/O Registers ; Memory Bits ; M9Ks ; UFM Blocks ; DSP Elements ; DSP 9x9 ; DSP 18x18 ; Pins ; Virtual Pins ; LUT-Only LCs ; Register-Only LCs ; LUT/Register LCs ; ADC blocks ; Full Hierarchy Name                                                                                                                                   ; Entity Name             ; Library Name ;
+---------------------------------------------------+-------------+---------------------------+---------------+-------------+------+------------+--------------+---------+-----------+------+--------------+--------------+-------------------+------------------+------------+-------------------------------------------------------------------------------------------------------------------------------------------------------+-------------------------+--------------+
; |funcao                                           ; 686 (3)     ; 0 (0)                     ; 0 (0)         ; 0           ; 0    ; 1          ; 0            ; 0       ; 0         ; 56   ; 0            ; 686 (3)      ; 0 (0)             ; 0 (0)            ; 0          ; |funcao                                                                                                                                               ; funcao                  ; work         ;
;    |complementodedois16bits:complementodoproduto| ; 38 (21)     ; 0 (0)                     ; 0 (0)         ; 0           ; 0    ; 0          ; 0            ; 0       ; 0         ; 0    ; 0            ; 38 (21)      ; 0 (0)             ; 0 (0)            ; 0          ; |funcao|complementodedois16bits:complementodoproduto                                                                                                  ; complementodedois16bits ; work         ;
;       |somador16bits:somador|                     ; 17 (0)      ; 0 (0)                     ; 0 (0)         ; 0           ; 0    ; 0          ; 0            ; 0       ; 0         ; 0    ; 0            ; 17 (0)       ; 0 (0)             ; 0 (0)            ; 0          ; |funcao|complementodedois16bits:complementodoproduto|somador16bits:somador                                                                            ; somador16bits           ; work         ;
;          |eightbitsadder:s1|                      ; 9 (0)       ; 0 (0)                     ; 0 (0)         ; 0           ; 0    ; 0          ; 0            ; 0       ; 0         ; 0    ; 0            ; 9 (0)        ; 0 (0)             ; 0 (0)            ; 0          ; |funcao|complementodedois16bits:complementodoproduto|somador16bits:somador|eightbitsadder:s1                                                          ; eightbitsadder          ; work         ;
;             |fourbitsadder:addr0|                 ; 5 (0)       ; 0 (0)                     ; 0 (0)         ; 0           ; 0    ; 0          ; 0            ; 0       ; 0         ; 0    ; 0            ; 5 (0)        ; 0 (0)             ; 0 (0)            ; 0          ; |funcao|complementodedois16bits:complementodoproduto|somador16bits:somador|eightbitsadder:s1|fourbitsadder:addr0                                      ; fourbitsadder           ; work         ;
;                |fulladder:addr0|                  ; 1 (0)       ; 0 (0)                     ; 0 (0)         ; 0           ; 0    ; 0          ; 0            ; 0       ; 0         ; 0    ; 0            ; 1 (0)        ; 0 (0)             ; 0 (0)            ; 0          ; |funcao|complementodedois16bits:complementodoproduto|somador16bits:somador|eightbitsadder:s1|fourbitsadder:addr0|fulladder:addr0                      ; fulladder               ; work         ;
;                   |halfadder:halfadder2|          ; 1 (1)       ; 0 (0)                     ; 0 (0)         ; 0           ; 0    ; 0          ; 0            ; 0       ; 0         ; 0    ; 0            ; 1 (1)        ; 0 (0)             ; 0 (0)            ; 0          ; |funcao|complementodedois16bits:complementodoproduto|somador16bits:somador|eightbitsadder:s1|fourbitsadder:addr0|fulladder:addr0|halfadder:halfadder2 ; halfadder               ; work         ;
;                |fulladder:addr1|                  ; 2 (0)       ; 0 (0)                     ; 0 (0)         ; 0           ; 0    ; 0          ; 0            ; 0       ; 0         ; 0    ; 0            ; 2 (0)        ; 0 (0)             ; 0 (0)            ; 0          ; |funcao|complementodedois16bits:complementodoproduto|somador16bits:somador|eightbitsadder:s1|fourbitsadder:addr0|fulladder:addr1                      ; fulladder               ; work         ;
;                   |halfadder:halfadder2|          ; 2 (2)       ; 0 (0)                     ; 0 (0)         ; 0           ; 0    ; 0          ; 0            ; 0       ; 0         ; 0    ; 0            ; 2 (2)        ; 0 (0)             ; 0 (0)            ; 0          ; |funcao|complementodedois16bits:complementodoproduto|somador16bits:somador|eightbitsadder:s1|fourbitsadder:addr0|fulladder:addr1|halfadder:halfadder2 ; halfadder               ; work         ;
;                |fulladder:addr2|                  ; 1 (0)       ; 0 (0)                     ; 0 (0)         ; 0           ; 0    ; 0          ; 0            ; 0       ; 0         ; 0    ; 0            ; 1 (0)        ; 0 (0)             ; 0 (0)            ; 0          ; |funcao|complementodedois16bits:complementodoproduto|somador16bits:somador|eightbitsadder:s1|fourbitsadder:addr0|fulladder:addr2                      ; fulladder               ; work         ;
;                   |halfadder:halfadder2|          ; 1 (1)       ; 0 (0)                     ; 0 (0)         ; 0           ; 0    ; 0          ; 0            ; 0       ; 0         ; 0    ; 0            ; 1 (1)        ; 0 (0)             ; 0 (0)            ; 0          ; |funcao|complementodedois16bits:complementodoproduto|somador16bits:somador|eightbitsadder:s1|fourbitsadder:addr0|fulladder:addr2|halfadder:halfadder2 ; halfadder               ; work         ;
;                |fulladder:addr3|                  ; 1 (0)       ; 0 (0)                     ; 0 (0)         ; 0           ; 0    ; 0          ; 0            ; 0       ; 0         ; 0    ; 0            ; 1 (0)        ; 0 (0)             ; 0 (0)            ; 0          ; |funcao|complementodedois16bits:complementodoproduto|somador16bits:somador|eightbitsadder:s1|fourbitsadder:addr0|fulladder:addr3                      ; fulladder               ; work         ;
;                   |halfadder:halfadder2|          ; 1 (1)       ; 0 (0)                     ; 0 (0)         ; 0           ; 0    ; 0          ; 0            ; 0       ; 0         ; 0    ; 0            ; 1 (1)        ; 0 (0)             ; 0 (0)            ; 0          ; |funcao|complementodedois16bits:complementodoproduto|somador16bits:somador|eightbitsadder:s1|fourbitsadder:addr0|fulladder:addr3|halfadder:halfadder2 ; halfadder               ; work         ;
;             |fourbitsadder:addr1|                 ; 4 (0)       ; 0 (0)                     ; 0 (0)         ; 0           ; 0    ; 0          ; 0            ; 0       ; 0         ; 0    ; 0            ; 4 (0)        ; 0 (0)             ; 0 (0)            ; 0          ; |funcao|complementodedois16bits:complementodoproduto|somador16bits:somador|eightbitsadder:s1|fourbitsadder:addr1                                      ; fourbitsadder           ; work         ;
;                |fulladder:addr0|                  ; 1 (0)       ; 0 (0)                     ; 0 (0)         ; 0           ; 0    ; 0          ; 0            ; 0       ; 0         ; 0    ; 0            ; 1 (0)        ; 0 (0)             ; 0 (0)            ; 0          ; |funcao|complementodedois16bits:complementodoproduto|somador16bits:somador|eightbitsadder:s1|fourbitsadder:addr1|fulladder:addr0                      ; fulladder               ; work         ;
;                   |halfadder:halfadder2|          ; 1 (1)       ; 0 (0)                     ; 0 (0)         ; 0           ; 0    ; 0          ; 0            ; 0       ; 0         ; 0    ; 0            ; 1 (1)        ; 0 (0)             ; 0 (0)            ; 0          ; |funcao|complementodedois16bits:complementodoproduto|somador16bits:somador|eightbitsadder:s1|fourbitsadder:addr1|fulladder:addr0|halfadder:halfadder2 ; halfadder               ; work         ;
;                |fulladder:addr1|                  ; 1 (0)       ; 0 (0)                     ; 0 (0)         ; 0           ; 0    ; 0          ; 0            ; 0       ; 0         ; 0    ; 0            ; 1 (0)        ; 0 (0)             ; 0 (0)            ; 0          ; |funcao|complementodedois16bits:complementodoproduto|somador16bits:somador|eightbitsadder:s1|fourbitsadder:addr1|fulladder:addr1                      ; fulladder               ; work         ;
;                   |halfadder:halfadder2|          ; 1 (1)       ; 0 (0)                     ; 0 (0)         ; 0           ; 0    ; 0          ; 0            ; 0       ; 0         ; 0    ; 0            ; 1 (1)        ; 0 (0)             ; 0 (0)            ; 0          ; |funcao|complementodedois16bits:complementodoproduto|somador16bits:somador|eightbitsadder:s1|fourbitsadder:addr1|fulladder:addr1|halfadder:halfadder2 ; halfadder               ; work         ;
;                |fulladder:addr2|                  ; 1 (0)       ; 0 (0)                     ; 0 (0)         ; 0           ; 0    ; 0          ; 0            ; 0       ; 0         ; 0    ; 0            ; 1 (0)        ; 0 (0)             ; 0 (0)            ; 0          ; |funcao|complementodedois16bits:complementodoproduto|somador16bits:somador|eightbitsadder:s1|fourbitsadder:addr1|fulladder:addr2                      ; fulladder               ; work         ;
;                   |halfadder:halfadder2|          ; 1 (1)       ; 0 (0)                     ; 0 (0)         ; 0           ; 0    ; 0          ; 0            ; 0       ; 0         ; 0    ; 0            ; 1 (1)        ; 0 (0)             ; 0 (0)            ; 0          ; |funcao|complementodedois16bits:complementodoproduto|somador16bits:somador|eightbitsadder:s1|fourbitsadder:addr1|fulladder:addr2|halfadder:halfadder2 ; halfadder               ; work         ;
;                |fulladder:addr3|                  ; 1 (0)       ; 0 (0)                     ; 0 (0)         ; 0           ; 0    ; 0          ; 0            ; 0       ; 0         ; 0    ; 0            ; 1 (0)        ; 0 (0)             ; 0 (0)            ; 0          ; |funcao|complementodedois16bits:complementodoproduto|somador16bits:somador|eightbitsadder:s1|fourbitsadder:addr1|fulladder:addr3                      ; fulladder               ; work         ;
;                   |halfadder:halfadder2|          ; 1 (1)       ; 0 (0)                     ; 0 (0)         ; 0           ; 0    ; 0          ; 0            ; 0       ; 0         ; 0    ; 0            ; 1 (1)        ; 0 (0)             ; 0 (0)            ; 0          ; |funcao|complementodedois16bits:complementodoproduto|somador16bits:somador|eightbitsadder:s1|fourbitsadder:addr1|fulladder:addr3|halfadder:halfadder2 ; halfadder               ; work         ;
;          |eightbitsadder:s2|                      ; 8 (0)       ; 0 (0)                     ; 0 (0)         ; 0           ; 0    ; 0          ; 0            ; 0       ; 0         ; 0    ; 0            ; 8 (0)        ; 0 (0)             ; 0 (0)            ; 0          ; |funcao|complementodedois16bits:complementodoproduto|somador16bits:somador|eightbitsadder:s2                                                          ; eightbitsadder          ; work         ;
;             |fourbitsadder:addr0|                 ; 4 (0)       ; 0 (0)                     ; 0 (0)         ; 0           ; 0    ; 0          ; 0            ; 0       ; 0         ; 0    ; 0            ; 4 (0)        ; 0 (0)             ; 0 (0)            ; 0          ; |funcao|complementodedois16bits:complementodoproduto|somador16bits:somador|eightbitsadder:s2|fourbitsadder:addr0                                      ; fourbitsadder           ; work         ;
;                |fulladder:addr0|                  ; 1 (0)       ; 0 (0)                     ; 0 (0)         ; 0           ; 0    ; 0          ; 0            ; 0       ; 0         ; 0    ; 0            ; 1 (0)        ; 0 (0)             ; 0 (0)            ; 0          ; |funcao|complementodedois16bits:complementodoproduto|somador16bits:somador|eightbitsadder:s2|fourbitsadder:addr0|fulladder:addr0                      ; fulladder               ; work         ;
;                   |halfadder:halfadder2|          ; 1 (1)       ; 0 (0)                     ; 0 (0)         ; 0           ; 0    ; 0          ; 0            ; 0       ; 0         ; 0    ; 0            ; 1 (1)        ; 0 (0)             ; 0 (0)            ; 0          ; |funcao|complementodedois16bits:complementodoproduto|somador16bits:somador|eightbitsadder:s2|fourbitsadder:addr0|fulladder:addr0|halfadder:halfadder2 ; halfadder               ; work         ;
;                |fulladder:addr1|                  ; 1 (0)       ; 0 (0)                     ; 0 (0)         ; 0           ; 0    ; 0          ; 0            ; 0       ; 0         ; 0    ; 0            ; 1 (0)        ; 0 (0)             ; 0 (0)            ; 0          ; |funcao|complementodedois16bits:complementodoproduto|somador16bits:somador|eightbitsadder:s2|fourbitsadder:addr0|fulladder:addr1                      ; fulladder               ; work         ;
;                   |halfadder:halfadder2|          ; 1 (1)       ; 0 (0)                     ; 0 (0)         ; 0           ; 0    ; 0          ; 0            ; 0       ; 0         ; 0    ; 0            ; 1 (1)        ; 0 (0)             ; 0 (0)            ; 0          ; |funcao|complementodedois16bits:complementodoproduto|somador16bits:somador|eightbitsadder:s2|fourbitsadder:addr0|fulladder:addr1|halfadder:halfadder2 ; halfadder               ; work         ;
;                |fulladder:addr2|                  ; 1 (0)       ; 0 (0)                     ; 0 (0)         ; 0           ; 0    ; 0          ; 0            ; 0       ; 0         ; 0    ; 0            ; 1 (0)        ; 0 (0)             ; 0 (0)            ; 0          ; |funcao|complementodedois16bits:complementodoproduto|somador16bits:somador|eightbitsadder:s2|fourbitsadder:addr0|fulladder:addr2                      ; fulladder               ; work         ;
;                   |halfadder:halfadder2|          ; 1 (1)       ; 0 (0)                     ; 0 (0)         ; 0           ; 0    ; 0          ; 0            ; 0       ; 0         ; 0    ; 0            ; 1 (1)        ; 0 (0)             ; 0 (0)            ; 0          ; |funcao|complementodedois16bits:complementodoproduto|somador16bits:somador|eightbitsadder:s2|fourbitsadder:addr0|fulladder:addr2|halfadder:halfadder2 ; halfadder               ; work         ;
;                |fulladder:addr3|                  ; 1 (0)       ; 0 (0)                     ; 0 (0)         ; 0           ; 0    ; 0          ; 0            ; 0       ; 0         ; 0    ; 0            ; 1 (0)        ; 0 (0)             ; 0 (0)            ; 0          ; |funcao|complementodedois16bits:complementodoproduto|somador16bits:somador|eightbitsadder:s2|fourbitsadder:addr0|fulladder:addr3                      ; fulladder               ; work         ;
;                   |halfadder:halfadder2|          ; 1 (1)       ; 0 (0)                     ; 0 (0)         ; 0           ; 0    ; 0          ; 0            ; 0       ; 0         ; 0    ; 0            ; 1 (1)        ; 0 (0)             ; 0 (0)            ; 0          ; |funcao|complementodedois16bits:complementodoproduto|somador16bits:somador|eightbitsadder:s2|fourbitsadder:addr0|fulladder:addr3|halfadder:halfadder2 ; halfadder               ; work         ;
;             |fourbitsadder:addr1|                 ; 4 (0)       ; 0 (0)                     ; 0 (0)         ; 0           ; 0    ; 0          ; 0            ; 0       ; 0         ; 0    ; 0            ; 4 (0)        ; 0 (0)             ; 0 (0)            ; 0          ; |funcao|complementodedois16bits:complementodoproduto|somador16bits:somador|eightbitsadder:s2|fourbitsadder:addr1                                      ; fourbitsadder           ; work         ;
;                |fulladder:addr0|                  ; 1 (0)       ; 0 (0)                     ; 0 (0)         ; 0           ; 0    ; 0          ; 0            ; 0       ; 0         ; 0    ; 0            ; 1 (0)        ; 0 (0)             ; 0 (0)            ; 0          ; |funcao|complementodedois16bits:complementodoproduto|somador16bits:somador|eightbitsadder:s2|fourbitsadder:addr1|fulladder:addr0                      ; fulladder               ; work         ;
;                   |halfadder:halfadder2|          ; 1 (1)       ; 0 (0)                     ; 0 (0)         ; 0           ; 0    ; 0          ; 0            ; 0       ; 0         ; 0    ; 0            ; 1 (1)        ; 0 (0)             ; 0 (0)            ; 0          ; |funcao|complementodedois16bits:complementodoproduto|somador16bits:somador|eightbitsadder:s2|fourbitsadder:addr1|fulladder:addr0|halfadder:halfadder2 ; halfadder               ; work         ;
;                |fulladder:addr1|                  ; 1 (0)       ; 0 (0)                     ; 0 (0)         ; 0           ; 0    ; 0          ; 0            ; 0       ; 0         ; 0    ; 0            ; 1 (0)        ; 0 (0)             ; 0 (0)            ; 0          ; |funcao|complementodedois16bits:complementodoproduto|somador16bits:somador|eightbitsadder:s2|fourbitsadder:addr1|fulladder:addr1                      ; fulladder               ; work         ;
;                   |halfadder:halfadder2|          ; 1 (1)       ; 0 (0)                     ; 0 (0)         ; 0           ; 0    ; 0          ; 0            ; 0       ; 0         ; 0    ; 0            ; 1 (1)        ; 0 (0)             ; 0 (0)            ; 0          ; |funcao|complementodedois16bits:complementodoproduto|somador16bits:somador|eightbitsadder:s2|fourbitsadder:addr1|fulladder:addr1|halfadder:halfadder2 ; halfadder               ; work         ;
;                |fulladder:addr2|                  ; 1 (0)       ; 0 (0)                     ; 0 (0)         ; 0           ; 0    ; 0          ; 0            ; 0       ; 0         ; 0    ; 0            ; 1 (0)        ; 0 (0)             ; 0 (0)            ; 0          ; |funcao|complementodedois16bits:complementodoproduto|somador16bits:somador|eightbitsadder:s2|fourbitsadder:addr1|fulladder:addr2                      ; fulladder               ; work         ;
;                   |halfadder:halfadder2|          ; 1 (1)       ; 0 (0)                     ; 0 (0)         ; 0           ; 0    ; 0          ; 0            ; 0       ; 0         ; 0    ; 0            ; 1 (1)        ; 0 (0)             ; 0 (0)            ; 0          ; |funcao|complementodedois16bits:complementodoproduto|somador16bits:somador|eightbitsadder:s2|fourbitsadder:addr1|fulladder:addr2|halfadder:halfadder2 ; halfadder               ; work         ;
;                |fulladder:addr3|                  ; 1 (0)       ; 0 (0)                     ; 0 (0)         ; 0           ; 0    ; 0          ; 0            ; 0       ; 0         ; 0    ; 0            ; 1 (0)        ; 0 (0)             ; 0 (0)            ; 0          ; |funcao|complementodedois16bits:complementodoproduto|somador16bits:somador|eightbitsadder:s2|fourbitsadder:addr1|fulladder:addr3                      ; fulladder               ; work         ;
;                   |halfadder:halfadder2|          ; 1 (1)       ; 0 (0)                     ; 0 (0)         ; 0           ; 0    ; 0          ; 0            ; 0       ; 0         ; 0    ; 0            ; 1 (1)        ; 0 (0)             ; 0 (0)            ; 0          ; |funcao|complementodedois16bits:complementodoproduto|somador16bits:somador|eightbitsadder:s2|fourbitsadder:addr1|fulladder:addr3|halfadder:halfadder2 ; halfadder               ; work         ;
;    |complementodedois24bits:absolutofinal|        ; 79 (44)     ; 0 (0)                     ; 0 (0)         ; 0           ; 0    ; 0          ; 0            ; 0       ; 0         ; 0    ; 0            ; 79 (44)      ; 0 (0)             ; 0 (0)            ; 0          ; |funcao|complementodedois24bits:absolutofinal                                                                                                         ; complementodedois24bits ; work         ;
;       |eightbitsadder:soma_alta|                  ; 10 (0)      ; 0 (0)                     ; 0 (0)         ; 0           ; 0    ; 0          ; 0            ; 0       ; 0         ; 0    ; 0            ; 10 (0)       ; 0 (0)             ; 0 (0)            ; 0          ; |funcao|complementodedois24bits:absolutofinal|eightbitsadder:soma_alta                                                                                ; eightbitsadder          ; work         ;
;          |fourbitsadder:addr0|                    ; 5 (0)       ; 0 (0)                     ; 0 (0)         ; 0           ; 0    ; 0          ; 0            ; 0       ; 0         ; 0    ; 0            ; 5 (0)        ; 0 (0)             ; 0 (0)            ; 0          ; |funcao|complementodedois24bits:absolutofinal|eightbitsadder:soma_alta|fourbitsadder:addr0                                                            ; fourbitsadder           ; work         ;
;             |fulladder:addr0|                     ; 1 (0)       ; 0 (0)                     ; 0 (0)         ; 0           ; 0    ; 0          ; 0            ; 0       ; 0         ; 0    ; 0            ; 1 (0)        ; 0 (0)             ; 0 (0)            ; 0          ; |funcao|complementodedois24bits:absolutofinal|eightbitsadder:soma_alta|fourbitsadder:addr0|fulladder:addr0                                            ; fulladder               ; work         ;
;                |halfadder:halfadder2|             ; 1 (1)       ; 0 (0)                     ; 0 (0)         ; 0           ; 0    ; 0          ; 0            ; 0       ; 0         ; 0    ; 0            ; 1 (1)        ; 0 (0)             ; 0 (0)            ; 0          ; |funcao|complementodedois24bits:absolutofinal|eightbitsadder:soma_alta|fourbitsadder:addr0|fulladder:addr0|halfadder:halfadder2                       ; halfadder               ; work         ;
;             |fulladder:addr1|                     ; 2 (0)       ; 0 (0)                     ; 0 (0)         ; 0           ; 0    ; 0          ; 0            ; 0       ; 0         ; 0    ; 0            ; 2 (0)        ; 0 (0)             ; 0 (0)            ; 0          ; |funcao|complementodedois24bits:absolutofinal|eightbitsadder:soma_alta|fourbitsadder:addr0|fulladder:addr1                                            ; fulladder               ; work         ;
;                |halfadder:halfadder2|             ; 2 (2)       ; 0 (0)                     ; 0 (0)         ; 0           ; 0    ; 0          ; 0            ; 0       ; 0         ; 0    ; 0            ; 2 (2)        ; 0 (0)             ; 0 (0)            ; 0          ; |funcao|complementodedois24bits:absolutofinal|eightbitsadder:soma_alta|fourbitsadder:addr0|fulladder:addr1|halfadder:halfadder2                       ; halfadder               ; work         ;
;             |fulladder:addr2|                     ; 1 (0)       ; 0 (0)                     ; 0 (0)         ; 0           ; 0    ; 0          ; 0            ; 0       ; 0         ; 0    ; 0            ; 1 (0)        ; 0 (0)             ; 0 (0)            ; 0          ; |funcao|complementodedois24bits:absolutofinal|eightbitsadder:soma_alta|fourbitsadder:addr0|fulladder:addr2                                            ; fulladder               ; work         ;
;                |halfadder:halfadder2|             ; 1 (1)       ; 0 (0)                     ; 0 (0)         ; 0           ; 0    ; 0          ; 0            ; 0       ; 0         ; 0    ; 0            ; 1 (1)        ; 0 (0)             ; 0 (0)            ; 0          ; |funcao|complementodedois24bits:absolutofinal|eightbitsadder:soma_alta|fourbitsadder:addr0|fulladder:addr2|halfadder:halfadder2                       ; halfadder               ; work         ;
;             |fulladder:addr3|                     ; 1 (0)       ; 0 (0)                     ; 0 (0)         ; 0           ; 0    ; 0          ; 0            ; 0       ; 0         ; 0    ; 0            ; 1 (0)        ; 0 (0)             ; 0 (0)            ; 0          ; |funcao|complementodedois24bits:absolutofinal|eightbitsadder:soma_alta|fourbitsadder:addr0|fulladder:addr3                                            ; fulladder               ; work         ;
;                |halfadder:halfadder2|             ; 1 (1)       ; 0 (0)                     ; 0 (0)         ; 0           ; 0    ; 0          ; 0            ; 0       ; 0         ; 0    ; 0            ; 1 (1)        ; 0 (0)             ; 0 (0)            ; 0          ; |funcao|complementodedois24bits:absolutofinal|eightbitsadder:soma_alta|fourbitsadder:addr0|fulladder:addr3|halfadder:halfadder2                       ; halfadder               ; work         ;
;          |fourbitsadder:addr1|                    ; 5 (0)       ; 0 (0)                     ; 0 (0)         ; 0           ; 0    ; 0          ; 0            ; 0       ; 0         ; 0    ; 0            ; 5 (0)        ; 0 (0)             ; 0 (0)            ; 0          ; |funcao|complementodedois24bits:absolutofinal|eightbitsadder:soma_alta|fourbitsadder:addr1                                                            ; fourbitsadder           ; work         ;
;             |fulladder:addr0|                     ; 2 (0)       ; 0 (0)                     ; 0 (0)         ; 0           ; 0    ; 0          ; 0            ; 0       ; 0         ; 0    ; 0            ; 2 (0)        ; 0 (0)             ; 0 (0)            ; 0          ; |funcao|complementodedois24bits:absolutofinal|eightbitsadder:soma_alta|fourbitsadder:addr1|fulladder:addr0                                            ; fulladder               ; work         ;
;                |halfadder:halfadder2|             ; 2 (2)       ; 0 (0)                     ; 0 (0)         ; 0           ; 0    ; 0          ; 0            ; 0       ; 0         ; 0    ; 0            ; 2 (2)        ; 0 (0)             ; 0 (0)            ; 0          ; |funcao|complementodedois24bits:absolutofinal|eightbitsadder:soma_alta|fourbitsadder:addr1|fulladder:addr0|halfadder:halfadder2                       ; halfadder               ; work         ;
;             |fulladder:addr1|                     ; 1 (0)       ; 0 (0)                     ; 0 (0)         ; 0           ; 0    ; 0          ; 0            ; 0       ; 0         ; 0    ; 0            ; 1 (0)        ; 0 (0)             ; 0 (0)            ; 0          ; |funcao|complementodedois24bits:absolutofinal|eightbitsadder:soma_alta|fourbitsadder:addr1|fulladder:addr1                                            ; fulladder               ; work         ;
;                |halfadder:halfadder2|             ; 1 (1)       ; 0 (0)                     ; 0 (0)         ; 0           ; 0    ; 0          ; 0            ; 0       ; 0         ; 0    ; 0            ; 1 (1)        ; 0 (0)             ; 0 (0)            ; 0          ; |funcao|complementodedois24bits:absolutofinal|eightbitsadder:soma_alta|fourbitsadder:addr1|fulladder:addr1|halfadder:halfadder2                       ; halfadder               ; work         ;
;             |fulladder:addr2|                     ; 2 (0)       ; 0 (0)                     ; 0 (0)         ; 0           ; 0    ; 0          ; 0            ; 0       ; 0         ; 0    ; 0            ; 2 (0)        ; 0 (0)             ; 0 (0)            ; 0          ; |funcao|complementodedois24bits:absolutofinal|eightbitsadder:soma_alta|fourbitsadder:addr1|fulladder:addr2                                            ; fulladder               ; work         ;
;                |halfadder:halfadder2|             ; 2 (2)       ; 0 (0)                     ; 0 (0)         ; 0           ; 0    ; 0          ; 0            ; 0       ; 0         ; 0    ; 0            ; 2 (2)        ; 0 (0)             ; 0 (0)            ; 0          ; |funcao|complementodedois24bits:absolutofinal|eightbitsadder:soma_alta|fourbitsadder:addr1|fulladder:addr2|halfadder:halfadder2                       ; halfadder               ; work         ;
;       |somador16bits:soma_baixa|                  ; 25 (0)      ; 0 (0)                     ; 0 (0)         ; 0           ; 0    ; 0          ; 0            ; 0       ; 0         ; 0    ; 0            ; 25 (0)       ; 0 (0)             ; 0 (0)            ; 0          ; |funcao|complementodedois24bits:absolutofinal|somador16bits:soma_baixa                                                                                ; somador16bits           ; work         ;
;          |eightbitsadder:s1|                      ; 14 (0)      ; 0 (0)                     ; 0 (0)         ; 0           ; 0    ; 0          ; 0            ; 0       ; 0         ; 0    ; 0            ; 14 (0)       ; 0 (0)             ; 0 (0)            ; 0          ; |funcao|complementodedois24bits:absolutofinal|somador16bits:soma_baixa|eightbitsadder:s1                                                              ; eightbitsadder          ; work         ;
;             |fourbitsadder:addr0|                 ; 9 (0)       ; 0 (0)                     ; 0 (0)         ; 0           ; 0    ; 0          ; 0            ; 0       ; 0         ; 0    ; 0            ; 9 (0)        ; 0 (0)             ; 0 (0)            ; 0          ; |funcao|complementodedois24bits:absolutofinal|somador16bits:soma_baixa|eightbitsadder:s1|fourbitsadder:addr0                                          ; fourbitsadder           ; work         ;
;                |fulladder:addr0|                  ; 2 (0)       ; 0 (0)                     ; 0 (0)         ; 0           ; 0    ; 0          ; 0            ; 0       ; 0         ; 0    ; 0            ; 2 (0)        ; 0 (0)             ; 0 (0)            ; 0          ; |funcao|complementodedois24bits:absolutofinal|somador16bits:soma_baixa|eightbitsadder:s1|fourbitsadder:addr0|fulladder:addr0                          ; fulladder               ; work         ;
;                   |halfadder:halfadder2|          ; 2 (2)       ; 0 (0)                     ; 0 (0)         ; 0           ; 0    ; 0          ; 0            ; 0       ; 0         ; 0    ; 0            ; 2 (2)        ; 0 (0)             ; 0 (0)            ; 0          ; |funcao|complementodedois24bits:absolutofinal|somador16bits:soma_baixa|eightbitsadder:s1|fourbitsadder:addr0|fulladder:addr0|halfadder:halfadder2     ; halfadder               ; work         ;
;                |fulladder:addr1|                  ; 4 (0)       ; 0 (0)                     ; 0 (0)         ; 0           ; 0    ; 0          ; 0            ; 0       ; 0         ; 0    ; 0            ; 4 (0)        ; 0 (0)             ; 0 (0)            ; 0          ; |funcao|complementodedois24bits:absolutofinal|somador16bits:soma_baixa|eightbitsadder:s1|fourbitsadder:addr0|fulladder:addr1                          ; fulladder               ; work         ;
;                   |halfadder:halfadder2|          ; 4 (4)       ; 0 (0)                     ; 0 (0)         ; 0           ; 0    ; 0          ; 0            ; 0       ; 0         ; 0    ; 0            ; 4 (4)        ; 0 (0)             ; 0 (0)            ; 0          ; |funcao|complementodedois24bits:absolutofinal|somador16bits:soma_baixa|eightbitsadder:s1|fourbitsadder:addr0|fulladder:addr1|halfadder:halfadder2     ; halfadder               ; work         ;
;                |fulladder:addr2|                  ; 2 (0)       ; 0 (0)                     ; 0 (0)         ; 0           ; 0    ; 0          ; 0            ; 0       ; 0         ; 0    ; 0            ; 2 (0)        ; 0 (0)             ; 0 (0)            ; 0          ; |funcao|complementodedois24bits:absolutofinal|somador16bits:soma_baixa|eightbitsadder:s1|fourbitsadder:addr0|fulladder:addr2                          ; fulladder               ; work         ;
;                   |halfadder:halfadder2|          ; 2 (2)       ; 0 (0)                     ; 0 (0)         ; 0           ; 0    ; 0          ; 0            ; 0       ; 0         ; 0    ; 0            ; 2 (2)        ; 0 (0)             ; 0 (0)            ; 0          ; |funcao|complementodedois24bits:absolutofinal|somador16bits:soma_baixa|eightbitsadder:s1|fourbitsadder:addr0|fulladder:addr2|halfadder:halfadder2     ; halfadder               ; work         ;
;                |fulladder:addr3|                  ; 1 (0)       ; 0 (0)                     ; 0 (0)         ; 0           ; 0    ; 0          ; 0            ; 0       ; 0         ; 0    ; 0            ; 1 (0)        ; 0 (0)             ; 0 (0)            ; 0          ; |funcao|complementodedois24bits:absolutofinal|somador16bits:soma_baixa|eightbitsadder:s1|fourbitsadder:addr0|fulladder:addr3                          ; fulladder               ; work         ;
;                   |halfadder:halfadder2|          ; 1 (1)       ; 0 (0)                     ; 0 (0)         ; 0           ; 0    ; 0          ; 0            ; 0       ; 0         ; 0    ; 0            ; 1 (1)        ; 0 (0)             ; 0 (0)            ; 0          ; |funcao|complementodedois24bits:absolutofinal|somador16bits:soma_baixa|eightbitsadder:s1|fourbitsadder:addr0|fulladder:addr3|halfadder:halfadder2     ; halfadder               ; work         ;
;             |fourbitsadder:addr1|                 ; 5 (0)       ; 0 (0)                     ; 0 (0)         ; 0           ; 0    ; 0          ; 0            ; 0       ; 0         ; 0    ; 0            ; 5 (0)        ; 0 (0)             ; 0 (0)            ; 0          ; |funcao|complementodedois24bits:absolutofinal|somador16bits:soma_baixa|eightbitsadder:s1|fourbitsadder:addr1                                          ; fourbitsadder           ; work         ;
;                |fulladder:addr0|                  ; 1 (0)       ; 0 (0)                     ; 0 (0)         ; 0           ; 0    ; 0          ; 0            ; 0       ; 0         ; 0    ; 0            ; 1 (0)        ; 0 (0)             ; 0 (0)            ; 0          ; |funcao|complementodedois24bits:absolutofinal|somador16bits:soma_baixa|eightbitsadder:s1|fourbitsadder:addr1|fulladder:addr0                          ; fulladder               ; work         ;
;                   |halfadder:halfadder2|          ; 1 (1)       ; 0 (0)                     ; 0 (0)         ; 0           ; 0    ; 0          ; 0            ; 0       ; 0         ; 0    ; 0            ; 1 (1)        ; 0 (0)             ; 0 (0)            ; 0          ; |funcao|complementodedois24bits:absolutofinal|somador16bits:soma_baixa|eightbitsadder:s1|fourbitsadder:addr1|fulladder:addr0|halfadder:halfadder2     ; halfadder               ; work         ;
;                |fulladder:addr1|                  ; 2 (0)       ; 0 (0)                     ; 0 (0)         ; 0           ; 0    ; 0          ; 0            ; 0       ; 0         ; 0    ; 0            ; 2 (0)        ; 0 (0)             ; 0 (0)            ; 0          ; |funcao|complementodedois24bits:absolutofinal|somador16bits:soma_baixa|eightbitsadder:s1|fourbitsadder:addr1|fulladder:addr1                          ; fulladder               ; work         ;
;                   |halfadder:halfadder2|          ; 2 (2)       ; 0 (0)                     ; 0 (0)         ; 0           ; 0    ; 0          ; 0            ; 0       ; 0         ; 0    ; 0            ; 2 (2)        ; 0 (0)             ; 0 (0)            ; 0          ; |funcao|complementodedois24bits:absolutofinal|somador16bits:soma_baixa|eightbitsadder:s1|fourbitsadder:addr1|fulladder:addr1|halfadder:halfadder2     ; halfadder               ; work         ;
;                |fulladder:addr2|                  ; 1 (0)       ; 0 (0)                     ; 0 (0)         ; 0           ; 0    ; 0          ; 0            ; 0       ; 0         ; 0    ; 0            ; 1 (0)        ; 0 (0)             ; 0 (0)            ; 0          ; |funcao|complementodedois24bits:absolutofinal|somador16bits:soma_baixa|eightbitsadder:s1|fourbitsadder:addr1|fulladder:addr2                          ; fulladder               ; work         ;
;                   |halfadder:halfadder2|          ; 1 (1)       ; 0 (0)                     ; 0 (0)         ; 0           ; 0    ; 0          ; 0            ; 0       ; 0         ; 0    ; 0            ; 1 (1)        ; 0 (0)             ; 0 (0)            ; 0          ; |funcao|complementodedois24bits:absolutofinal|somador16bits:soma_baixa|eightbitsadder:s1|fourbitsadder:addr1|fulladder:addr2|halfadder:halfadder2     ; halfadder               ; work         ;
;                |fulladder:addr3|                  ; 1 (0)       ; 0 (0)                     ; 0 (0)         ; 0           ; 0    ; 0          ; 0            ; 0       ; 0         ; 0    ; 0            ; 1 (0)        ; 0 (0)             ; 0 (0)            ; 0          ; |funcao|complementodedois24bits:absolutofinal|somador16bits:soma_baixa|eightbitsadder:s1|fourbitsadder:addr1|fulladder:addr3                          ; fulladder               ; work         ;
;                   |halfadder:halfadder2|          ; 1 (1)       ; 0 (0)                     ; 0 (0)         ; 0           ; 0    ; 0          ; 0            ; 0       ; 0         ; 0    ; 0            ; 1 (1)        ; 0 (0)             ; 0 (0)            ; 0          ; |funcao|complementodedois24bits:absolutofinal|somador16bits:soma_baixa|eightbitsadder:s1|fourbitsadder:addr1|fulladder:addr3|halfadder:halfadder2     ; halfadder               ; work         ;
;          |eightbitsadder:s2|                      ; 11 (0)      ; 0 (0)                     ; 0 (0)         ; 0           ; 0    ; 0          ; 0            ; 0       ; 0         ; 0    ; 0            ; 11 (0)       ; 0 (0)             ; 0 (0)            ; 0          ; |funcao|complementodedois24bits:absolutofinal|somador16bits:soma_baixa|eightbitsadder:s2                                                              ; eightbitsadder          ; work         ;
;             |fourbitsadder:addr0|                 ; 6 (0)       ; 0 (0)                     ; 0 (0)         ; 0           ; 0    ; 0          ; 0            ; 0       ; 0         ; 0    ; 0            ; 6 (0)        ; 0 (0)             ; 0 (0)            ; 0          ; |funcao|complementodedois24bits:absolutofinal|somador16bits:soma_baixa|eightbitsadder:s2|fourbitsadder:addr0                                          ; fourbitsadder           ; work         ;
;                |fulladder:addr0|                  ; 2 (0)       ; 0 (0)                     ; 0 (0)         ; 0           ; 0    ; 0          ; 0            ; 0       ; 0         ; 0    ; 0            ; 2 (0)        ; 0 (0)             ; 0 (0)            ; 0          ; |funcao|complementodedois24bits:absolutofinal|somador16bits:soma_baixa|eightbitsadder:s2|fourbitsadder:addr0|fulladder:addr0                          ; fulladder               ; work         ;
;                   |halfadder:halfadder2|          ; 2 (2)       ; 0 (0)                     ; 0 (0)         ; 0           ; 0    ; 0          ; 0            ; 0       ; 0         ; 0    ; 0            ; 2 (2)        ; 0 (0)             ; 0 (0)            ; 0          ; |funcao|complementodedois24bits:absolutofinal|somador16bits:soma_baixa|eightbitsadder:s2|fourbitsadder:addr0|fulladder:addr0|halfadder:halfadder2     ; halfadder               ; work         ;
;                |fulladder:addr1|                  ; 1 (0)       ; 0 (0)                     ; 0 (0)         ; 0           ; 0    ; 0          ; 0            ; 0       ; 0         ; 0    ; 0            ; 1 (0)        ; 0 (0)             ; 0 (0)            ; 0          ; |funcao|complementodedois24bits:absolutofinal|somador16bits:soma_baixa|eightbitsadder:s2|fourbitsadder:addr0|fulladder:addr1                          ; fulladder               ; work         ;
;                   |halfadder:halfadder2|          ; 1 (1)       ; 0 (0)                     ; 0 (0)         ; 0           ; 0    ; 0          ; 0            ; 0       ; 0         ; 0    ; 0            ; 1 (1)        ; 0 (0)             ; 0 (0)            ; 0          ; |funcao|complementodedois24bits:absolutofinal|somador16bits:soma_baixa|eightbitsadder:s2|fourbitsadder:addr0|fulladder:addr1|halfadder:halfadder2     ; halfadder               ; work         ;
;                |fulladder:addr2|                  ; 1 (0)       ; 0 (0)                     ; 0 (0)         ; 0           ; 0    ; 0          ; 0            ; 0       ; 0         ; 0    ; 0            ; 1 (0)        ; 0 (0)             ; 0 (0)            ; 0          ; |funcao|complementodedois24bits:absolutofinal|somador16bits:soma_baixa|eightbitsadder:s2|fourbitsadder:addr0|fulladder:addr2                          ; fulladder               ; work         ;
;                   |halfadder:halfadder2|          ; 1 (1)       ; 0 (0)                     ; 0 (0)         ; 0           ; 0    ; 0          ; 0            ; 0       ; 0         ; 0    ; 0            ; 1 (1)        ; 0 (0)             ; 0 (0)            ; 0          ; |funcao|complementodedois24bits:absolutofinal|somador16bits:soma_baixa|eightbitsadder:s2|fourbitsadder:addr0|fulladder:addr2|halfadder:halfadder2     ; halfadder               ; work         ;
;                |fulladder:addr3|                  ; 2 (0)       ; 0 (0)                     ; 0 (0)         ; 0           ; 0    ; 0          ; 0            ; 0       ; 0         ; 0    ; 0            ; 2 (0)        ; 0 (0)             ; 0 (0)            ; 0          ; |funcao|complementodedois24bits:absolutofinal|somador16bits:soma_baixa|eightbitsadder:s2|fourbitsadder:addr0|fulladder:addr3                          ; fulladder               ; work         ;
;                   |halfadder:halfadder2|          ; 2 (2)       ; 0 (0)                     ; 0 (0)         ; 0           ; 0    ; 0          ; 0            ; 0       ; 0         ; 0    ; 0            ; 2 (2)        ; 0 (0)             ; 0 (0)            ; 0          ; |funcao|complementodedois24bits:absolutofinal|somador16bits:soma_baixa|eightbitsadder:s2|fourbitsadder:addr0|fulladder:addr3|halfadder:halfadder2     ; halfadder               ; work         ;
;             |fourbitsadder:addr1|                 ; 5 (0)       ; 0 (0)                     ; 0 (0)         ; 0           ; 0    ; 0          ; 0            ; 0       ; 0         ; 0    ; 0            ; 5 (0)        ; 0 (0)             ; 0 (0)            ; 0          ; |funcao|complementodedois24bits:absolutofinal|somador16bits:soma_baixa|eightbitsadder:s2|fourbitsadder:addr1                                          ; fourbitsadder           ; work         ;
;                |fulladder:addr0|                  ; 1 (0)       ; 0 (0)                     ; 0 (0)         ; 0           ; 0    ; 0          ; 0            ; 0       ; 0         ; 0    ; 0            ; 1 (0)        ; 0 (0)             ; 0 (0)            ; 0          ; |funcao|complementodedois24bits:absolutofinal|somador16bits:soma_baixa|eightbitsadder:s2|fourbitsadder:addr1|fulladder:addr0                          ; fulladder               ; work         ;
;                   |halfadder:halfadder2|          ; 1 (1)       ; 0 (0)                     ; 0 (0)         ; 0           ; 0    ; 0          ; 0            ; 0       ; 0         ; 0    ; 0            ; 1 (1)        ; 0 (0)             ; 0 (0)            ; 0          ; |funcao|complementodedois24bits:absolutofinal|somador16bits:soma_baixa|eightbitsadder:s2|fourbitsadder:addr1|fulladder:addr0|halfadder:halfadder2     ; halfadder               ; work         ;
;                |fulladder:addr1|                  ; 1 (0)       ; 0 (0)                     ; 0 (0)         ; 0           ; 0    ; 0          ; 0            ; 0       ; 0         ; 0    ; 0            ; 1 (0)        ; 0 (0)             ; 0 (0)            ; 0          ; |funcao|complementodedois24bits:absolutofinal|somador16bits:soma_baixa|eightbitsadder:s2|fourbitsadder:addr1|fulladder:addr1                          ; fulladder               ; work         ;
;                   |halfadder:halfadder2|          ; 1 (1)       ; 0 (0)                     ; 0 (0)         ; 0           ; 0    ; 0          ; 0            ; 0       ; 0         ; 0    ; 0            ; 1 (1)        ; 0 (0)             ; 0 (0)            ; 0          ; |funcao|complementodedois24bits:absolutofinal|somador16bits:soma_baixa|eightbitsadder:s2|fourbitsadder:addr1|fulladder:addr1|halfadder:halfadder2     ; halfadder               ; work         ;
;                |fulladder:addr2|                  ; 2 (0)       ; 0 (0)                     ; 0 (0)         ; 0           ; 0    ; 0          ; 0            ; 0       ; 0         ; 0    ; 0            ; 2 (0)        ; 0 (0)             ; 0 (0)            ; 0          ; |funcao|complementodedois24bits:absolutofinal|somador16bits:soma_baixa|eightbitsadder:s2|fourbitsadder:addr1|fulladder:addr2                          ; fulladder               ; work         ;
;                   |halfadder:halfadder2|          ; 2 (2)       ; 0 (0)                     ; 0 (0)         ; 0           ; 0    ; 0          ; 0            ; 0       ; 0         ; 0    ; 0            ; 2 (2)        ; 0 (0)             ; 0 (0)            ; 0          ; |funcao|complementodedois24bits:absolutofinal|somador16bits:soma_baixa|eightbitsadder:s2|fourbitsadder:addr1|fulladder:addr2|halfadder:halfadder2     ; halfadder               ; work         ;
;                |fulladder:addr3|                  ; 1 (0)       ; 0 (0)                     ; 0 (0)         ; 0           ; 0    ; 0          ; 0            ; 0       ; 0         ; 0    ; 0            ; 1 (0)        ; 0 (0)             ; 0 (0)            ; 0          ; |funcao|complementodedois24bits:absolutofinal|somador16bits:soma_baixa|eightbitsadder:s2|fourbitsadder:addr1|fulladder:addr3                          ; fulladder               ; work         ;
;                   |halfadder:halfadder2|          ; 1 (1)       ; 0 (0)                     ; 0 (0)         ; 0           ; 0    ; 0          ; 0            ; 0       ; 0         ; 0    ; 0            ; 1 (1)        ; 0 (0)             ; 0 (0)            ; 0          ; |funcao|complementodedois24bits:absolutofinal|somador16bits:soma_baixa|eightbitsadder:s2|fourbitsadder:addr1|fulladder:addr3|halfadder:halfadder2     ; halfadder               ; work         ;
;    |complementodedois24bits:complementoC|         ; 16 (0)      ; 0 (0)                     ; 0 (0)         ; 0           ; 0    ; 0          ; 0            ; 0       ; 0         ; 0    ; 0            ; 16 (0)       ; 0 (0)             ; 0 (0)            ; 0          ; |funcao|complementodedois24bits:complementoC                                                                                                          ; complementodedois24bits ; work         ;
;       |somador16bits:soma_baixa|                  ; 16 (0)      ; 0 (0)                     ; 0 (0)         ; 0           ; 0    ; 0          ; 0            ; 0       ; 0         ; 0    ; 0            ; 16 (0)       ; 0 (0)             ; 0 (0)            ; 0          ; |funcao|complementodedois24bits:complementoC|somador16bits:soma_baixa                                                                                 ; somador16bits           ; work         ;
;          |eightbitsadder:s1|                      ; 12 (0)      ; 0 (0)                     ; 0 (0)         ; 0           ; 0    ; 0          ; 0            ; 0       ; 0         ; 0    ; 0            ; 12 (0)       ; 0 (0)             ; 0 (0)            ; 0          ; |funcao|complementodedois24bits:complementoC|somador16bits:soma_baixa|eightbitsadder:s1                                                               ; eightbitsadder          ; work         ;
;             |fourbitsadder:addr0|                 ; 5 (0)       ; 0 (0)                     ; 0 (0)         ; 0           ; 0    ; 0          ; 0            ; 0       ; 0         ; 0    ; 0            ; 5 (0)        ; 0 (0)             ; 0 (0)            ; 0          ; |funcao|complementodedois24bits:complementoC|somador16bits:soma_baixa|eightbitsadder:s1|fourbitsadder:addr0                                           ; fourbitsadder           ; work         ;
;                |fulladder:addr1|                  ; 2 (0)       ; 0 (0)                     ; 0 (0)         ; 0           ; 0    ; 0          ; 0            ; 0       ; 0         ; 0    ; 0            ; 2 (0)        ; 0 (0)             ; 0 (0)            ; 0          ; |funcao|complementodedois24bits:complementoC|somador16bits:soma_baixa|eightbitsadder:s1|fourbitsadder:addr0|fulladder:addr1                           ; fulladder               ; work         ;
;                   |halfadder:halfadder2|          ; 2 (2)       ; 0 (0)                     ; 0 (0)         ; 0           ; 0    ; 0          ; 0            ; 0       ; 0         ; 0    ; 0            ; 2 (2)        ; 0 (0)             ; 0 (0)            ; 0          ; |funcao|complementodedois24bits:complementoC|somador16bits:soma_baixa|eightbitsadder:s1|fourbitsadder:addr0|fulladder:addr1|halfadder:halfadder2      ; halfadder               ; work         ;
;                |fulladder:addr2|                  ; 1 (0)       ; 0 (0)                     ; 0 (0)         ; 0           ; 0    ; 0          ; 0            ; 0       ; 0         ; 0    ; 0            ; 1 (0)        ; 0 (0)             ; 0 (0)            ; 0          ; |funcao|complementodedois24bits:complementoC|somador16bits:soma_baixa|eightbitsadder:s1|fourbitsadder:addr0|fulladder:addr2                           ; fulladder               ; work         ;
;                   |halfadder:halfadder2|          ; 1 (1)       ; 0 (0)                     ; 0 (0)         ; 0           ; 0    ; 0          ; 0            ; 0       ; 0         ; 0    ; 0            ; 1 (1)        ; 0 (0)             ; 0 (0)            ; 0          ; |funcao|complementodedois24bits:complementoC|somador16bits:soma_baixa|eightbitsadder:s1|fourbitsadder:addr0|fulladder:addr2|halfadder:halfadder2      ; halfadder               ; work         ;
;                |fulladder:addr3|                  ; 2 (0)       ; 0 (0)                     ; 0 (0)         ; 0           ; 0    ; 0          ; 0            ; 0       ; 0         ; 0    ; 0            ; 2 (0)        ; 0 (0)             ; 0 (0)            ; 0          ; |funcao|complementodedois24bits:complementoC|somador16bits:soma_baixa|eightbitsadder:s1|fourbitsadder:addr0|fulladder:addr3                           ; fulladder               ; work         ;
;                   |halfadder:halfadder2|          ; 2 (2)       ; 0 (0)                     ; 0 (0)         ; 0           ; 0    ; 0          ; 0            ; 0       ; 0         ; 0    ; 0            ; 2 (2)        ; 0 (0)             ; 0 (0)            ; 0          ; |funcao|complementodedois24bits:complementoC|somador16bits:soma_baixa|eightbitsadder:s1|fourbitsadder:addr0|fulladder:addr3|halfadder:halfadder2      ; halfadder               ; work         ;
;             |fourbitsadder:addr1|                 ; 7 (0)       ; 0 (0)                     ; 0 (0)         ; 0           ; 0    ; 0          ; 0            ; 0       ; 0         ; 0    ; 0            ; 7 (0)        ; 0 (0)             ; 0 (0)            ; 0          ; |funcao|complementodedois24bits:complementoC|somador16bits:soma_baixa|eightbitsadder:s1|fourbitsadder:addr1                                           ; fourbitsadder           ; work         ;
;                |fulladder:addr0|                  ; 2 (0)       ; 0 (0)                     ; 0 (0)         ; 0           ; 0    ; 0          ; 0            ; 0       ; 0         ; 0    ; 0            ; 2 (0)        ; 0 (0)             ; 0 (0)            ; 0          ; |funcao|complementodedois24bits:complementoC|somador16bits:soma_baixa|eightbitsadder:s1|fourbitsadder:addr1|fulladder:addr0                           ; fulladder               ; work         ;
;                   |halfadder:halfadder2|          ; 2 (2)       ; 0 (0)                     ; 0 (0)         ; 0           ; 0    ; 0          ; 0            ; 0       ; 0         ; 0    ; 0            ; 2 (2)        ; 0 (0)             ; 0 (0)            ; 0          ; |funcao|complementodedois24bits:complementoC|somador16bits:soma_baixa|eightbitsadder:s1|fourbitsadder:addr1|fulladder:addr0|halfadder:halfadder2      ; halfadder               ; work         ;
;                |fulladder:addr1|                  ; 2 (0)       ; 0 (0)                     ; 0 (0)         ; 0           ; 0    ; 0          ; 0            ; 0       ; 0         ; 0    ; 0            ; 2 (0)        ; 0 (0)             ; 0 (0)            ; 0          ; |funcao|complementodedois24bits:complementoC|somador16bits:soma_baixa|eightbitsadder:s1|fourbitsadder:addr1|fulladder:addr1                           ; fulladder               ; work         ;
;                   |halfadder:halfadder2|          ; 2 (2)       ; 0 (0)                     ; 0 (0)         ; 0           ; 0    ; 0          ; 0            ; 0       ; 0         ; 0    ; 0            ; 2 (2)        ; 0 (0)             ; 0 (0)            ; 0          ; |funcao|complementodedois24bits:complementoC|somador16bits:soma_baixa|eightbitsadder:s1|fourbitsadder:addr1|fulladder:addr1|halfadder:halfadder2      ; halfadder               ; work         ;
;                |fulladder:addr2|                  ; 2 (0)       ; 0 (0)                     ; 0 (0)         ; 0           ; 0    ; 0          ; 0            ; 0       ; 0         ; 0    ; 0            ; 2 (0)        ; 0 (0)             ; 0 (0)            ; 0          ; |funcao|complementodedois24bits:complementoC|somador16bits:soma_baixa|eightbitsadder:s1|fourbitsadder:addr1|fulladder:addr2                           ; fulladder               ; work         ;
;                   |halfadder:halfadder2|          ; 2 (2)       ; 0 (0)                     ; 0 (0)         ; 0           ; 0    ; 0          ; 0            ; 0       ; 0         ; 0    ; 0            ; 2 (2)        ; 0 (0)             ; 0 (0)            ; 0          ; |funcao|complementodedois24bits:complementoC|somador16bits:soma_baixa|eightbitsadder:s1|fourbitsadder:addr1|fulladder:addr2|halfadder:halfadder2      ; halfadder               ; work         ;
;                |fulladder:addr3|                  ; 1 (0)       ; 0 (0)                     ; 0 (0)         ; 0           ; 0    ; 0          ; 0            ; 0       ; 0         ; 0    ; 0            ; 1 (0)        ; 0 (0)             ; 0 (0)            ; 0          ; |funcao|complementodedois24bits:complementoC|somador16bits:soma_baixa|eightbitsadder:s1|fourbitsadder:addr1|fulladder:addr3                           ; fulladder               ; work         ;
;                   |halfadder:halfadder2|          ; 1 (1)       ; 0 (0)                     ; 0 (0)         ; 0           ; 0    ; 0          ; 0            ; 0       ; 0         ; 0    ; 0            ; 1 (1)        ; 0 (0)             ; 0 (0)            ; 0          ; |funcao|complementodedois24bits:complementoC|somador16bits:soma_baixa|eightbitsadder:s1|fourbitsadder:addr1|fulladder:addr3|halfadder:halfadder2      ; halfadder               ; work         ;
;          |eightbitsadder:s2|                      ; 4 (0)       ; 0 (0)                     ; 0 (0)         ; 0           ; 0    ; 0          ; 0            ; 0       ; 0         ; 0    ; 0            ; 4 (0)        ; 0 (0)             ; 0 (0)            ; 0          ; |funcao|complementodedois24bits:complementoC|somador16bits:soma_baixa|eightbitsadder:s2                                                               ; eightbitsadder          ; work         ;
;             |fourbitsadder:addr0|                 ; 4 (0)       ; 0 (0)                     ; 0 (0)         ; 0           ; 0    ; 0          ; 0            ; 0       ; 0         ; 0    ; 0            ; 4 (0)        ; 0 (0)             ; 0 (0)            ; 0          ; |funcao|complementodedois24bits:complementoC|somador16bits:soma_baixa|eightbitsadder:s2|fourbitsadder:addr0                                           ; fourbitsadder           ; work         ;
;                |fulladder:addr0|                  ; 2 (0)       ; 0 (0)                     ; 0 (0)         ; 0           ; 0    ; 0          ; 0            ; 0       ; 0         ; 0    ; 0            ; 2 (0)        ; 0 (0)             ; 0 (0)            ; 0          ; |funcao|complementodedois24bits:complementoC|somador16bits:soma_baixa|eightbitsadder:s2|fourbitsadder:addr0|fulladder:addr0                           ; fulladder               ; work         ;
;                   |halfadder:halfadder2|          ; 2 (2)       ; 0 (0)                     ; 0 (0)         ; 0           ; 0    ; 0          ; 0            ; 0       ; 0         ; 0    ; 0            ; 2 (2)        ; 0 (0)             ; 0 (0)            ; 0          ; |funcao|complementodedois24bits:complementoC|somador16bits:soma_baixa|eightbitsadder:s2|fourbitsadder:addr0|fulladder:addr0|halfadder:halfadder2      ; halfadder               ; work         ;
;                |fulladder:addr2|                  ; 2 (0)       ; 0 (0)                     ; 0 (0)         ; 0           ; 0    ; 0          ; 0            ; 0       ; 0         ; 0    ; 0            ; 2 (0)        ; 0 (0)             ; 0 (0)            ; 0          ; |funcao|complementodedois24bits:complementoC|somador16bits:soma_baixa|eightbitsadder:s2|fourbitsadder:addr0|fulladder:addr2                           ; fulladder               ; work         ;
;                   |halfadder:halfadder2|          ; 2 (2)       ; 0 (0)                     ; 0 (0)         ; 0           ; 0    ; 0          ; 0            ; 0       ; 0         ; 0    ; 0            ; 2 (2)        ; 0 (0)             ; 0 (0)            ; 0          ; |funcao|complementodedois24bits:complementoC|somador16bits:soma_baixa|eightbitsadder:s2|fourbitsadder:addr0|fulladder:addr2|halfadder:halfadder2      ; halfadder               ; work         ;
;    |complementodedois24bits:complementoax2|       ; 57 (11)     ; 0 (0)                     ; 0 (0)         ; 0           ; 0    ; 0          ; 0            ; 0       ; 0         ; 0    ; 0            ; 57 (11)      ; 0 (0)             ; 0 (0)            ; 0          ; |funcao|complementodedois24bits:complementoax2                                                                                                        ; complementodedois24bits ; work         ;
;       |eightbitsadder:soma_alta|                  ; 14 (0)      ; 0 (0)                     ; 0 (0)         ; 0           ; 0    ; 0          ; 0            ; 0       ; 0         ; 0    ; 0            ; 14 (0)       ; 0 (0)             ; 0 (0)            ; 0          ; |funcao|complementodedois24bits:complementoax2|eightbitsadder:soma_alta                                                                               ; eightbitsadder          ; work         ;
;          |fourbitsadder:addr0|                    ; 8 (0)       ; 0 (0)                     ; 0 (0)         ; 0           ; 0    ; 0          ; 0            ; 0       ; 0         ; 0    ; 0            ; 8 (0)        ; 0 (0)             ; 0 (0)            ; 0          ; |funcao|complementodedois24bits:complementoax2|eightbitsadder:soma_alta|fourbitsadder:addr0                                                           ; fourbitsadder           ; work         ;
;             |fulladder:addr0|                     ; 2 (0)       ; 0 (0)                     ; 0 (0)         ; 0           ; 0    ; 0          ; 0            ; 0       ; 0         ; 0    ; 0            ; 2 (0)        ; 0 (0)             ; 0 (0)            ; 0          ; |funcao|complementodedois24bits:complementoax2|eightbitsadder:soma_alta|fourbitsadder:addr0|fulladder:addr0                                           ; fulladder               ; work         ;
;                |halfadder:halfadder2|             ; 2 (2)       ; 0 (0)                     ; 0 (0)         ; 0           ; 0    ; 0          ; 0            ; 0       ; 0         ; 0    ; 0            ; 2 (2)        ; 0 (0)             ; 0 (0)            ; 0          ; |funcao|complementodedois24bits:complementoax2|eightbitsadder:soma_alta|fourbitsadder:addr0|fulladder:addr0|halfadder:halfadder2                      ; halfadder               ; work         ;
;             |fulladder:addr1|                     ; 2 (0)       ; 0 (0)                     ; 0 (0)         ; 0           ; 0    ; 0          ; 0            ; 0       ; 0         ; 0    ; 0            ; 2 (0)        ; 0 (0)             ; 0 (0)            ; 0          ; |funcao|complementodedois24bits:complementoax2|eightbitsadder:soma_alta|fourbitsadder:addr0|fulladder:addr1                                           ; fulladder               ; work         ;
;                |halfadder:halfadder2|             ; 2 (2)       ; 0 (0)                     ; 0 (0)         ; 0           ; 0    ; 0          ; 0            ; 0       ; 0         ; 0    ; 0            ; 2 (2)        ; 0 (0)             ; 0 (0)            ; 0          ; |funcao|complementodedois24bits:complementoax2|eightbitsadder:soma_alta|fourbitsadder:addr0|fulladder:addr1|halfadder:halfadder2                      ; halfadder               ; work         ;
;             |fulladder:addr2|                     ; 2 (0)       ; 0 (0)                     ; 0 (0)         ; 0           ; 0    ; 0          ; 0            ; 0       ; 0         ; 0    ; 0            ; 2 (0)        ; 0 (0)             ; 0 (0)            ; 0          ; |funcao|complementodedois24bits:complementoax2|eightbitsadder:soma_alta|fourbitsadder:addr0|fulladder:addr2                                           ; fulladder               ; work         ;
;                |halfadder:halfadder2|             ; 2 (2)       ; 0 (0)                     ; 0 (0)         ; 0           ; 0    ; 0          ; 0            ; 0       ; 0         ; 0    ; 0            ; 2 (2)        ; 0 (0)             ; 0 (0)            ; 0          ; |funcao|complementodedois24bits:complementoax2|eightbitsadder:soma_alta|fourbitsadder:addr0|fulladder:addr2|halfadder:halfadder2                      ; halfadder               ; work         ;
;             |fulladder:addr3|                     ; 2 (0)       ; 0 (0)                     ; 0 (0)         ; 0           ; 0    ; 0          ; 0            ; 0       ; 0         ; 0    ; 0            ; 2 (0)        ; 0 (0)             ; 0 (0)            ; 0          ; |funcao|complementodedois24bits:complementoax2|eightbitsadder:soma_alta|fourbitsadder:addr0|fulladder:addr3                                           ; fulladder               ; work         ;
;                |halfadder:halfadder2|             ; 2 (2)       ; 0 (0)                     ; 0 (0)         ; 0           ; 0    ; 0          ; 0            ; 0       ; 0         ; 0    ; 0            ; 2 (2)        ; 0 (0)             ; 0 (0)            ; 0          ; |funcao|complementodedois24bits:complementoax2|eightbitsadder:soma_alta|fourbitsadder:addr0|fulladder:addr3|halfadder:halfadder2                      ; halfadder               ; work         ;
;          |fourbitsadder:addr1|                    ; 6 (0)       ; 0 (0)                     ; 0 (0)         ; 0           ; 0    ; 0          ; 0            ; 0       ; 0         ; 0    ; 0            ; 6 (0)        ; 0 (0)             ; 0 (0)            ; 0          ; |funcao|complementodedois24bits:complementoax2|eightbitsadder:soma_alta|fourbitsadder:addr1                                                           ; fourbitsadder           ; work         ;
;             |fulladder:addr0|                     ; 2 (0)       ; 0 (0)                     ; 0 (0)         ; 0           ; 0    ; 0          ; 0            ; 0       ; 0         ; 0    ; 0            ; 2 (0)        ; 0 (0)             ; 0 (0)            ; 0          ; |funcao|complementodedois24bits:complementoax2|eightbitsadder:soma_alta|fourbitsadder:addr1|fulladder:addr0                                           ; fulladder               ; work         ;
;                |halfadder:halfadder2|             ; 2 (2)       ; 0 (0)                     ; 0 (0)         ; 0           ; 0    ; 0          ; 0            ; 0       ; 0         ; 0    ; 0            ; 2 (2)        ; 0 (0)             ; 0 (0)            ; 0          ; |funcao|complementodedois24bits:complementoax2|eightbitsadder:soma_alta|fourbitsadder:addr1|fulladder:addr0|halfadder:halfadder2                      ; halfadder               ; work         ;
;             |fulladder:addr1|                     ; 2 (0)       ; 0 (0)                     ; 0 (0)         ; 0           ; 0    ; 0          ; 0            ; 0       ; 0         ; 0    ; 0            ; 2 (0)        ; 0 (0)             ; 0 (0)            ; 0          ; |funcao|complementodedois24bits:complementoax2|eightbitsadder:soma_alta|fourbitsadder:addr1|fulladder:addr1                                           ; fulladder               ; work         ;
;                |halfadder:halfadder2|             ; 2 (2)       ; 0 (0)                     ; 0 (0)         ; 0           ; 0    ; 0          ; 0            ; 0       ; 0         ; 0    ; 0            ; 2 (2)        ; 0 (0)             ; 0 (0)            ; 0          ; |funcao|complementodedois24bits:complementoax2|eightbitsadder:soma_alta|fourbitsadder:addr1|fulladder:addr1|halfadder:halfadder2                      ; halfadder               ; work         ;
;             |fulladder:addr2|                     ; 2 (0)       ; 0 (0)                     ; 0 (0)         ; 0           ; 0    ; 0          ; 0            ; 0       ; 0         ; 0    ; 0            ; 2 (0)        ; 0 (0)             ; 0 (0)            ; 0          ; |funcao|complementodedois24bits:complementoax2|eightbitsadder:soma_alta|fourbitsadder:addr1|fulladder:addr2                                           ; fulladder               ; work         ;
;                |halfadder:halfadder2|             ; 2 (2)       ; 0 (0)                     ; 0 (0)         ; 0           ; 0    ; 0          ; 0            ; 0       ; 0         ; 0    ; 0            ; 2 (2)        ; 0 (0)             ; 0 (0)            ; 0          ; |funcao|complementodedois24bits:complementoax2|eightbitsadder:soma_alta|fourbitsadder:addr1|fulladder:addr2|halfadder:halfadder2                      ; halfadder               ; work         ;
;       |somador16bits:soma_baixa|                  ; 32 (0)      ; 0 (0)                     ; 0 (0)         ; 0           ; 0    ; 0          ; 0            ; 0       ; 0         ; 0    ; 0            ; 32 (0)       ; 0 (0)             ; 0 (0)            ; 0          ; |funcao|complementodedois24bits:complementoax2|somador16bits:soma_baixa                                                                               ; somador16bits           ; work         ;
;          |eightbitsadder:s1|                      ; 16 (0)      ; 0 (0)                     ; 0 (0)         ; 0           ; 0    ; 0          ; 0            ; 0       ; 0         ; 0    ; 0            ; 16 (0)       ; 0 (0)             ; 0 (0)            ; 0          ; |funcao|complementodedois24bits:complementoax2|somador16bits:soma_baixa|eightbitsadder:s1                                                             ; eightbitsadder          ; work         ;
;             |fourbitsadder:addr0|                 ; 8 (0)       ; 0 (0)                     ; 0 (0)         ; 0           ; 0    ; 0          ; 0            ; 0       ; 0         ; 0    ; 0            ; 8 (0)        ; 0 (0)             ; 0 (0)            ; 0          ; |funcao|complementodedois24bits:complementoax2|somador16bits:soma_baixa|eightbitsadder:s1|fourbitsadder:addr0                                         ; fourbitsadder           ; work         ;
;                |fulladder:addr0|                  ; 1 (0)       ; 0 (0)                     ; 0 (0)         ; 0           ; 0    ; 0          ; 0            ; 0       ; 0         ; 0    ; 0            ; 1 (0)        ; 0 (0)             ; 0 (0)            ; 0          ; |funcao|complementodedois24bits:complementoax2|somador16bits:soma_baixa|eightbitsadder:s1|fourbitsadder:addr0|fulladder:addr0                         ; fulladder               ; work         ;
;                   |halfadder:halfadder2|          ; 1 (1)       ; 0 (0)                     ; 0 (0)         ; 0           ; 0    ; 0          ; 0            ; 0       ; 0         ; 0    ; 0            ; 1 (1)        ; 0 (0)             ; 0 (0)            ; 0          ; |funcao|complementodedois24bits:complementoax2|somador16bits:soma_baixa|eightbitsadder:s1|fourbitsadder:addr0|fulladder:addr0|halfadder:halfadder2    ; halfadder               ; work         ;
;                |fulladder:addr1|                  ; 3 (0)       ; 0 (0)                     ; 0 (0)         ; 0           ; 0    ; 0          ; 0            ; 0       ; 0         ; 0    ; 0            ; 3 (0)        ; 0 (0)             ; 0 (0)            ; 0          ; |funcao|complementodedois24bits:complementoax2|somador16bits:soma_baixa|eightbitsadder:s1|fourbitsadder:addr0|fulladder:addr1                         ; fulladder               ; work         ;
;                   |halfadder:halfadder2|          ; 3 (3)       ; 0 (0)                     ; 0 (0)         ; 0           ; 0    ; 0          ; 0            ; 0       ; 0         ; 0    ; 0            ; 3 (3)        ; 0 (0)             ; 0 (0)            ; 0          ; |funcao|complementodedois24bits:complementoax2|somador16bits:soma_baixa|eightbitsadder:s1|fourbitsadder:addr0|fulladder:addr1|halfadder:halfadder2    ; halfadder               ; work         ;
;                |fulladder:addr2|                  ; 2 (0)       ; 0 (0)                     ; 0 (0)         ; 0           ; 0    ; 0          ; 0            ; 0       ; 0         ; 0    ; 0            ; 2 (0)        ; 0 (0)             ; 0 (0)            ; 0          ; |funcao|complementodedois24bits:complementoax2|somador16bits:soma_baixa|eightbitsadder:s1|fourbitsadder:addr0|fulladder:addr2                         ; fulladder               ; work         ;
;                   |halfadder:halfadder2|          ; 2 (2)       ; 0 (0)                     ; 0 (0)         ; 0           ; 0    ; 0          ; 0            ; 0       ; 0         ; 0    ; 0            ; 2 (2)        ; 0 (0)             ; 0 (0)            ; 0          ; |funcao|complementodedois24bits:complementoax2|somador16bits:soma_baixa|eightbitsadder:s1|fourbitsadder:addr0|fulladder:addr2|halfadder:halfadder2    ; halfadder               ; work         ;
;                |fulladder:addr3|                  ; 2 (0)       ; 0 (0)                     ; 0 (0)         ; 0           ; 0    ; 0          ; 0            ; 0       ; 0         ; 0    ; 0            ; 2 (0)        ; 0 (0)             ; 0 (0)            ; 0          ; |funcao|complementodedois24bits:complementoax2|somador16bits:soma_baixa|eightbitsadder:s1|fourbitsadder:addr0|fulladder:addr3                         ; fulladder               ; work         ;
;                   |halfadder:halfadder2|          ; 2 (2)       ; 0 (0)                     ; 0 (0)         ; 0           ; 0    ; 0          ; 0            ; 0       ; 0         ; 0    ; 0            ; 2 (2)        ; 0 (0)             ; 0 (0)            ; 0          ; |funcao|complementodedois24bits:complementoax2|somador16bits:soma_baixa|eightbitsadder:s1|fourbitsadder:addr0|fulladder:addr3|halfadder:halfadder2    ; halfadder               ; work         ;
;             |fourbitsadder:addr1|                 ; 8 (0)       ; 0 (0)                     ; 0 (0)         ; 0           ; 0    ; 0          ; 0            ; 0       ; 0         ; 0    ; 0            ; 8 (0)        ; 0 (0)             ; 0 (0)            ; 0          ; |funcao|complementodedois24bits:complementoax2|somador16bits:soma_baixa|eightbitsadder:s1|fourbitsadder:addr1                                         ; fourbitsadder           ; work         ;
;                |fulladder:addr0|                  ; 2 (0)       ; 0 (0)                     ; 0 (0)         ; 0           ; 0    ; 0          ; 0            ; 0       ; 0         ; 0    ; 0            ; 2 (0)        ; 0 (0)             ; 0 (0)            ; 0          ; |funcao|complementodedois24bits:complementoax2|somador16bits:soma_baixa|eightbitsadder:s1|fourbitsadder:addr1|fulladder:addr0                         ; fulladder               ; work         ;
;                   |halfadder:halfadder2|          ; 2 (2)       ; 0 (0)                     ; 0 (0)         ; 0           ; 0    ; 0          ; 0            ; 0       ; 0         ; 0    ; 0            ; 2 (2)        ; 0 (0)             ; 0 (0)            ; 0          ; |funcao|complementodedois24bits:complementoax2|somador16bits:soma_baixa|eightbitsadder:s1|fourbitsadder:addr1|fulladder:addr0|halfadder:halfadder2    ; halfadder               ; work         ;
;                |fulladder:addr1|                  ; 2 (0)       ; 0 (0)                     ; 0 (0)         ; 0           ; 0    ; 0          ; 0            ; 0       ; 0         ; 0    ; 0            ; 2 (0)        ; 0 (0)             ; 0 (0)            ; 0          ; |funcao|complementodedois24bits:complementoax2|somador16bits:soma_baixa|eightbitsadder:s1|fourbitsadder:addr1|fulladder:addr1                         ; fulladder               ; work         ;
;                   |halfadder:halfadder2|          ; 2 (2)       ; 0 (0)                     ; 0 (0)         ; 0           ; 0    ; 0          ; 0            ; 0       ; 0         ; 0    ; 0            ; 2 (2)        ; 0 (0)             ; 0 (0)            ; 0          ; |funcao|complementodedois24bits:complementoax2|somador16bits:soma_baixa|eightbitsadder:s1|fourbitsadder:addr1|fulladder:addr1|halfadder:halfadder2    ; halfadder               ; work         ;
;                |fulladder:addr2|                  ; 2 (0)       ; 0 (0)                     ; 0 (0)         ; 0           ; 0    ; 0          ; 0            ; 0       ; 0         ; 0    ; 0            ; 2 (0)        ; 0 (0)             ; 0 (0)            ; 0          ; |funcao|complementodedois24bits:complementoax2|somador16bits:soma_baixa|eightbitsadder:s1|fourbitsadder:addr1|fulladder:addr2                         ; fulladder               ; work         ;
;                   |halfadder:halfadder2|          ; 2 (2)       ; 0 (0)                     ; 0 (0)         ; 0           ; 0    ; 0          ; 0            ; 0       ; 0         ; 0    ; 0            ; 2 (2)        ; 0 (0)             ; 0 (0)            ; 0          ; |funcao|complementodedois24bits:complementoax2|somador16bits:soma_baixa|eightbitsadder:s1|fourbitsadder:addr1|fulladder:addr2|halfadder:halfadder2    ; halfadder               ; work         ;
;                |fulladder:addr3|                  ; 2 (0)       ; 0 (0)                     ; 0 (0)         ; 0           ; 0    ; 0          ; 0            ; 0       ; 0         ; 0    ; 0            ; 2 (0)        ; 0 (0)             ; 0 (0)            ; 0          ; |funcao|complementodedois24bits:complementoax2|somador16bits:soma_baixa|eightbitsadder:s1|fourbitsadder:addr1|fulladder:addr3                         ; fulladder               ; work         ;
;                   |halfadder:halfadder2|          ; 2 (2)       ; 0 (0)                     ; 0 (0)         ; 0           ; 0    ; 0          ; 0            ; 0       ; 0         ; 0    ; 0            ; 2 (2)        ; 0 (0)             ; 0 (0)            ; 0          ; |funcao|complementodedois24bits:complementoax2|somador16bits:soma_baixa|eightbitsadder:s1|fourbitsadder:addr1|fulladder:addr3|halfadder:halfadder2    ; halfadder               ; work         ;
;          |eightbitsadder:s2|                      ; 16 (0)      ; 0 (0)                     ; 0 (0)         ; 0           ; 0    ; 0          ; 0            ; 0       ; 0         ; 0    ; 0            ; 16 (0)       ; 0 (0)             ; 0 (0)            ; 0          ; |funcao|complementodedois24bits:complementoax2|somador16bits:soma_baixa|eightbitsadder:s2                                                             ; eightbitsadder          ; work         ;
;             |fourbitsadder:addr0|                 ; 8 (0)       ; 0 (0)                     ; 0 (0)         ; 0           ; 0    ; 0          ; 0            ; 0       ; 0         ; 0    ; 0            ; 8 (0)        ; 0 (0)             ; 0 (0)            ; 0          ; |funcao|complementodedois24bits:complementoax2|somador16bits:soma_baixa|eightbitsadder:s2|fourbitsadder:addr0                                         ; fourbitsadder           ; work         ;
;                |fulladder:addr0|                  ; 2 (0)       ; 0 (0)                     ; 0 (0)         ; 0           ; 0    ; 0          ; 0            ; 0       ; 0         ; 0    ; 0            ; 2 (0)        ; 0 (0)             ; 0 (0)            ; 0          ; |funcao|complementodedois24bits:complementoax2|somador16bits:soma_baixa|eightbitsadder:s2|fourbitsadder:addr0|fulladder:addr0                         ; fulladder               ; work         ;
;                   |halfadder:halfadder2|          ; 2 (2)       ; 0 (0)                     ; 0 (0)         ; 0           ; 0    ; 0          ; 0            ; 0       ; 0         ; 0    ; 0            ; 2 (2)        ; 0 (0)             ; 0 (0)            ; 0          ; |funcao|complementodedois24bits:complementoax2|somador16bits:soma_baixa|eightbitsadder:s2|fourbitsadder:addr0|fulladder:addr0|halfadder:halfadder2    ; halfadder               ; work         ;
;                |fulladder:addr1|                  ; 2 (0)       ; 0 (0)                     ; 0 (0)         ; 0           ; 0    ; 0          ; 0            ; 0       ; 0         ; 0    ; 0            ; 2 (0)        ; 0 (0)             ; 0 (0)            ; 0          ; |funcao|complementodedois24bits:complementoax2|somador16bits:soma_baixa|eightbitsadder:s2|fourbitsadder:addr0|fulladder:addr1                         ; fulladder               ; work         ;
;                   |halfadder:halfadder2|          ; 2 (2)       ; 0 (0)                     ; 0 (0)         ; 0           ; 0    ; 0          ; 0            ; 0       ; 0         ; 0    ; 0            ; 2 (2)        ; 0 (0)             ; 0 (0)            ; 0          ; |funcao|complementodedois24bits:complementoax2|somador16bits:soma_baixa|eightbitsadder:s2|fourbitsadder:addr0|fulladder:addr1|halfadder:halfadder2    ; halfadder               ; work         ;
;                |fulladder:addr2|                  ; 2 (0)       ; 0 (0)                     ; 0 (0)         ; 0           ; 0    ; 0          ; 0            ; 0       ; 0         ; 0    ; 0            ; 2 (0)        ; 0 (0)             ; 0 (0)            ; 0          ; |funcao|complementodedois24bits:complementoax2|somador16bits:soma_baixa|eightbitsadder:s2|fourbitsadder:addr0|fulladder:addr2                         ; fulladder               ; work         ;
;                   |halfadder:halfadder2|          ; 2 (2)       ; 0 (0)                     ; 0 (0)         ; 0           ; 0    ; 0          ; 0            ; 0       ; 0         ; 0    ; 0            ; 2 (2)        ; 0 (0)             ; 0 (0)            ; 0          ; |funcao|complementodedois24bits:complementoax2|somador16bits:soma_baixa|eightbitsadder:s2|fourbitsadder:addr0|fulladder:addr2|halfadder:halfadder2    ; halfadder               ; work         ;
;                |fulladder:addr3|                  ; 2 (0)       ; 0 (0)                     ; 0 (0)         ; 0           ; 0    ; 0          ; 0            ; 0       ; 0         ; 0    ; 0            ; 2 (0)        ; 0 (0)             ; 0 (0)            ; 0          ; |funcao|complementodedois24bits:complementoax2|somador16bits:soma_baixa|eightbitsadder:s2|fourbitsadder:addr0|fulladder:addr3                         ; fulladder               ; work         ;
;                   |halfadder:halfadder2|          ; 2 (2)       ; 0 (0)                     ; 0 (0)         ; 0           ; 0    ; 0          ; 0            ; 0       ; 0         ; 0    ; 0            ; 2 (2)        ; 0 (0)             ; 0 (0)            ; 0          ; |funcao|complementodedois24bits:complementoax2|somador16bits:soma_baixa|eightbitsadder:s2|fourbitsadder:addr0|fulladder:addr3|halfadder:halfadder2    ; halfadder               ; work         ;
;             |fourbitsadder:addr1|                 ; 8 (0)       ; 0 (0)                     ; 0 (0)         ; 0           ; 0    ; 0          ; 0            ; 0       ; 0         ; 0    ; 0            ; 8 (0)        ; 0 (0)             ; 0 (0)            ; 0          ; |funcao|complementodedois24bits:complementoax2|somador16bits:soma_baixa|eightbitsadder:s2|fourbitsadder:addr1                                         ; fourbitsadder           ; work         ;
;                |fulladder:addr0|                  ; 2 (0)       ; 0 (0)                     ; 0 (0)         ; 0           ; 0    ; 0          ; 0            ; 0       ; 0         ; 0    ; 0            ; 2 (0)        ; 0 (0)             ; 0 (0)            ; 0          ; |funcao|complementodedois24bits:complementoax2|somador16bits:soma_baixa|eightbitsadder:s2|fourbitsadder:addr1|fulladder:addr0                         ; fulladder               ; work         ;
;                   |halfadder:halfadder2|          ; 2 (2)       ; 0 (0)                     ; 0 (0)         ; 0           ; 0    ; 0          ; 0            ; 0       ; 0         ; 0    ; 0            ; 2 (2)        ; 0 (0)             ; 0 (0)            ; 0          ; |funcao|complementodedois24bits:complementoax2|somador16bits:soma_baixa|eightbitsadder:s2|fourbitsadder:addr1|fulladder:addr0|halfadder:halfadder2    ; halfadder               ; work         ;
;                |fulladder:addr1|                  ; 2 (0)       ; 0 (0)                     ; 0 (0)         ; 0           ; 0    ; 0          ; 0            ; 0       ; 0         ; 0    ; 0            ; 2 (0)        ; 0 (0)             ; 0 (0)            ; 0          ; |funcao|complementodedois24bits:complementoax2|somador16bits:soma_baixa|eightbitsadder:s2|fourbitsadder:addr1|fulladder:addr1                         ; fulladder               ; work         ;
;                   |halfadder:halfadder2|          ; 2 (2)       ; 0 (0)                     ; 0 (0)         ; 0           ; 0    ; 0          ; 0            ; 0       ; 0         ; 0    ; 0            ; 2 (2)        ; 0 (0)             ; 0 (0)            ; 0          ; |funcao|complementodedois24bits:complementoax2|somador16bits:soma_baixa|eightbitsadder:s2|fourbitsadder:addr1|fulladder:addr1|halfadder:halfadder2    ; halfadder               ; work         ;
;                |fulladder:addr2|                  ; 2 (0)       ; 0 (0)                     ; 0 (0)         ; 0           ; 0    ; 0          ; 0            ; 0       ; 0         ; 0    ; 0            ; 2 (0)        ; 0 (0)             ; 0 (0)            ; 0          ; |funcao|complementodedois24bits:complementoax2|somador16bits:soma_baixa|eightbitsadder:s2|fourbitsadder:addr1|fulladder:addr2                         ; fulladder               ; work         ;
;                   |halfadder:halfadder2|          ; 2 (2)       ; 0 (0)                     ; 0 (0)         ; 0           ; 0    ; 0          ; 0            ; 0       ; 0         ; 0    ; 0            ; 2 (2)        ; 0 (0)             ; 0 (0)            ; 0          ; |funcao|complementodedois24bits:complementoax2|somador16bits:soma_baixa|eightbitsadder:s2|fourbitsadder:addr1|fulladder:addr2|halfadder:halfadder2    ; halfadder               ; work         ;
;                |fulladder:addr3|                  ; 2 (0)       ; 0 (0)                     ; 0 (0)         ; 0           ; 0    ; 0          ; 0            ; 0       ; 0         ; 0    ; 0            ; 2 (0)        ; 0 (0)             ; 0 (0)            ; 0          ; |funcao|complementodedois24bits:complementoax2|somador16bits:soma_baixa|eightbitsadder:s2|fourbitsadder:addr1|fulladder:addr3                         ; fulladder               ; work         ;
;                   |halfadder:halfadder2|          ; 2 (2)       ; 0 (0)                     ; 0 (0)         ; 0           ; 0    ; 0          ; 0            ; 0       ; 0         ; 0    ; 0            ; 2 (2)        ; 0 (0)             ; 0 (0)            ; 0          ; |funcao|complementodedois24bits:complementoax2|somador16bits:soma_baixa|eightbitsadder:s2|fourbitsadder:addr1|fulladder:addr3|halfadder:halfadder2    ; halfadder               ; work         ;
;    |eightbitsadder:d|                             ; 3 (0)       ; 0 (0)                     ; 0 (0)         ; 0           ; 0    ; 0          ; 0            ; 0       ; 0         ; 0    ; 0            ; 3 (0)        ; 0 (0)             ; 0 (0)            ; 0          ; |funcao|eightbitsadder:d                                                                                                                              ; eightbitsadder          ; work         ;
;       |fourbitsadder:addr0|                       ; 2 (0)       ; 0 (0)                     ; 0 (0)         ; 0           ; 0    ; 0          ; 0            ; 0       ; 0         ; 0    ; 0            ; 2 (0)        ; 0 (0)             ; 0 (0)            ; 0          ; |funcao|eightbitsadder:d|fourbitsadder:addr0                                                                                                          ; fourbitsadder           ; work         ;
;          |fulladder:addr1|                        ; 1 (0)       ; 0 (0)                     ; 0 (0)         ; 0           ; 0    ; 0          ; 0            ; 0       ; 0         ; 0    ; 0            ; 1 (0)        ; 0 (0)             ; 0 (0)            ; 0          ; |funcao|eightbitsadder:d|fourbitsadder:addr0|fulladder:addr1                                                                                          ; fulladder               ; work         ;
;             |halfadder:halfadder2|                ; 1 (1)       ; 0 (0)                     ; 0 (0)         ; 0           ; 0    ; 0          ; 0            ; 0       ; 0         ; 0    ; 0            ; 1 (1)        ; 0 (0)             ; 0 (0)            ; 0          ; |funcao|eightbitsadder:d|fourbitsadder:addr0|fulladder:addr1|halfadder:halfadder2                                                                     ; halfadder               ; work         ;
;          |fulladder:addr2|                        ; 1 (0)       ; 0 (0)                     ; 0 (0)         ; 0           ; 0    ; 0          ; 0            ; 0       ; 0         ; 0    ; 0            ; 1 (0)        ; 0 (0)             ; 0 (0)            ; 0          ; |funcao|eightbitsadder:d|fourbitsadder:addr0|fulladder:addr2                                                                                          ; fulladder               ; work         ;
;             |halfadder:halfadder2|                ; 1 (1)       ; 0 (0)                     ; 0 (0)         ; 0           ; 0    ; 0          ; 0            ; 0       ; 0         ; 0    ; 0            ; 1 (1)        ; 0 (0)             ; 0 (0)            ; 0          ; |funcao|eightbitsadder:d|fourbitsadder:addr0|fulladder:addr2|halfadder:halfadder2                                                                     ; halfadder               ; work         ;
;       |fourbitsadder:addr1|                       ; 1 (0)       ; 0 (0)                     ; 0 (0)         ; 0           ; 0    ; 0          ; 0            ; 0       ; 0         ; 0    ; 0            ; 1 (0)        ; 0 (0)             ; 0 (0)            ; 0          ; |funcao|eightbitsadder:d|fourbitsadder:addr1                                                                                                          ; fourbitsadder           ; work         ;
;          |fulladder:addr0|                        ; 1 (0)       ; 0 (0)                     ; 0 (0)         ; 0           ; 0    ; 0          ; 0            ; 0       ; 0         ; 0    ; 0            ; 1 (0)        ; 0 (0)             ; 0 (0)            ; 0          ; |funcao|eightbitsadder:d|fourbitsadder:addr1|fulladder:addr0                                                                                          ; fulladder               ; work         ;
;             |halfadder:halfadder2|                ; 1 (1)       ; 0 (0)                     ; 0 (0)         ; 0           ; 0    ; 0          ; 0            ; 0       ; 0         ; 0    ; 0            ; 1 (1)        ; 0 (0)             ; 0 (0)            ; 0          ; |funcao|eightbitsadder:d|fourbitsadder:addr1|fulladder:addr0|halfadder:halfadder2                                                                     ; halfadder               ; work         ;
;    |eightbitsadder:s_p2_alta|                     ; 10 (0)      ; 0 (0)                     ; 0 (0)         ; 0           ; 0    ; 0          ; 0            ; 0       ; 0         ; 0    ; 0            ; 10 (0)       ; 0 (0)             ; 0 (0)            ; 0          ; |funcao|eightbitsadder:s_p2_alta                                                                                                                      ; eightbitsadder          ; work         ;
;       |fourbitsadder:addr0|                       ; 4 (0)       ; 0 (0)                     ; 0 (0)         ; 0           ; 0    ; 0          ; 0            ; 0       ; 0         ; 0    ; 0            ; 4 (0)        ; 0 (0)             ; 0 (0)            ; 0          ; |funcao|eightbitsadder:s_p2_alta|fourbitsadder:addr0                                                                                                  ; fourbitsadder           ; work         ;
;          |fulladder:addr0|                        ; 1 (1)       ; 0 (0)                     ; 0 (0)         ; 0           ; 0    ; 0          ; 0            ; 0       ; 0         ; 0    ; 0            ; 1 (1)        ; 0 (0)             ; 0 (0)            ; 0          ; |funcao|eightbitsadder:s_p2_alta|fourbitsadder:addr0|fulladder:addr0                                                                                  ; fulladder               ; work         ;
;          |fulladder:addr1|                        ; 1 (1)       ; 0 (0)                     ; 0 (0)         ; 0           ; 0    ; 0          ; 0            ; 0       ; 0         ; 0    ; 0            ; 1 (1)        ; 0 (0)             ; 0 (0)            ; 0          ; |funcao|eightbitsadder:s_p2_alta|fourbitsadder:addr0|fulladder:addr1                                                                                  ; fulladder               ; work         ;
;          |fulladder:addr2|                        ; 1 (1)       ; 0 (0)                     ; 0 (0)         ; 0           ; 0    ; 0          ; 0            ; 0       ; 0         ; 0    ; 0            ; 1 (1)        ; 0 (0)             ; 0 (0)            ; 0          ; |funcao|eightbitsadder:s_p2_alta|fourbitsadder:addr0|fulladder:addr2                                                                                  ; fulladder               ; work         ;
;          |fulladder:addr3|                        ; 1 (1)       ; 0 (0)                     ; 0 (0)         ; 0           ; 0    ; 0          ; 0            ; 0       ; 0         ; 0    ; 0            ; 1 (1)        ; 0 (0)             ; 0 (0)            ; 0          ; |funcao|eightbitsadder:s_p2_alta|fourbitsadder:addr0|fulladder:addr3                                                                                  ; fulladder               ; work         ;
;       |fourbitsadder:addr1|                       ; 6 (0)       ; 0 (0)                     ; 0 (0)         ; 0           ; 0    ; 0          ; 0            ; 0       ; 0         ; 0    ; 0            ; 6 (0)        ; 0 (0)             ; 0 (0)            ; 0          ; |funcao|eightbitsadder:s_p2_alta|fourbitsadder:addr1                                                                                                  ; fourbitsadder           ; work         ;
;          |fulladder:addr0|                        ; 1 (1)       ; 0 (0)                     ; 0 (0)         ; 0           ; 0    ; 0          ; 0            ; 0       ; 0         ; 0    ; 0            ; 1 (1)        ; 0 (0)             ; 0 (0)            ; 0          ; |funcao|eightbitsadder:s_p2_alta|fourbitsadder:addr1|fulladder:addr0                                                                                  ; fulladder               ; work         ;
;          |fulladder:addr1|                        ; 1 (1)       ; 0 (0)                     ; 0 (0)         ; 0           ; 0    ; 0          ; 0            ; 0       ; 0         ; 0    ; 0            ; 1 (1)        ; 0 (0)             ; 0 (0)            ; 0          ; |funcao|eightbitsadder:s_p2_alta|fourbitsadder:addr1|fulladder:addr1                                                                                  ; fulladder               ; work         ;
;          |fulladder:addr2|                        ; 1 (1)       ; 0 (0)                     ; 0 (0)         ; 0           ; 0    ; 0          ; 0            ; 0       ; 0         ; 0    ; 0            ; 1 (1)        ; 0 (0)             ; 0 (0)            ; 0          ; |funcao|eightbitsadder:s_p2_alta|fourbitsadder:addr1|fulladder:addr2                                                                                  ; fulladder               ; work         ;
;          |fulladder:addr3|                        ; 3 (0)       ; 0 (0)                     ; 0 (0)         ; 0           ; 0    ; 0          ; 0            ; 0       ; 0         ; 0    ; 0            ; 3 (0)        ; 0 (0)             ; 0 (0)            ; 0          ; |funcao|eightbitsadder:s_p2_alta|fourbitsadder:addr1|fulladder:addr3                                                                                  ; fulladder               ; work         ;
;             |halfadder:halfadder2|                ; 3 (3)       ; 0 (0)                     ; 0 (0)         ; 0           ; 0    ; 0          ; 0            ; 0       ; 0         ; 0    ; 0            ; 3 (3)        ; 0 (0)             ; 0 (0)            ; 0          ; |funcao|eightbitsadder:s_p2_alta|fourbitsadder:addr1|fulladder:addr3|halfadder:halfadder2                                                             ; halfadder               ; work         ;
;    |eightbitsadder:soma2|                         ; 26 (0)      ; 0 (0)                     ; 0 (0)         ; 0           ; 0    ; 0          ; 0            ; 0       ; 0         ; 0    ; 0            ; 26 (0)       ; 0 (0)             ; 0 (0)            ; 0          ; |funcao|eightbitsadder:soma2                                                                                                                          ; eightbitsadder          ; work         ;
;       |fourbitsadder:addr0|                       ; 16 (0)      ; 0 (0)                     ; 0 (0)         ; 0           ; 0    ; 0          ; 0            ; 0       ; 0         ; 0    ; 0            ; 16 (0)       ; 0 (0)             ; 0 (0)            ; 0          ; |funcao|eightbitsadder:soma2|fourbitsadder:addr0                                                                                                      ; fourbitsadder           ; work         ;
;          |fulladder:addr0|                        ; 3 (1)       ; 0 (0)                     ; 0 (0)         ; 0           ; 0    ; 0          ; 0            ; 0       ; 0         ; 0    ; 0            ; 3 (1)        ; 0 (0)             ; 0 (0)            ; 0          ; |funcao|eightbitsadder:soma2|fourbitsadder:addr0|fulladder:addr0                                                                                      ; fulladder               ; work         ;
;             |halfadder:halfadder2|                ; 2 (2)       ; 0 (0)                     ; 0 (0)         ; 0           ; 0    ; 0          ; 0            ; 0       ; 0         ; 0    ; 0            ; 2 (2)        ; 0 (0)             ; 0 (0)            ; 0          ; |funcao|eightbitsadder:soma2|fourbitsadder:addr0|fulladder:addr0|halfadder:halfadder2                                                                 ; halfadder               ; work         ;
;          |fulladder:addr1|                        ; 4 (1)       ; 0 (0)                     ; 0 (0)         ; 0           ; 0    ; 0          ; 0            ; 0       ; 0         ; 0    ; 0            ; 4 (1)        ; 0 (0)             ; 0 (0)            ; 0          ; |funcao|eightbitsadder:soma2|fourbitsadder:addr0|fulladder:addr1                                                                                      ; fulladder               ; work         ;
;             |halfadder:halfadder2|                ; 3 (3)       ; 0 (0)                     ; 0 (0)         ; 0           ; 0    ; 0          ; 0            ; 0       ; 0         ; 0    ; 0            ; 3 (3)        ; 0 (0)             ; 0 (0)            ; 0          ; |funcao|eightbitsadder:soma2|fourbitsadder:addr0|fulladder:addr1|halfadder:halfadder2                                                                 ; halfadder               ; work         ;
;          |fulladder:addr2|                        ; 5 (1)       ; 0 (0)                     ; 0 (0)         ; 0           ; 0    ; 0          ; 0            ; 0       ; 0         ; 0    ; 0            ; 5 (1)        ; 0 (0)             ; 0 (0)            ; 0          ; |funcao|eightbitsadder:soma2|fourbitsadder:addr0|fulladder:addr2                                                                                      ; fulladder               ; work         ;
;             |halfadder:halfadder2|                ; 4 (4)       ; 0 (0)                     ; 0 (0)         ; 0           ; 0    ; 0          ; 0            ; 0       ; 0         ; 0    ; 0            ; 4 (4)        ; 0 (0)             ; 0 (0)            ; 0          ; |funcao|eightbitsadder:soma2|fourbitsadder:addr0|fulladder:addr2|halfadder:halfadder2                                                                 ; halfadder               ; work         ;
;          |fulladder:addr3|                        ; 4 (1)       ; 0 (0)                     ; 0 (0)         ; 0           ; 0    ; 0          ; 0            ; 0       ; 0         ; 0    ; 0            ; 4 (1)        ; 0 (0)             ; 0 (0)            ; 0          ; |funcao|eightbitsadder:soma2|fourbitsadder:addr0|fulladder:addr3                                                                                      ; fulladder               ; work         ;
;             |halfadder:halfadder2|                ; 3 (3)       ; 0 (0)                     ; 0 (0)         ; 0           ; 0    ; 0          ; 0            ; 0       ; 0         ; 0    ; 0            ; 3 (3)        ; 0 (0)             ; 0 (0)            ; 0          ; |funcao|eightbitsadder:soma2|fourbitsadder:addr0|fulladder:addr3|halfadder:halfadder2                                                                 ; halfadder               ; work         ;
;       |fourbitsadder:addr1|                       ; 10 (0)      ; 0 (0)                     ; 0 (0)         ; 0           ; 0    ; 0          ; 0            ; 0       ; 0         ; 0    ; 0            ; 10 (0)       ; 0 (0)             ; 0 (0)            ; 0          ; |funcao|eightbitsadder:soma2|fourbitsadder:addr1                                                                                                      ; fourbitsadder           ; work         ;
;          |fulladder:addr0|                        ; 4 (1)       ; 0 (0)                     ; 0 (0)         ; 0           ; 0    ; 0          ; 0            ; 0       ; 0         ; 0    ; 0            ; 4 (1)        ; 0 (0)             ; 0 (0)            ; 0          ; |funcao|eightbitsadder:soma2|fourbitsadder:addr1|fulladder:addr0                                                                                      ; fulladder               ; work         ;
;             |halfadder:halfadder2|                ; 3 (3)       ; 0 (0)                     ; 0 (0)         ; 0           ; 0    ; 0          ; 0            ; 0       ; 0         ; 0    ; 0            ; 3 (3)        ; 0 (0)             ; 0 (0)            ; 0          ; |funcao|eightbitsadder:soma2|fourbitsadder:addr1|fulladder:addr0|halfadder:halfadder2                                                                 ; halfadder               ; work         ;
;          |fulladder:addr1|                        ; 3 (1)       ; 0 (0)                     ; 0 (0)         ; 0           ; 0    ; 0          ; 0            ; 0       ; 0         ; 0    ; 0            ; 3 (1)        ; 0 (0)             ; 0 (0)            ; 0          ; |funcao|eightbitsadder:soma2|fourbitsadder:addr1|fulladder:addr1                                                                                      ; fulladder               ; work         ;
;             |halfadder:halfadder2|                ; 2 (2)       ; 0 (0)                     ; 0 (0)         ; 0           ; 0    ; 0          ; 0            ; 0       ; 0         ; 0    ; 0            ; 2 (2)        ; 0 (0)             ; 0 (0)            ; 0          ; |funcao|eightbitsadder:soma2|fourbitsadder:addr1|fulladder:addr1|halfadder:halfadder2                                                                 ; halfadder               ; work         ;
;          |fulladder:addr2|                        ; 3 (1)       ; 0 (0)                     ; 0 (0)         ; 0           ; 0    ; 0          ; 0            ; 0       ; 0         ; 0    ; 0            ; 3 (1)        ; 0 (0)             ; 0 (0)            ; 0          ; |funcao|eightbitsadder:soma2|fourbitsadder:addr1|fulladder:addr2                                                                                      ; fulladder               ; work         ;
;             |halfadder:halfadder2|                ; 2 (2)       ; 0 (0)                     ; 0 (0)         ; 0           ; 0    ; 0          ; 0            ; 0       ; 0         ; 0    ; 0            ; 2 (2)        ; 0 (0)             ; 0 (0)            ; 0          ; |funcao|eightbitsadder:soma2|fourbitsadder:addr1|fulladder:addr2|halfadder:halfadder2                                                                 ; halfadder               ; work         ;
;    |multiplicador:fazerproduto|                   ; 95 (26)     ; 0 (0)                     ; 0 (0)         ; 0           ; 0    ; 0          ; 0            ; 0       ; 0         ; 0    ; 0            ; 95 (26)      ; 0 (0)             ; 0 (0)            ; 0          ; |funcao|multiplicador:fazerproduto                                                                                                                    ; multiplicador           ; work         ;
;       |somador16bits:s_final|                     ; 8 (0)       ; 0 (0)                     ; 0 (0)         ; 0           ; 0    ; 0          ; 0            ; 0       ; 0         ; 0    ; 0            ; 8 (0)        ; 0 (0)             ; 0 (0)            ; 0          ; |funcao|multiplicador:fazerproduto|somador16bits:s_final                                                                                              ; somador16bits           ; work         ;
;          |eightbitsadder:s1|                      ; 3 (0)       ; 0 (0)                     ; 0 (0)         ; 0           ; 0    ; 0          ; 0            ; 0       ; 0         ; 0    ; 0            ; 3 (0)        ; 0 (0)             ; 0 (0)            ; 0          ; |funcao|multiplicador:fazerproduto|somador16bits:s_final|eightbitsadder:s1                                                                            ; eightbitsadder          ; work         ;
;             |fourbitsadder:addr1|                 ; 3 (0)       ; 0 (0)                     ; 0 (0)         ; 0           ; 0    ; 0          ; 0            ; 0       ; 0         ; 0    ; 0            ; 3 (0)        ; 0 (0)             ; 0 (0)            ; 0          ; |funcao|multiplicador:fazerproduto|somador16bits:s_final|eightbitsadder:s1|fourbitsadder:addr1                                                        ; fourbitsadder           ; work         ;
;                |fulladder:addr1|                  ; 1 (1)       ; 0 (0)                     ; 0 (0)         ; 0           ; 0    ; 0          ; 0            ; 0       ; 0         ; 0    ; 0            ; 1 (1)        ; 0 (0)             ; 0 (0)            ; 0          ; |funcao|multiplicador:fazerproduto|somador16bits:s_final|eightbitsadder:s1|fourbitsadder:addr1|fulladder:addr1                                        ; fulladder               ; work         ;
;                |fulladder:addr2|                  ; 1 (1)       ; 0 (0)                     ; 0 (0)         ; 0           ; 0    ; 0          ; 0            ; 0       ; 0         ; 0    ; 0            ; 1 (1)        ; 0 (0)             ; 0 (0)            ; 0          ; |funcao|multiplicador:fazerproduto|somador16bits:s_final|eightbitsadder:s1|fourbitsadder:addr1|fulladder:addr2                                        ; fulladder               ; work         ;
;                |fulladder:addr3|                  ; 1 (1)       ; 0 (0)                     ; 0 (0)         ; 0           ; 0    ; 0          ; 0            ; 0       ; 0         ; 0    ; 0            ; 1 (1)        ; 0 (0)             ; 0 (0)            ; 0          ; |funcao|multiplicador:fazerproduto|somador16bits:s_final|eightbitsadder:s1|fourbitsadder:addr1|fulladder:addr3                                        ; fulladder               ; work         ;
;          |eightbitsadder:s2|                      ; 5 (0)       ; 0 (0)                     ; 0 (0)         ; 0           ; 0    ; 0          ; 0            ; 0       ; 0         ; 0    ; 0            ; 5 (0)        ; 0 (0)             ; 0 (0)            ; 0          ; |funcao|multiplicador:fazerproduto|somador16bits:s_final|eightbitsadder:s2                                                                            ; eightbitsadder          ; work         ;
;             |fourbitsadder:addr0|                 ; 4 (0)       ; 0 (0)                     ; 0 (0)         ; 0           ; 0    ; 0          ; 0            ; 0       ; 0         ; 0    ; 0            ; 4 (0)        ; 0 (0)             ; 0 (0)            ; 0          ; |funcao|multiplicador:fazerproduto|somador16bits:s_final|eightbitsadder:s2|fourbitsadder:addr0                                                        ; fourbitsadder           ; work         ;
;                |fulladder:addr0|                  ; 1 (1)       ; 0 (0)                     ; 0 (0)         ; 0           ; 0    ; 0          ; 0            ; 0       ; 0         ; 0    ; 0            ; 1 (1)        ; 0 (0)             ; 0 (0)            ; 0          ; |funcao|multiplicador:fazerproduto|somador16bits:s_final|eightbitsadder:s2|fourbitsadder:addr0|fulladder:addr0                                        ; fulladder               ; work         ;
;                |fulladder:addr1|                  ; 1 (1)       ; 0 (0)                     ; 0 (0)         ; 0           ; 0    ; 0          ; 0            ; 0       ; 0         ; 0    ; 0            ; 1 (1)        ; 0 (0)             ; 0 (0)            ; 0          ; |funcao|multiplicador:fazerproduto|somador16bits:s_final|eightbitsadder:s2|fourbitsadder:addr0|fulladder:addr1                                        ; fulladder               ; work         ;
;                |fulladder:addr2|                  ; 1 (1)       ; 0 (0)                     ; 0 (0)         ; 0           ; 0    ; 0          ; 0            ; 0       ; 0         ; 0    ; 0            ; 1 (1)        ; 0 (0)             ; 0 (0)            ; 0          ; |funcao|multiplicador:fazerproduto|somador16bits:s_final|eightbitsadder:s2|fourbitsadder:addr0|fulladder:addr2                                        ; fulladder               ; work         ;
;                |fulladder:addr3|                  ; 1 (1)       ; 0 (0)                     ; 0 (0)         ; 0           ; 0    ; 0          ; 0            ; 0       ; 0         ; 0    ; 0            ; 1 (1)        ; 0 (0)             ; 0 (0)            ; 0          ; |funcao|multiplicador:fazerproduto|somador16bits:s_final|eightbitsadder:s2|fourbitsadder:addr0|fulladder:addr3                                        ; fulladder               ; work         ;
;             |fourbitsadder:addr1|                 ; 1 (0)       ; 0 (0)                     ; 0 (0)         ; 0           ; 0    ; 0          ; 0            ; 0       ; 0         ; 0    ; 0            ; 1 (0)        ; 0 (0)             ; 0 (0)            ; 0          ; |funcao|multiplicador:fazerproduto|somador16bits:s_final|eightbitsadder:s2|fourbitsadder:addr1                                                        ; fourbitsadder           ; work         ;
;                |fulladder:addr1|                  ; 1 (0)       ; 0 (0)                     ; 0 (0)         ; 0           ; 0    ; 0          ; 0            ; 0       ; 0         ; 0    ; 0            ; 1 (0)        ; 0 (0)             ; 0 (0)            ; 0          ; |funcao|multiplicador:fazerproduto|somador16bits:s_final|eightbitsadder:s2|fourbitsadder:addr1|fulladder:addr1                                        ; fulladder               ; work         ;
;                   |halfadder:halfadder2|          ; 1 (1)       ; 0 (0)                     ; 0 (0)         ; 0           ; 0    ; 0          ; 0            ; 0       ; 0         ; 0    ; 0            ; 1 (1)        ; 0 (0)             ; 0 (0)            ; 0          ; |funcao|multiplicador:fazerproduto|somador16bits:s_final|eightbitsadder:s2|fourbitsadder:addr1|fulladder:addr1|halfadder:halfadder2                   ; halfadder               ; work         ;
;       |somador16bits:s_l1_0|                      ; 12 (0)      ; 0 (0)                     ; 0 (0)         ; 0           ; 0    ; 0          ; 0            ; 0       ; 0         ; 0    ; 0            ; 12 (0)       ; 0 (0)             ; 0 (0)            ; 0          ; |funcao|multiplicador:fazerproduto|somador16bits:s_l1_0                                                                                               ; somador16bits           ; work         ;
;          |eightbitsadder:s1|                      ; 12 (0)      ; 0 (0)                     ; 0 (0)         ; 0           ; 0    ; 0          ; 0            ; 0       ; 0         ; 0    ; 0            ; 12 (0)       ; 0 (0)             ; 0 (0)            ; 0          ; |funcao|multiplicador:fazerproduto|somador16bits:s_l1_0|eightbitsadder:s1                                                                             ; eightbitsadder          ; work         ;
;             |fourbitsadder:addr0|                 ; 4 (0)       ; 0 (0)                     ; 0 (0)         ; 0           ; 0    ; 0          ; 0            ; 0       ; 0         ; 0    ; 0            ; 4 (0)        ; 0 (0)             ; 0 (0)            ; 0          ; |funcao|multiplicador:fazerproduto|somador16bits:s_l1_0|eightbitsadder:s1|fourbitsadder:addr0                                                         ; fourbitsadder           ; work         ;
;                |fulladder:addr2|                  ; 2 (1)       ; 0 (0)                     ; 0 (0)         ; 0           ; 0    ; 0          ; 0            ; 0       ; 0         ; 0    ; 0            ; 2 (1)        ; 0 (0)             ; 0 (0)            ; 0          ; |funcao|multiplicador:fazerproduto|somador16bits:s_l1_0|eightbitsadder:s1|fourbitsadder:addr0|fulladder:addr2                                         ; fulladder               ; work         ;
;                   |halfadder:halfadder2|          ; 1 (1)       ; 0 (0)                     ; 0 (0)         ; 0           ; 0    ; 0          ; 0            ; 0       ; 0         ; 0    ; 0            ; 1 (1)        ; 0 (0)             ; 0 (0)            ; 0          ; |funcao|multiplicador:fazerproduto|somador16bits:s_l1_0|eightbitsadder:s1|fourbitsadder:addr0|fulladder:addr2|halfadder:halfadder2                    ; halfadder               ; work         ;
;                |fulladder:addr3|                  ; 2 (1)       ; 0 (0)                     ; 0 (0)         ; 0           ; 0    ; 0          ; 0            ; 0       ; 0         ; 0    ; 0            ; 2 (1)        ; 0 (0)             ; 0 (0)            ; 0          ; |funcao|multiplicador:fazerproduto|somador16bits:s_l1_0|eightbitsadder:s1|fourbitsadder:addr0|fulladder:addr3                                         ; fulladder               ; work         ;
;                   |halfadder:halfadder2|          ; 1 (1)       ; 0 (0)                     ; 0 (0)         ; 0           ; 0    ; 0          ; 0            ; 0       ; 0         ; 0    ; 0            ; 1 (1)        ; 0 (0)             ; 0 (0)            ; 0          ; |funcao|multiplicador:fazerproduto|somador16bits:s_l1_0|eightbitsadder:s1|fourbitsadder:addr0|fulladder:addr3|halfadder:halfadder2                    ; halfadder               ; work         ;
;             |fourbitsadder:addr1|                 ; 8 (0)       ; 0 (0)                     ; 0 (0)         ; 0           ; 0    ; 0          ; 0            ; 0       ; 0         ; 0    ; 0            ; 8 (0)        ; 0 (0)             ; 0 (0)            ; 0          ; |funcao|multiplicador:fazerproduto|somador16bits:s_l1_0|eightbitsadder:s1|fourbitsadder:addr1                                                         ; fourbitsadder           ; work         ;
;                |fulladder:addr0|                  ; 2 (1)       ; 0 (0)                     ; 0 (0)         ; 0           ; 0    ; 0          ; 0            ; 0       ; 0         ; 0    ; 0            ; 2 (1)        ; 0 (0)             ; 0 (0)            ; 0          ; |funcao|multiplicador:fazerproduto|somador16bits:s_l1_0|eightbitsadder:s1|fourbitsadder:addr1|fulladder:addr0                                         ; fulladder               ; work         ;
;                   |halfadder:halfadder2|          ; 1 (1)       ; 0 (0)                     ; 0 (0)         ; 0           ; 0    ; 0          ; 0            ; 0       ; 0         ; 0    ; 0            ; 1 (1)        ; 0 (0)             ; 0 (0)            ; 0          ; |funcao|multiplicador:fazerproduto|somador16bits:s_l1_0|eightbitsadder:s1|fourbitsadder:addr1|fulladder:addr0|halfadder:halfadder2                    ; halfadder               ; work         ;
;                |fulladder:addr1|                  ; 2 (1)       ; 0 (0)                     ; 0 (0)         ; 0           ; 0    ; 0          ; 0            ; 0       ; 0         ; 0    ; 0            ; 2 (1)        ; 0 (0)             ; 0 (0)            ; 0          ; |funcao|multiplicador:fazerproduto|somador16bits:s_l1_0|eightbitsadder:s1|fourbitsadder:addr1|fulladder:addr1                                         ; fulladder               ; work         ;
;                   |halfadder:halfadder2|          ; 1 (1)       ; 0 (0)                     ; 0 (0)         ; 0           ; 0    ; 0          ; 0            ; 0       ; 0         ; 0    ; 0            ; 1 (1)        ; 0 (0)             ; 0 (0)            ; 0          ; |funcao|multiplicador:fazerproduto|somador16bits:s_l1_0|eightbitsadder:s1|fourbitsadder:addr1|fulladder:addr1|halfadder:halfadder2                    ; halfadder               ; work         ;
;                |fulladder:addr2|                  ; 2 (1)       ; 0 (0)                     ; 0 (0)         ; 0           ; 0    ; 0          ; 0            ; 0       ; 0         ; 0    ; 0            ; 2 (1)        ; 0 (0)             ; 0 (0)            ; 0          ; |funcao|multiplicador:fazerproduto|somador16bits:s_l1_0|eightbitsadder:s1|fourbitsadder:addr1|fulladder:addr2                                         ; fulladder               ; work         ;
;                   |halfadder:halfadder2|          ; 1 (1)       ; 0 (0)                     ; 0 (0)         ; 0           ; 0    ; 0          ; 0            ; 0       ; 0         ; 0    ; 0            ; 1 (1)        ; 0 (0)             ; 0 (0)            ; 0          ; |funcao|multiplicador:fazerproduto|somador16bits:s_l1_0|eightbitsadder:s1|fourbitsadder:addr1|fulladder:addr2|halfadder:halfadder2                    ; halfadder               ; work         ;
;                |fulladder:addr3|                  ; 2 (0)       ; 0 (0)                     ; 0 (0)         ; 0           ; 0    ; 0          ; 0            ; 0       ; 0         ; 0    ; 0            ; 2 (0)        ; 0 (0)             ; 0 (0)            ; 0          ; |funcao|multiplicador:fazerproduto|somador16bits:s_l1_0|eightbitsadder:s1|fourbitsadder:addr1|fulladder:addr3                                         ; fulladder               ; work         ;
;                   |halfadder:halfadder2|          ; 2 (2)       ; 0 (0)                     ; 0 (0)         ; 0           ; 0    ; 0          ; 0            ; 0       ; 0         ; 0    ; 0            ; 2 (2)        ; 0 (0)             ; 0 (0)            ; 0          ; |funcao|multiplicador:fazerproduto|somador16bits:s_l1_0|eightbitsadder:s1|fourbitsadder:addr1|fulladder:addr3|halfadder:halfadder2                    ; halfadder               ; work         ;
;       |somador16bits:s_l1_1|                      ; 13 (0)      ; 0 (0)                     ; 0 (0)         ; 0           ; 0    ; 0          ; 0            ; 0       ; 0         ; 0    ; 0            ; 13 (0)       ; 0 (0)             ; 0 (0)            ; 0          ; |funcao|multiplicador:fazerproduto|somador16bits:s_l1_1                                                                                               ; somador16bits           ; work         ;
;          |eightbitsadder:s1|                      ; 11 (0)      ; 0 (0)                     ; 0 (0)         ; 0           ; 0    ; 0          ; 0            ; 0       ; 0         ; 0    ; 0            ; 11 (0)       ; 0 (0)             ; 0 (0)            ; 0          ; |funcao|multiplicador:fazerproduto|somador16bits:s_l1_1|eightbitsadder:s1                                                                             ; eightbitsadder          ; work         ;
;             |fourbitsadder:addr0|                 ; 2 (0)       ; 0 (0)                     ; 0 (0)         ; 0           ; 0    ; 0          ; 0            ; 0       ; 0         ; 0    ; 0            ; 2 (0)        ; 0 (0)             ; 0 (0)            ; 0          ; |funcao|multiplicador:fazerproduto|somador16bits:s_l1_1|eightbitsadder:s1|fourbitsadder:addr0                                                         ; fourbitsadder           ; work         ;
;                |fulladder:addr3|                  ; 2 (0)       ; 0 (0)                     ; 0 (0)         ; 0           ; 0    ; 0          ; 0            ; 0       ; 0         ; 0    ; 0            ; 2 (0)        ; 0 (0)             ; 0 (0)            ; 0          ; |funcao|multiplicador:fazerproduto|somador16bits:s_l1_1|eightbitsadder:s1|fourbitsadder:addr0|fulladder:addr3                                         ; fulladder               ; work         ;
;                   |halfadder:halfadder1|          ; 2 (2)       ; 0 (0)                     ; 0 (0)         ; 0           ; 0    ; 0          ; 0            ; 0       ; 0         ; 0    ; 0            ; 2 (2)        ; 0 (0)             ; 0 (0)            ; 0          ; |funcao|multiplicador:fazerproduto|somador16bits:s_l1_1|eightbitsadder:s1|fourbitsadder:addr0|fulladder:addr3|halfadder:halfadder1                    ; halfadder               ; work         ;
;             |fourbitsadder:addr1|                 ; 9 (0)       ; 0 (0)                     ; 0 (0)         ; 0           ; 0    ; 0          ; 0            ; 0       ; 0         ; 0    ; 0            ; 9 (0)        ; 0 (0)             ; 0 (0)            ; 0          ; |funcao|multiplicador:fazerproduto|somador16bits:s_l1_1|eightbitsadder:s1|fourbitsadder:addr1                                                         ; fourbitsadder           ; work         ;
;                |fulladder:addr0|                  ; 3 (2)       ; 0 (0)                     ; 0 (0)         ; 0           ; 0    ; 0          ; 0            ; 0       ; 0         ; 0    ; 0            ; 3 (2)        ; 0 (0)             ; 0 (0)            ; 0          ; |funcao|multiplicador:fazerproduto|somador16bits:s_l1_1|eightbitsadder:s1|fourbitsadder:addr1|fulladder:addr0                                         ; fulladder               ; work         ;
;                   |halfadder:halfadder1|          ; 1 (1)       ; 0 (0)                     ; 0 (0)         ; 0           ; 0    ; 0          ; 0            ; 0       ; 0         ; 0    ; 0            ; 1 (1)        ; 0 (0)             ; 0 (0)            ; 0          ; |funcao|multiplicador:fazerproduto|somador16bits:s_l1_1|eightbitsadder:s1|fourbitsadder:addr1|fulladder:addr0|halfadder:halfadder1                    ; halfadder               ; work         ;
;                |fulladder:addr1|                  ; 2 (1)       ; 0 (0)                     ; 0 (0)         ; 0           ; 0    ; 0          ; 0            ; 0       ; 0         ; 0    ; 0            ; 2 (1)        ; 0 (0)             ; 0 (0)            ; 0          ; |funcao|multiplicador:fazerproduto|somador16bits:s_l1_1|eightbitsadder:s1|fourbitsadder:addr1|fulladder:addr1                                         ; fulladder               ; work         ;
;                   |halfadder:halfadder1|          ; 1 (1)       ; 0 (0)                     ; 0 (0)         ; 0           ; 0    ; 0          ; 0            ; 0       ; 0         ; 0    ; 0            ; 1 (1)        ; 0 (0)             ; 0 (0)            ; 0          ; |funcao|multiplicador:fazerproduto|somador16bits:s_l1_1|eightbitsadder:s1|fourbitsadder:addr1|fulladder:addr1|halfadder:halfadder1                    ; halfadder               ; work         ;
;                |fulladder:addr2|                  ; 2 (1)       ; 0 (0)                     ; 0 (0)         ; 0           ; 0    ; 0          ; 0            ; 0       ; 0         ; 0    ; 0            ; 2 (1)        ; 0 (0)             ; 0 (0)            ; 0          ; |funcao|multiplicador:fazerproduto|somador16bits:s_l1_1|eightbitsadder:s1|fourbitsadder:addr1|fulladder:addr2                                         ; fulladder               ; work         ;
;                   |halfadder:halfadder1|          ; 1 (1)       ; 0 (0)                     ; 0 (0)         ; 0           ; 0    ; 0          ; 0            ; 0       ; 0         ; 0    ; 0            ; 1 (1)        ; 0 (0)             ; 0 (0)            ; 0          ; |funcao|multiplicador:fazerproduto|somador16bits:s_l1_1|eightbitsadder:s1|fourbitsadder:addr1|fulladder:addr2|halfadder:halfadder1                    ; halfadder               ; work         ;
;                |fulladder:addr3|                  ; 2 (1)       ; 0 (0)                     ; 0 (0)         ; 0           ; 0    ; 0          ; 0            ; 0       ; 0         ; 0    ; 0            ; 2 (1)        ; 0 (0)             ; 0 (0)            ; 0          ; |funcao|multiplicador:fazerproduto|somador16bits:s_l1_1|eightbitsadder:s1|fourbitsadder:addr1|fulladder:addr3                                         ; fulladder               ; work         ;
;                   |halfadder:halfadder1|          ; 1 (1)       ; 0 (0)                     ; 0 (0)         ; 0           ; 0    ; 0          ; 0            ; 0       ; 0         ; 0    ; 0            ; 1 (1)        ; 0 (0)             ; 0 (0)            ; 0          ; |funcao|multiplicador:fazerproduto|somador16bits:s_l1_1|eightbitsadder:s1|fourbitsadder:addr1|fulladder:addr3|halfadder:halfadder1                    ; halfadder               ; work         ;
;          |eightbitsadder:s2|                      ; 2 (0)       ; 0 (0)                     ; 0 (0)         ; 0           ; 0    ; 0          ; 0            ; 0       ; 0         ; 0    ; 0            ; 2 (0)        ; 0 (0)             ; 0 (0)            ; 0          ; |funcao|multiplicador:fazerproduto|somador16bits:s_l1_1|eightbitsadder:s2                                                                             ; eightbitsadder          ; work         ;
;             |fourbitsadder:addr0|                 ; 2 (0)       ; 0 (0)                     ; 0 (0)         ; 0           ; 0    ; 0          ; 0            ; 0       ; 0         ; 0    ; 0            ; 2 (0)        ; 0 (0)             ; 0 (0)            ; 0          ; |funcao|multiplicador:fazerproduto|somador16bits:s_l1_1|eightbitsadder:s2|fourbitsadder:addr0                                                         ; fourbitsadder           ; work         ;
;                |fulladder:addr0|                  ; 2 (1)       ; 0 (0)                     ; 0 (0)         ; 0           ; 0    ; 0          ; 0            ; 0       ; 0         ; 0    ; 0            ; 2 (1)        ; 0 (0)             ; 0 (0)            ; 0          ; |funcao|multiplicador:fazerproduto|somador16bits:s_l1_1|eightbitsadder:s2|fourbitsadder:addr0|fulladder:addr0                                         ; fulladder               ; work         ;
;                   |halfadder:halfadder1|          ; 1 (1)       ; 0 (0)                     ; 0 (0)         ; 0           ; 0    ; 0          ; 0            ; 0       ; 0         ; 0    ; 0            ; 1 (1)        ; 0 (0)             ; 0 (0)            ; 0          ; |funcao|multiplicador:fazerproduto|somador16bits:s_l1_1|eightbitsadder:s2|fourbitsadder:addr0|fulladder:addr0|halfadder:halfadder1                    ; halfadder               ; work         ;
;       |somador16bits:s_l1_2|                      ; 13 (0)      ; 0 (0)                     ; 0 (0)         ; 0           ; 0    ; 0          ; 0            ; 0       ; 0         ; 0    ; 0            ; 13 (0)       ; 0 (0)             ; 0 (0)            ; 0          ; |funcao|multiplicador:fazerproduto|somador16bits:s_l1_2                                                                                               ; somador16bits           ; work         ;
;          |eightbitsadder:s1|                      ; 7 (0)       ; 0 (0)                     ; 0 (0)         ; 0           ; 0    ; 0          ; 0            ; 0       ; 0         ; 0    ; 0            ; 7 (0)        ; 0 (0)             ; 0 (0)            ; 0          ; |funcao|multiplicador:fazerproduto|somador16bits:s_l1_2|eightbitsadder:s1                                                                             ; eightbitsadder          ; work         ;
;             |fourbitsadder:addr1|                 ; 7 (0)       ; 0 (0)                     ; 0 (0)         ; 0           ; 0    ; 0          ; 0            ; 0       ; 0         ; 0    ; 0            ; 7 (0)        ; 0 (0)             ; 0 (0)            ; 0          ; |funcao|multiplicador:fazerproduto|somador16bits:s_l1_2|eightbitsadder:s1|fourbitsadder:addr1                                                         ; fourbitsadder           ; work         ;
;                |fulladder:addr1|                  ; 1 (0)       ; 0 (0)                     ; 0 (0)         ; 0           ; 0    ; 0          ; 0            ; 0       ; 0         ; 0    ; 0            ; 1 (0)        ; 0 (0)             ; 0 (0)            ; 0          ; |funcao|multiplicador:fazerproduto|somador16bits:s_l1_2|eightbitsadder:s1|fourbitsadder:addr1|fulladder:addr1                                         ; fulladder               ; work         ;
;                   |halfadder:halfadder1|          ; 1 (1)       ; 0 (0)                     ; 0 (0)         ; 0           ; 0    ; 0          ; 0            ; 0       ; 0         ; 0    ; 0            ; 1 (1)        ; 0 (0)             ; 0 (0)            ; 0          ; |funcao|multiplicador:fazerproduto|somador16bits:s_l1_2|eightbitsadder:s1|fourbitsadder:addr1|fulladder:addr1|halfadder:halfadder1                    ; halfadder               ; work         ;
;                |fulladder:addr2|                  ; 4 (2)       ; 0 (0)                     ; 0 (0)         ; 0           ; 0    ; 0          ; 0            ; 0       ; 0         ; 0    ; 0            ; 4 (2)        ; 0 (0)             ; 0 (0)            ; 0          ; |funcao|multiplicador:fazerproduto|somador16bits:s_l1_2|eightbitsadder:s1|fourbitsadder:addr1|fulladder:addr2                                         ; fulladder               ; work         ;
;                   |halfadder:halfadder2|          ; 2 (2)       ; 0 (0)                     ; 0 (0)         ; 0           ; 0    ; 0          ; 0            ; 0       ; 0         ; 0    ; 0            ; 2 (2)        ; 0 (0)             ; 0 (0)            ; 0          ; |funcao|multiplicador:fazerproduto|somador16bits:s_l1_2|eightbitsadder:s1|fourbitsadder:addr1|fulladder:addr2|halfadder:halfadder2                    ; halfadder               ; work         ;
;                |fulladder:addr3|                  ; 2 (1)       ; 0 (0)                     ; 0 (0)         ; 0           ; 0    ; 0          ; 0            ; 0       ; 0         ; 0    ; 0            ; 2 (1)        ; 0 (0)             ; 0 (0)            ; 0          ; |funcao|multiplicador:fazerproduto|somador16bits:s_l1_2|eightbitsadder:s1|fourbitsadder:addr1|fulladder:addr3                                         ; fulladder               ; work         ;
;                   |halfadder:halfadder2|          ; 1 (1)       ; 0 (0)                     ; 0 (0)         ; 0           ; 0    ; 0          ; 0            ; 0       ; 0         ; 0    ; 0            ; 1 (1)        ; 0 (0)             ; 0 (0)            ; 0          ; |funcao|multiplicador:fazerproduto|somador16bits:s_l1_2|eightbitsadder:s1|fourbitsadder:addr1|fulladder:addr3|halfadder:halfadder2                    ; halfadder               ; work         ;
;          |eightbitsadder:s2|                      ; 6 (0)       ; 0 (0)                     ; 0 (0)         ; 0           ; 0    ; 0          ; 0            ; 0       ; 0         ; 0    ; 0            ; 6 (0)        ; 0 (0)             ; 0 (0)            ; 0          ; |funcao|multiplicador:fazerproduto|somador16bits:s_l1_2|eightbitsadder:s2                                                                             ; eightbitsadder          ; work         ;
;             |fourbitsadder:addr0|                 ; 6 (0)       ; 0 (0)                     ; 0 (0)         ; 0           ; 0    ; 0          ; 0            ; 0       ; 0         ; 0    ; 0            ; 6 (0)        ; 0 (0)             ; 0 (0)            ; 0          ; |funcao|multiplicador:fazerproduto|somador16bits:s_l1_2|eightbitsadder:s2|fourbitsadder:addr0                                                         ; fourbitsadder           ; work         ;
;                |fulladder:addr0|                  ; 2 (1)       ; 0 (0)                     ; 0 (0)         ; 0           ; 0    ; 0          ; 0            ; 0       ; 0         ; 0    ; 0            ; 2 (1)        ; 0 (0)             ; 0 (0)            ; 0          ; |funcao|multiplicador:fazerproduto|somador16bits:s_l1_2|eightbitsadder:s2|fourbitsadder:addr0|fulladder:addr0                                         ; fulladder               ; work         ;
;                   |halfadder:halfadder1|          ; 1 (1)       ; 0 (0)                     ; 0 (0)         ; 0           ; 0    ; 0          ; 0            ; 0       ; 0         ; 0    ; 0            ; 1 (1)        ; 0 (0)             ; 0 (0)            ; 0          ; |funcao|multiplicador:fazerproduto|somador16bits:s_l1_2|eightbitsadder:s2|fourbitsadder:addr0|fulladder:addr0|halfadder:halfadder1                    ; halfadder               ; work         ;
;                |fulladder:addr1|                  ; 2 (1)       ; 0 (0)                     ; 0 (0)         ; 0           ; 0    ; 0          ; 0            ; 0       ; 0         ; 0    ; 0            ; 2 (1)        ; 0 (0)             ; 0 (0)            ; 0          ; |funcao|multiplicador:fazerproduto|somador16bits:s_l1_2|eightbitsadder:s2|fourbitsadder:addr0|fulladder:addr1                                         ; fulladder               ; work         ;
;                   |halfadder:halfadder1|          ; 1 (1)       ; 0 (0)                     ; 0 (0)         ; 0           ; 0    ; 0          ; 0            ; 0       ; 0         ; 0    ; 0            ; 1 (1)        ; 0 (0)             ; 0 (0)            ; 0          ; |funcao|multiplicador:fazerproduto|somador16bits:s_l1_2|eightbitsadder:s2|fourbitsadder:addr0|fulladder:addr1|halfadder:halfadder1                    ; halfadder               ; work         ;
;                |fulladder:addr2|                  ; 2 (1)       ; 0 (0)                     ; 0 (0)         ; 0           ; 0    ; 0          ; 0            ; 0       ; 0         ; 0    ; 0            ; 2 (1)        ; 0 (0)             ; 0 (0)            ; 0          ; |funcao|multiplicador:fazerproduto|somador16bits:s_l1_2|eightbitsadder:s2|fourbitsadder:addr0|fulladder:addr2                                         ; fulladder               ; work         ;
;                   |halfadder:halfadder1|          ; 1 (1)       ; 0 (0)                     ; 0 (0)         ; 0           ; 0    ; 0          ; 0            ; 0       ; 0         ; 0    ; 0            ; 1 (1)        ; 0 (0)             ; 0 (0)            ; 0          ; |funcao|multiplicador:fazerproduto|somador16bits:s_l1_2|eightbitsadder:s2|fourbitsadder:addr0|fulladder:addr2|halfadder:halfadder1                    ; halfadder               ; work         ;
;       |somador16bits:s_l2_0|                      ; 12 (0)      ; 0 (0)                     ; 0 (0)         ; 0           ; 0    ; 0          ; 0            ; 0       ; 0         ; 0    ; 0            ; 12 (0)       ; 0 (0)             ; 0 (0)            ; 0          ; |funcao|multiplicador:fazerproduto|somador16bits:s_l2_0                                                                                               ; somador16bits           ; work         ;
;          |eightbitsadder:s1|                      ; 9 (0)       ; 0 (0)                     ; 0 (0)         ; 0           ; 0    ; 0          ; 0            ; 0       ; 0         ; 0    ; 0            ; 9 (0)        ; 0 (0)             ; 0 (0)            ; 0          ; |funcao|multiplicador:fazerproduto|somador16bits:s_l2_0|eightbitsadder:s1                                                                             ; eightbitsadder          ; work         ;
;             |fourbitsadder:addr0|                 ; 1 (0)       ; 0 (0)                     ; 0 (0)         ; 0           ; 0    ; 0          ; 0            ; 0       ; 0         ; 0    ; 0            ; 1 (0)        ; 0 (0)             ; 0 (0)            ; 0          ; |funcao|multiplicador:fazerproduto|somador16bits:s_l2_0|eightbitsadder:s1|fourbitsadder:addr0                                                         ; fourbitsadder           ; work         ;
;                |fulladder:addr3|                  ; 1 (1)       ; 0 (0)                     ; 0 (0)         ; 0           ; 0    ; 0          ; 0            ; 0       ; 0         ; 0    ; 0            ; 1 (1)        ; 0 (0)             ; 0 (0)            ; 0          ; |funcao|multiplicador:fazerproduto|somador16bits:s_l2_0|eightbitsadder:s1|fourbitsadder:addr0|fulladder:addr3                                         ; fulladder               ; work         ;
;             |fourbitsadder:addr1|                 ; 8 (0)       ; 0 (0)                     ; 0 (0)         ; 0           ; 0    ; 0          ; 0            ; 0       ; 0         ; 0    ; 0            ; 8 (0)        ; 0 (0)             ; 0 (0)            ; 0          ; |funcao|multiplicador:fazerproduto|somador16bits:s_l2_0|eightbitsadder:s1|fourbitsadder:addr1                                                         ; fourbitsadder           ; work         ;
;                |fulladder:addr0|                  ; 2 (1)       ; 0 (0)                     ; 0 (0)         ; 0           ; 0    ; 0          ; 0            ; 0       ; 0         ; 0    ; 0            ; 2 (1)        ; 0 (0)             ; 0 (0)            ; 0          ; |funcao|multiplicador:fazerproduto|somador16bits:s_l2_0|eightbitsadder:s1|fourbitsadder:addr1|fulladder:addr0                                         ; fulladder               ; work         ;
;                   |halfadder:halfadder2|          ; 1 (1)       ; 0 (0)                     ; 0 (0)         ; 0           ; 0    ; 0          ; 0            ; 0       ; 0         ; 0    ; 0            ; 1 (1)        ; 0 (0)             ; 0 (0)            ; 0          ; |funcao|multiplicador:fazerproduto|somador16bits:s_l2_0|eightbitsadder:s1|fourbitsadder:addr1|fulladder:addr0|halfadder:halfadder2                    ; halfadder               ; work         ;
;                |fulladder:addr1|                  ; 2 (1)       ; 0 (0)                     ; 0 (0)         ; 0           ; 0    ; 0          ; 0            ; 0       ; 0         ; 0    ; 0            ; 2 (1)        ; 0 (0)             ; 0 (0)            ; 0          ; |funcao|multiplicador:fazerproduto|somador16bits:s_l2_0|eightbitsadder:s1|fourbitsadder:addr1|fulladder:addr1                                         ; fulladder               ; work         ;
;                   |halfadder:halfadder2|          ; 1 (1)       ; 0 (0)                     ; 0 (0)         ; 0           ; 0    ; 0          ; 0            ; 0       ; 0         ; 0    ; 0            ; 1 (1)        ; 0 (0)             ; 0 (0)            ; 0          ; |funcao|multiplicador:fazerproduto|somador16bits:s_l2_0|eightbitsadder:s1|fourbitsadder:addr1|fulladder:addr1|halfadder:halfadder2                    ; halfadder               ; work         ;
;                |fulladder:addr2|                  ; 2 (1)       ; 0 (0)                     ; 0 (0)         ; 0           ; 0    ; 0          ; 0            ; 0       ; 0         ; 0    ; 0            ; 2 (1)        ; 0 (0)             ; 0 (0)            ; 0          ; |funcao|multiplicador:fazerproduto|somador16bits:s_l2_0|eightbitsadder:s1|fourbitsadder:addr1|fulladder:addr2                                         ; fulladder               ; work         ;
;                   |halfadder:halfadder2|          ; 1 (1)       ; 0 (0)                     ; 0 (0)         ; 0           ; 0    ; 0          ; 0            ; 0       ; 0         ; 0    ; 0            ; 1 (1)        ; 0 (0)             ; 0 (0)            ; 0          ; |funcao|multiplicador:fazerproduto|somador16bits:s_l2_0|eightbitsadder:s1|fourbitsadder:addr1|fulladder:addr2|halfadder:halfadder2                    ; halfadder               ; work         ;
;                |fulladder:addr3|                  ; 2 (1)       ; 0 (0)                     ; 0 (0)         ; 0           ; 0    ; 0          ; 0            ; 0       ; 0         ; 0    ; 0            ; 2 (1)        ; 0 (0)             ; 0 (0)            ; 0          ; |funcao|multiplicador:fazerproduto|somador16bits:s_l2_0|eightbitsadder:s1|fourbitsadder:addr1|fulladder:addr3                                         ; fulladder               ; work         ;
;                   |halfadder:halfadder2|          ; 1 (1)       ; 0 (0)                     ; 0 (0)         ; 0           ; 0    ; 0          ; 0            ; 0       ; 0         ; 0    ; 0            ; 1 (1)        ; 0 (0)             ; 0 (0)            ; 0          ; |funcao|multiplicador:fazerproduto|somador16bits:s_l2_0|eightbitsadder:s1|fourbitsadder:addr1|fulladder:addr3|halfadder:halfadder2                    ; halfadder               ; work         ;
;          |eightbitsadder:s2|                      ; 3 (0)       ; 0 (0)                     ; 0 (0)         ; 0           ; 0    ; 0          ; 0            ; 0       ; 0         ; 0    ; 0            ; 3 (0)        ; 0 (0)             ; 0 (0)            ; 0          ; |funcao|multiplicador:fazerproduto|somador16bits:s_l2_0|eightbitsadder:s2                                                                             ; eightbitsadder          ; work         ;
;             |fourbitsadder:addr0|                 ; 3 (0)       ; 0 (0)                     ; 0 (0)         ; 0           ; 0    ; 0          ; 0            ; 0       ; 0         ; 0    ; 0            ; 3 (0)        ; 0 (0)             ; 0 (0)            ; 0          ; |funcao|multiplicador:fazerproduto|somador16bits:s_l2_0|eightbitsadder:s2|fourbitsadder:addr0                                                         ; fourbitsadder           ; work         ;
;                |fulladder:addr0|                  ; 2 (1)       ; 0 (0)                     ; 0 (0)         ; 0           ; 0    ; 0          ; 0            ; 0       ; 0         ; 0    ; 0            ; 2 (1)        ; 0 (0)             ; 0 (0)            ; 0          ; |funcao|multiplicador:fazerproduto|somador16bits:s_l2_0|eightbitsadder:s2|fourbitsadder:addr0|fulladder:addr0                                         ; fulladder               ; work         ;
;                   |halfadder:halfadder2|          ; 1 (1)       ; 0 (0)                     ; 0 (0)         ; 0           ; 0    ; 0          ; 0            ; 0       ; 0         ; 0    ; 0            ; 1 (1)        ; 0 (0)             ; 0 (0)            ; 0          ; |funcao|multiplicador:fazerproduto|somador16bits:s_l2_0|eightbitsadder:s2|fourbitsadder:addr0|fulladder:addr0|halfadder:halfadder2                    ; halfadder               ; work         ;
;                |fulladder:addr2|                  ; 1 (0)       ; 0 (0)                     ; 0 (0)         ; 0           ; 0    ; 0          ; 0            ; 0       ; 0         ; 0    ; 0            ; 1 (0)        ; 0 (0)             ; 0 (0)            ; 0          ; |funcao|multiplicador:fazerproduto|somador16bits:s_l2_0|eightbitsadder:s2|fourbitsadder:addr0|fulladder:addr2                                         ; fulladder               ; work         ;
;                   |halfadder:halfadder2|          ; 1 (1)       ; 0 (0)                     ; 0 (0)         ; 0           ; 0    ; 0          ; 0            ; 0       ; 0         ; 0    ; 0            ; 1 (1)        ; 0 (0)             ; 0 (0)            ; 0          ; |funcao|multiplicador:fazerproduto|somador16bits:s_l2_0|eightbitsadder:s2|fourbitsadder:addr0|fulladder:addr2|halfadder:halfadder2                    ; halfadder               ; work         ;
;       |somador16bits:s_l2_1|                      ; 11 (0)      ; 0 (0)                     ; 0 (0)         ; 0           ; 0    ; 0          ; 0            ; 0       ; 0         ; 0    ; 0            ; 11 (0)       ; 0 (0)             ; 0 (0)            ; 0          ; |funcao|multiplicador:fazerproduto|somador16bits:s_l2_1                                                                                               ; somador16bits           ; work         ;
;          |eightbitsadder:s1|                      ; 2 (0)       ; 0 (0)                     ; 0 (0)         ; 0           ; 0    ; 0          ; 0            ; 0       ; 0         ; 0    ; 0            ; 2 (0)        ; 0 (0)             ; 0 (0)            ; 0          ; |funcao|multiplicador:fazerproduto|somador16bits:s_l2_1|eightbitsadder:s1                                                                             ; eightbitsadder          ; work         ;
;             |fourbitsadder:addr1|                 ; 2 (0)       ; 0 (0)                     ; 0 (0)         ; 0           ; 0    ; 0          ; 0            ; 0       ; 0         ; 0    ; 0            ; 2 (0)        ; 0 (0)             ; 0 (0)            ; 0          ; |funcao|multiplicador:fazerproduto|somador16bits:s_l2_1|eightbitsadder:s1|fourbitsadder:addr1                                                         ; fourbitsadder           ; work         ;
;                |fulladder:addr2|                  ; 1 (0)       ; 0 (0)                     ; 0 (0)         ; 0           ; 0    ; 0          ; 0            ; 0       ; 0         ; 0    ; 0            ; 1 (0)        ; 0 (0)             ; 0 (0)            ; 0          ; |funcao|multiplicador:fazerproduto|somador16bits:s_l2_1|eightbitsadder:s1|fourbitsadder:addr1|fulladder:addr2                                         ; fulladder               ; work         ;
;                   |halfadder:halfadder1|          ; 1 (1)       ; 0 (0)                     ; 0 (0)         ; 0           ; 0    ; 0          ; 0            ; 0       ; 0         ; 0    ; 0            ; 1 (1)        ; 0 (0)             ; 0 (0)            ; 0          ; |funcao|multiplicador:fazerproduto|somador16bits:s_l2_1|eightbitsadder:s1|fourbitsadder:addr1|fulladder:addr2|halfadder:halfadder1                    ; halfadder               ; work         ;
;                |fulladder:addr3|                  ; 1 (1)       ; 0 (0)                     ; 0 (0)         ; 0           ; 0    ; 0          ; 0            ; 0       ; 0         ; 0    ; 0            ; 1 (1)        ; 0 (0)             ; 0 (0)            ; 0          ; |funcao|multiplicador:fazerproduto|somador16bits:s_l2_1|eightbitsadder:s1|fourbitsadder:addr1|fulladder:addr3                                         ; fulladder               ; work         ;
;          |eightbitsadder:s2|                      ; 9 (0)       ; 0 (0)                     ; 0 (0)         ; 0           ; 0    ; 0          ; 0            ; 0       ; 0         ; 0    ; 0            ; 9 (0)        ; 0 (0)             ; 0 (0)            ; 0          ; |funcao|multiplicador:fazerproduto|somador16bits:s_l2_1|eightbitsadder:s2                                                                             ; eightbitsadder          ; work         ;
;             |fourbitsadder:addr0|                 ; 7 (0)       ; 0 (0)                     ; 0 (0)         ; 0           ; 0    ; 0          ; 0            ; 0       ; 0         ; 0    ; 0            ; 7 (0)        ; 0 (0)             ; 0 (0)            ; 0          ; |funcao|multiplicador:fazerproduto|somador16bits:s_l2_1|eightbitsadder:s2|fourbitsadder:addr0                                                         ; fourbitsadder           ; work         ;
;                |fulladder:addr0|                  ; 2 (1)       ; 0 (0)                     ; 0 (0)         ; 0           ; 0    ; 0          ; 0            ; 0       ; 0         ; 0    ; 0            ; 2 (1)        ; 0 (0)             ; 0 (0)            ; 0          ; |funcao|multiplicador:fazerproduto|somador16bits:s_l2_1|eightbitsadder:s2|fourbitsadder:addr0|fulladder:addr0                                         ; fulladder               ; work         ;
;                   |halfadder:halfadder1|          ; 1 (1)       ; 0 (0)                     ; 0 (0)         ; 0           ; 0    ; 0          ; 0            ; 0       ; 0         ; 0    ; 0            ; 1 (1)        ; 0 (0)             ; 0 (0)            ; 0          ; |funcao|multiplicador:fazerproduto|somador16bits:s_l2_1|eightbitsadder:s2|fourbitsadder:addr0|fulladder:addr0|halfadder:halfadder1                    ; halfadder               ; work         ;
;                |fulladder:addr1|                  ; 2 (1)       ; 0 (0)                     ; 0 (0)         ; 0           ; 0    ; 0          ; 0            ; 0       ; 0         ; 0    ; 0            ; 2 (1)        ; 0 (0)             ; 0 (0)            ; 0          ; |funcao|multiplicador:fazerproduto|somador16bits:s_l2_1|eightbitsadder:s2|fourbitsadder:addr0|fulladder:addr1                                         ; fulladder               ; work         ;
;                   |halfadder:halfadder1|          ; 1 (1)       ; 0 (0)                     ; 0 (0)         ; 0           ; 0    ; 0          ; 0            ; 0       ; 0         ; 0    ; 0            ; 1 (1)        ; 0 (0)             ; 0 (0)            ; 0          ; |funcao|multiplicador:fazerproduto|somador16bits:s_l2_1|eightbitsadder:s2|fourbitsadder:addr0|fulladder:addr1|halfadder:halfadder1                    ; halfadder               ; work         ;
;                |fulladder:addr2|                  ; 2 (1)       ; 0 (0)                     ; 0 (0)         ; 0           ; 0    ; 0          ; 0            ; 0       ; 0         ; 0    ; 0            ; 2 (1)        ; 0 (0)             ; 0 (0)            ; 0          ; |funcao|multiplicador:fazerproduto|somador16bits:s_l2_1|eightbitsadder:s2|fourbitsadder:addr0|fulladder:addr2                                         ; fulladder               ; work         ;
;                   |halfadder:halfadder1|          ; 1 (1)       ; 0 (0)                     ; 0 (0)         ; 0           ; 0    ; 0          ; 0            ; 0       ; 0         ; 0    ; 0            ; 1 (1)        ; 0 (0)             ; 0 (0)            ; 0          ; |funcao|multiplicador:fazerproduto|somador16bits:s_l2_1|eightbitsadder:s2|fourbitsadder:addr0|fulladder:addr2|halfadder:halfadder1                    ; halfadder               ; work         ;
;                |fulladder:addr3|                  ; 1 (1)       ; 0 (0)                     ; 0 (0)         ; 0           ; 0    ; 0          ; 0            ; 0       ; 0         ; 0    ; 0            ; 1 (1)        ; 0 (0)             ; 0 (0)            ; 0          ; |funcao|multiplicador:fazerproduto|somador16bits:s_l2_1|eightbitsadder:s2|fourbitsadder:addr0|fulladder:addr3                                         ; fulladder               ; work         ;
;             |fourbitsadder:addr1|                 ; 2 (0)       ; 0 (0)                     ; 0 (0)         ; 0           ; 0    ; 0          ; 0            ; 0       ; 0         ; 0    ; 0            ; 2 (0)        ; 0 (0)             ; 0 (0)            ; 0          ; |funcao|multiplicador:fazerproduto|somador16bits:s_l2_1|eightbitsadder:s2|fourbitsadder:addr1                                                         ; fourbitsadder           ; work         ;
;                |fulladder:addr0|                  ; 2 (1)       ; 0 (0)                     ; 0 (0)         ; 0           ; 0    ; 0          ; 0            ; 0       ; 0         ; 0    ; 0            ; 2 (1)        ; 0 (0)             ; 0 (0)            ; 0          ; |funcao|multiplicador:fazerproduto|somador16bits:s_l2_1|eightbitsadder:s2|fourbitsadder:addr1|fulladder:addr0                                         ; fulladder               ; work         ;
;                   |halfadder:halfadder2|          ; 1 (1)       ; 0 (0)                     ; 0 (0)         ; 0           ; 0    ; 0          ; 0            ; 0       ; 0         ; 0    ; 0            ; 1 (1)        ; 0 (0)             ; 0 (0)            ; 0          ; |funcao|multiplicador:fazerproduto|somador16bits:s_l2_1|eightbitsadder:s2|fourbitsadder:addr1|fulladder:addr0|halfadder:halfadder2                    ; halfadder               ; work         ;
;    |multiplicador:mt00|                           ; 80 (9)      ; 0 (0)                     ; 0 (0)         ; 0           ; 0    ; 0          ; 0            ; 0       ; 0         ; 0    ; 0            ; 80 (9)       ; 0 (0)             ; 0 (0)            ; 0          ; |funcao|multiplicador:mt00                                                                                                                            ; multiplicador           ; work         ;
;       |somador16bits:s_final|                     ; 20 (0)      ; 0 (0)                     ; 0 (0)         ; 0           ; 0    ; 0          ; 0            ; 0       ; 0         ; 0    ; 0            ; 20 (0)       ; 0 (0)             ; 0 (0)            ; 0          ; |funcao|multiplicador:mt00|somador16bits:s_final                                                                                                      ; somador16bits           ; work         ;
;          |eightbitsadder:s1|                      ; 8 (0)       ; 0 (0)                     ; 0 (0)         ; 0           ; 0    ; 0          ; 0            ; 0       ; 0         ; 0    ; 0            ; 8 (0)        ; 0 (0)             ; 0 (0)            ; 0          ; |funcao|multiplicador:mt00|somador16bits:s_final|eightbitsadder:s1                                                                                    ; eightbitsadder          ; work         ;
;             |fourbitsadder:addr1|                 ; 8 (0)       ; 0 (0)                     ; 0 (0)         ; 0           ; 0    ; 0          ; 0            ; 0       ; 0         ; 0    ; 0            ; 8 (0)        ; 0 (0)             ; 0 (0)            ; 0          ; |funcao|multiplicador:mt00|somador16bits:s_final|eightbitsadder:s1|fourbitsadder:addr1                                                                ; fourbitsadder           ; work         ;
;                |fulladder:addr1|                  ; 2 (1)       ; 0 (0)                     ; 0 (0)         ; 0           ; 0    ; 0          ; 0            ; 0       ; 0         ; 0    ; 0            ; 2 (1)        ; 0 (0)             ; 0 (0)            ; 0          ; |funcao|multiplicador:mt00|somador16bits:s_final|eightbitsadder:s1|fourbitsadder:addr1|fulladder:addr1                                                ; fulladder               ; work         ;
;                   |halfadder:halfadder2|          ; 1 (1)       ; 0 (0)                     ; 0 (0)         ; 0           ; 0    ; 0          ; 0            ; 0       ; 0         ; 0    ; 0            ; 1 (1)        ; 0 (0)             ; 0 (0)            ; 0          ; |funcao|multiplicador:mt00|somador16bits:s_final|eightbitsadder:s1|fourbitsadder:addr1|fulladder:addr1|halfadder:halfadder2                           ; halfadder               ; work         ;
;                |fulladder:addr2|                  ; 3 (1)       ; 0 (0)                     ; 0 (0)         ; 0           ; 0    ; 0          ; 0            ; 0       ; 0         ; 0    ; 0            ; 3 (1)        ; 0 (0)             ; 0 (0)            ; 0          ; |funcao|multiplicador:mt00|somador16bits:s_final|eightbitsadder:s1|fourbitsadder:addr1|fulladder:addr2                                                ; fulladder               ; work         ;
;                   |halfadder:halfadder2|          ; 2 (2)       ; 0 (0)                     ; 0 (0)         ; 0           ; 0    ; 0          ; 0            ; 0       ; 0         ; 0    ; 0            ; 2 (2)        ; 0 (0)             ; 0 (0)            ; 0          ; |funcao|multiplicador:mt00|somador16bits:s_final|eightbitsadder:s1|fourbitsadder:addr1|fulladder:addr2|halfadder:halfadder2                           ; halfadder               ; work         ;
;                |fulladder:addr3|                  ; 3 (1)       ; 0 (0)                     ; 0 (0)         ; 0           ; 0    ; 0          ; 0            ; 0       ; 0         ; 0    ; 0            ; 3 (1)        ; 0 (0)             ; 0 (0)            ; 0          ; |funcao|multiplicador:mt00|somador16bits:s_final|eightbitsadder:s1|fourbitsadder:addr1|fulladder:addr3                                                ; fulladder               ; work         ;
;                   |halfadder:halfadder2|          ; 2 (2)       ; 0 (0)                     ; 0 (0)         ; 0           ; 0    ; 0          ; 0            ; 0       ; 0         ; 0    ; 0            ; 2 (2)        ; 0 (0)             ; 0 (0)            ; 0          ; |funcao|multiplicador:mt00|somador16bits:s_final|eightbitsadder:s1|fourbitsadder:addr1|fulladder:addr3|halfadder:halfadder2                           ; halfadder               ; work         ;
;          |eightbitsadder:s2|                      ; 12 (0)      ; 0 (0)                     ; 0 (0)         ; 0           ; 0    ; 0          ; 0            ; 0       ; 0         ; 0    ; 0            ; 12 (0)       ; 0 (0)             ; 0 (0)            ; 0          ; |funcao|multiplicador:mt00|somador16bits:s_final|eightbitsadder:s2                                                                                    ; eightbitsadder          ; work         ;
;             |fourbitsadder:addr0|                 ; 10 (0)      ; 0 (0)                     ; 0 (0)         ; 0           ; 0    ; 0          ; 0            ; 0       ; 0         ; 0    ; 0            ; 10 (0)       ; 0 (0)             ; 0 (0)            ; 0          ; |funcao|multiplicador:mt00|somador16bits:s_final|eightbitsadder:s2|fourbitsadder:addr0                                                                ; fourbitsadder           ; work         ;
;                |fulladder:addr0|                  ; 3 (1)       ; 0 (0)                     ; 0 (0)         ; 0           ; 0    ; 0          ; 0            ; 0       ; 0         ; 0    ; 0            ; 3 (1)        ; 0 (0)             ; 0 (0)            ; 0          ; |funcao|multiplicador:mt00|somador16bits:s_final|eightbitsadder:s2|fourbitsadder:addr0|fulladder:addr0                                                ; fulladder               ; work         ;
;                   |halfadder:halfadder2|          ; 2 (2)       ; 0 (0)                     ; 0 (0)         ; 0           ; 0    ; 0          ; 0            ; 0       ; 0         ; 0    ; 0            ; 2 (2)        ; 0 (0)             ; 0 (0)            ; 0          ; |funcao|multiplicador:mt00|somador16bits:s_final|eightbitsadder:s2|fourbitsadder:addr0|fulladder:addr0|halfadder:halfadder2                           ; halfadder               ; work         ;
;                |fulladder:addr1|                  ; 3 (1)       ; 0 (0)                     ; 0 (0)         ; 0           ; 0    ; 0          ; 0            ; 0       ; 0         ; 0    ; 0            ; 3 (1)        ; 0 (0)             ; 0 (0)            ; 0          ; |funcao|multiplicador:mt00|somador16bits:s_final|eightbitsadder:s2|fourbitsadder:addr0|fulladder:addr1                                                ; fulladder               ; work         ;
;                   |halfadder:halfadder2|          ; 2 (2)       ; 0 (0)                     ; 0 (0)         ; 0           ; 0    ; 0          ; 0            ; 0       ; 0         ; 0    ; 0            ; 2 (2)        ; 0 (0)             ; 0 (0)            ; 0          ; |funcao|multiplicador:mt00|somador16bits:s_final|eightbitsadder:s2|fourbitsadder:addr0|fulladder:addr1|halfadder:halfadder2                           ; halfadder               ; work         ;
;                |fulladder:addr2|                  ; 2 (1)       ; 0 (0)                     ; 0 (0)         ; 0           ; 0    ; 0          ; 0            ; 0       ; 0         ; 0    ; 0            ; 2 (1)        ; 0 (0)             ; 0 (0)            ; 0          ; |funcao|multiplicador:mt00|somador16bits:s_final|eightbitsadder:s2|fourbitsadder:addr0|fulladder:addr2                                                ; fulladder               ; work         ;
;                   |halfadder:halfadder2|          ; 1 (1)       ; 0 (0)                     ; 0 (0)         ; 0           ; 0    ; 0          ; 0            ; 0       ; 0         ; 0    ; 0            ; 1 (1)        ; 0 (0)             ; 0 (0)            ; 0          ; |funcao|multiplicador:mt00|somador16bits:s_final|eightbitsadder:s2|fourbitsadder:addr0|fulladder:addr2|halfadder:halfadder2                           ; halfadder               ; work         ;
;                |fulladder:addr3|                  ; 2 (1)       ; 0 (0)                     ; 0 (0)         ; 0           ; 0    ; 0          ; 0            ; 0       ; 0         ; 0    ; 0            ; 2 (1)        ; 0 (0)             ; 0 (0)            ; 0          ; |funcao|multiplicador:mt00|somador16bits:s_final|eightbitsadder:s2|fourbitsadder:addr0|fulladder:addr3                                                ; fulladder               ; work         ;
;                   |halfadder:halfadder2|          ; 1 (1)       ; 0 (0)                     ; 0 (0)         ; 0           ; 0    ; 0          ; 0            ; 0       ; 0         ; 0    ; 0            ; 1 (1)        ; 0 (0)             ; 0 (0)            ; 0          ; |funcao|multiplicador:mt00|somador16bits:s_final|eightbitsadder:s2|fourbitsadder:addr0|fulladder:addr3|halfadder:halfadder2                           ; halfadder               ; work         ;
;             |fourbitsadder:addr1|                 ; 2 (0)       ; 0 (0)                     ; 0 (0)         ; 0           ; 0    ; 0          ; 0            ; 0       ; 0         ; 0    ; 0            ; 2 (0)        ; 0 (0)             ; 0 (0)            ; 0          ; |funcao|multiplicador:mt00|somador16bits:s_final|eightbitsadder:s2|fourbitsadder:addr1                                                                ; fourbitsadder           ; work         ;
;                |fulladder:addr1|                  ; 2 (0)       ; 0 (0)                     ; 0 (0)         ; 0           ; 0    ; 0          ; 0            ; 0       ; 0         ; 0    ; 0            ; 2 (0)        ; 0 (0)             ; 0 (0)            ; 0          ; |funcao|multiplicador:mt00|somador16bits:s_final|eightbitsadder:s2|fourbitsadder:addr1|fulladder:addr1                                                ; fulladder               ; work         ;
;                   |halfadder:halfadder2|          ; 2 (2)       ; 0 (0)                     ; 0 (0)         ; 0           ; 0    ; 0          ; 0            ; 0       ; 0         ; 0    ; 0            ; 2 (2)        ; 0 (0)             ; 0 (0)            ; 0          ; |funcao|multiplicador:mt00|somador16bits:s_final|eightbitsadder:s2|fourbitsadder:addr1|fulladder:addr1|halfadder:halfadder2                           ; halfadder               ; work         ;
;       |somador16bits:s_l1_0|                      ; 9 (0)       ; 0 (0)                     ; 0 (0)         ; 0           ; 0    ; 0          ; 0            ; 0       ; 0         ; 0    ; 0            ; 9 (0)        ; 0 (0)             ; 0 (0)            ; 0          ; |funcao|multiplicador:mt00|somador16bits:s_l1_0                                                                                                       ; somador16bits           ; work         ;
;          |eightbitsadder:s1|                      ; 9 (0)       ; 0 (0)                     ; 0 (0)         ; 0           ; 0    ; 0          ; 0            ; 0       ; 0         ; 0    ; 0            ; 9 (0)        ; 0 (0)             ; 0 (0)            ; 0          ; |funcao|multiplicador:mt00|somador16bits:s_l1_0|eightbitsadder:s1                                                                                     ; eightbitsadder          ; work         ;
;             |fourbitsadder:addr0|                 ; 1 (0)       ; 0 (0)                     ; 0 (0)         ; 0           ; 0    ; 0          ; 0            ; 0       ; 0         ; 0    ; 0            ; 1 (0)        ; 0 (0)             ; 0 (0)            ; 0          ; |funcao|multiplicador:mt00|somador16bits:s_l1_0|eightbitsadder:s1|fourbitsadder:addr0                                                                 ; fourbitsadder           ; work         ;
;                |fulladder:addr3|                  ; 1 (1)       ; 0 (0)                     ; 0 (0)         ; 0           ; 0    ; 0          ; 0            ; 0       ; 0         ; 0    ; 0            ; 1 (1)        ; 0 (0)             ; 0 (0)            ; 0          ; |funcao|multiplicador:mt00|somador16bits:s_l1_0|eightbitsadder:s1|fourbitsadder:addr0|fulladder:addr3                                                 ; fulladder               ; work         ;
;             |fourbitsadder:addr1|                 ; 8 (0)       ; 0 (0)                     ; 0 (0)         ; 0           ; 0    ; 0          ; 0            ; 0       ; 0         ; 0    ; 0            ; 8 (0)        ; 0 (0)             ; 0 (0)            ; 0          ; |funcao|multiplicador:mt00|somador16bits:s_l1_0|eightbitsadder:s1|fourbitsadder:addr1                                                                 ; fourbitsadder           ; work         ;
;                |fulladder:addr0|                  ; 2 (1)       ; 0 (0)                     ; 0 (0)         ; 0           ; 0    ; 0          ; 0            ; 0       ; 0         ; 0    ; 0            ; 2 (1)        ; 0 (0)             ; 0 (0)            ; 0          ; |funcao|multiplicador:mt00|somador16bits:s_l1_0|eightbitsadder:s1|fourbitsadder:addr1|fulladder:addr0                                                 ; fulladder               ; work         ;
;                   |halfadder:halfadder2|          ; 1 (1)       ; 0 (0)                     ; 0 (0)         ; 0           ; 0    ; 0          ; 0            ; 0       ; 0         ; 0    ; 0            ; 1 (1)        ; 0 (0)             ; 0 (0)            ; 0          ; |funcao|multiplicador:mt00|somador16bits:s_l1_0|eightbitsadder:s1|fourbitsadder:addr1|fulladder:addr0|halfadder:halfadder2                            ; halfadder               ; work         ;
;                |fulladder:addr1|                  ; 2 (1)       ; 0 (0)                     ; 0 (0)         ; 0           ; 0    ; 0          ; 0            ; 0       ; 0         ; 0    ; 0            ; 2 (1)        ; 0 (0)             ; 0 (0)            ; 0          ; |funcao|multiplicador:mt00|somador16bits:s_l1_0|eightbitsadder:s1|fourbitsadder:addr1|fulladder:addr1                                                 ; fulladder               ; work         ;
;                   |halfadder:halfadder2|          ; 1 (1)       ; 0 (0)                     ; 0 (0)         ; 0           ; 0    ; 0          ; 0            ; 0       ; 0         ; 0    ; 0            ; 1 (1)        ; 0 (0)             ; 0 (0)            ; 0          ; |funcao|multiplicador:mt00|somador16bits:s_l1_0|eightbitsadder:s1|fourbitsadder:addr1|fulladder:addr1|halfadder:halfadder2                            ; halfadder               ; work         ;
;                |fulladder:addr2|                  ; 2 (1)       ; 0 (0)                     ; 0 (0)         ; 0           ; 0    ; 0          ; 0            ; 0       ; 0         ; 0    ; 0            ; 2 (1)        ; 0 (0)             ; 0 (0)            ; 0          ; |funcao|multiplicador:mt00|somador16bits:s_l1_0|eightbitsadder:s1|fourbitsadder:addr1|fulladder:addr2                                                 ; fulladder               ; work         ;
;                   |halfadder:halfadder2|          ; 1 (1)       ; 0 (0)                     ; 0 (0)         ; 0           ; 0    ; 0          ; 0            ; 0       ; 0         ; 0    ; 0            ; 1 (1)        ; 0 (0)             ; 0 (0)            ; 0          ; |funcao|multiplicador:mt00|somador16bits:s_l1_0|eightbitsadder:s1|fourbitsadder:addr1|fulladder:addr2|halfadder:halfadder2                            ; halfadder               ; work         ;
;                |fulladder:addr3|                  ; 2 (0)       ; 0 (0)                     ; 0 (0)         ; 0           ; 0    ; 0          ; 0            ; 0       ; 0         ; 0    ; 0            ; 2 (0)        ; 0 (0)             ; 0 (0)            ; 0          ; |funcao|multiplicador:mt00|somador16bits:s_l1_0|eightbitsadder:s1|fourbitsadder:addr1|fulladder:addr3                                                 ; fulladder               ; work         ;
;                   |halfadder:halfadder2|          ; 2 (2)       ; 0 (0)                     ; 0 (0)         ; 0           ; 0    ; 0          ; 0            ; 0       ; 0         ; 0    ; 0            ; 2 (2)        ; 0 (0)             ; 0 (0)            ; 0          ; |funcao|multiplicador:mt00|somador16bits:s_l1_0|eightbitsadder:s1|fourbitsadder:addr1|fulladder:addr3|halfadder:halfadder2                            ; halfadder               ; work         ;
;       |somador16bits:s_l1_1|                      ; 8 (0)       ; 0 (0)                     ; 0 (0)         ; 0           ; 0    ; 0          ; 0            ; 0       ; 0         ; 0    ; 0            ; 8 (0)        ; 0 (0)             ; 0 (0)            ; 0          ; |funcao|multiplicador:mt00|somador16bits:s_l1_1                                                                                                       ; somador16bits           ; work         ;
;          |eightbitsadder:s1|                      ; 6 (0)       ; 0 (0)                     ; 0 (0)         ; 0           ; 0    ; 0          ; 0            ; 0       ; 0         ; 0    ; 0            ; 6 (0)        ; 0 (0)             ; 0 (0)            ; 0          ; |funcao|multiplicador:mt00|somador16bits:s_l1_1|eightbitsadder:s1                                                                                     ; eightbitsadder          ; work         ;
;             |fourbitsadder:addr0|                 ; 1 (0)       ; 0 (0)                     ; 0 (0)         ; 0           ; 0    ; 0          ; 0            ; 0       ; 0         ; 0    ; 0            ; 1 (0)        ; 0 (0)             ; 0 (0)            ; 0          ; |funcao|multiplicador:mt00|somador16bits:s_l1_1|eightbitsadder:s1|fourbitsadder:addr0                                                                 ; fourbitsadder           ; work         ;
;                |fulladder:addr3|                  ; 1 (0)       ; 0 (0)                     ; 0 (0)         ; 0           ; 0    ; 0          ; 0            ; 0       ; 0         ; 0    ; 0            ; 1 (0)        ; 0 (0)             ; 0 (0)            ; 0          ; |funcao|multiplicador:mt00|somador16bits:s_l1_1|eightbitsadder:s1|fourbitsadder:addr0|fulladder:addr3                                                 ; fulladder               ; work         ;
;                   |halfadder:halfadder1|          ; 1 (1)       ; 0 (0)                     ; 0 (0)         ; 0           ; 0    ; 0          ; 0            ; 0       ; 0         ; 0    ; 0            ; 1 (1)        ; 0 (0)             ; 0 (0)            ; 0          ; |funcao|multiplicador:mt00|somador16bits:s_l1_1|eightbitsadder:s1|fourbitsadder:addr0|fulladder:addr3|halfadder:halfadder1                            ; halfadder               ; work         ;
;             |fourbitsadder:addr1|                 ; 5 (0)       ; 0 (0)                     ; 0 (0)         ; 0           ; 0    ; 0          ; 0            ; 0       ; 0         ; 0    ; 0            ; 5 (0)        ; 0 (0)             ; 0 (0)            ; 0          ; |funcao|multiplicador:mt00|somador16bits:s_l1_1|eightbitsadder:s1|fourbitsadder:addr1                                                                 ; fourbitsadder           ; work         ;
;                |fulladder:addr0|                  ; 2 (1)       ; 0 (0)                     ; 0 (0)         ; 0           ; 0    ; 0          ; 0            ; 0       ; 0         ; 0    ; 0            ; 2 (1)        ; 0 (0)             ; 0 (0)            ; 0          ; |funcao|multiplicador:mt00|somador16bits:s_l1_1|eightbitsadder:s1|fourbitsadder:addr1|fulladder:addr0                                                 ; fulladder               ; work         ;
;                   |halfadder:halfadder1|          ; 1 (1)       ; 0 (0)                     ; 0 (0)         ; 0           ; 0    ; 0          ; 0            ; 0       ; 0         ; 0    ; 0            ; 1 (1)        ; 0 (0)             ; 0 (0)            ; 0          ; |funcao|multiplicador:mt00|somador16bits:s_l1_1|eightbitsadder:s1|fourbitsadder:addr1|fulladder:addr0|halfadder:halfadder1                            ; halfadder               ; work         ;
;                |fulladder:addr2|                  ; 2 (1)       ; 0 (0)                     ; 0 (0)         ; 0           ; 0    ; 0          ; 0            ; 0       ; 0         ; 0    ; 0            ; 2 (1)        ; 0 (0)             ; 0 (0)            ; 0          ; |funcao|multiplicador:mt00|somador16bits:s_l1_1|eightbitsadder:s1|fourbitsadder:addr1|fulladder:addr2                                                 ; fulladder               ; work         ;
;                   |halfadder:halfadder1|          ; 1 (1)       ; 0 (0)                     ; 0 (0)         ; 0           ; 0    ; 0          ; 0            ; 0       ; 0         ; 0    ; 0            ; 1 (1)        ; 0 (0)             ; 0 (0)            ; 0          ; |funcao|multiplicador:mt00|somador16bits:s_l1_1|eightbitsadder:s1|fourbitsadder:addr1|fulladder:addr2|halfadder:halfadder1                            ; halfadder               ; work         ;
;                |fulladder:addr3|                  ; 1 (1)       ; 0 (0)                     ; 0 (0)         ; 0           ; 0    ; 0          ; 0            ; 0       ; 0         ; 0    ; 0            ; 1 (1)        ; 0 (0)             ; 0 (0)            ; 0          ; |funcao|multiplicador:mt00|somador16bits:s_l1_1|eightbitsadder:s1|fourbitsadder:addr1|fulladder:addr3                                                 ; fulladder               ; work         ;
;          |eightbitsadder:s2|                      ; 2 (0)       ; 0 (0)                     ; 0 (0)         ; 0           ; 0    ; 0          ; 0            ; 0       ; 0         ; 0    ; 0            ; 2 (0)        ; 0 (0)             ; 0 (0)            ; 0          ; |funcao|multiplicador:mt00|somador16bits:s_l1_1|eightbitsadder:s2                                                                                     ; eightbitsadder          ; work         ;
;             |fourbitsadder:addr0|                 ; 2 (0)       ; 0 (0)                     ; 0 (0)         ; 0           ; 0    ; 0          ; 0            ; 0       ; 0         ; 0    ; 0            ; 2 (0)        ; 0 (0)             ; 0 (0)            ; 0          ; |funcao|multiplicador:mt00|somador16bits:s_l1_1|eightbitsadder:s2|fourbitsadder:addr0                                                                 ; fourbitsadder           ; work         ;
;                |fulladder:addr0|                  ; 2 (1)       ; 0 (0)                     ; 0 (0)         ; 0           ; 0    ; 0          ; 0            ; 0       ; 0         ; 0    ; 0            ; 2 (1)        ; 0 (0)             ; 0 (0)            ; 0          ; |funcao|multiplicador:mt00|somador16bits:s_l1_1|eightbitsadder:s2|fourbitsadder:addr0|fulladder:addr0                                                 ; fulladder               ; work         ;
;                   |halfadder:halfadder1|          ; 1 (1)       ; 0 (0)                     ; 0 (0)         ; 0           ; 0    ; 0          ; 0            ; 0       ; 0         ; 0    ; 0            ; 1 (1)        ; 0 (0)             ; 0 (0)            ; 0          ; |funcao|multiplicador:mt00|somador16bits:s_l1_1|eightbitsadder:s2|fourbitsadder:addr0|fulladder:addr0|halfadder:halfadder1                            ; halfadder               ; work         ;
;       |somador16bits:s_l1_2|                      ; 9 (0)       ; 0 (0)                     ; 0 (0)         ; 0           ; 0    ; 0          ; 0            ; 0       ; 0         ; 0    ; 0            ; 9 (0)        ; 0 (0)             ; 0 (0)            ; 0          ; |funcao|multiplicador:mt00|somador16bits:s_l1_2                                                                                                       ; somador16bits           ; work         ;
;          |eightbitsadder:s1|                      ; 7 (0)       ; 0 (0)                     ; 0 (0)         ; 0           ; 0    ; 0          ; 0            ; 0       ; 0         ; 0    ; 0            ; 7 (0)        ; 0 (0)             ; 0 (0)            ; 0          ; |funcao|multiplicador:mt00|somador16bits:s_l1_2|eightbitsadder:s1                                                                                     ; eightbitsadder          ; work         ;
;             |fourbitsadder:addr1|                 ; 7 (0)       ; 0 (0)                     ; 0 (0)         ; 0           ; 0    ; 0          ; 0            ; 0       ; 0         ; 0    ; 0            ; 7 (0)        ; 0 (0)             ; 0 (0)            ; 0          ; |funcao|multiplicador:mt00|somador16bits:s_l1_2|eightbitsadder:s1|fourbitsadder:addr1                                                                 ; fourbitsadder           ; work         ;
;                |fulladder:addr1|                  ; 2 (0)       ; 0 (0)                     ; 0 (0)         ; 0           ; 0    ; 0          ; 0            ; 0       ; 0         ; 0    ; 0            ; 2 (0)        ; 0 (0)             ; 0 (0)            ; 0          ; |funcao|multiplicador:mt00|somador16bits:s_l1_2|eightbitsadder:s1|fourbitsadder:addr1|fulladder:addr1                                                 ; fulladder               ; work         ;
;                   |halfadder:halfadder1|          ; 2 (2)       ; 0 (0)                     ; 0 (0)         ; 0           ; 0    ; 0          ; 0            ; 0       ; 0         ; 0    ; 0            ; 2 (2)        ; 0 (0)             ; 0 (0)            ; 0          ; |funcao|multiplicador:mt00|somador16bits:s_l1_2|eightbitsadder:s1|fourbitsadder:addr1|fulladder:addr1|halfadder:halfadder1                            ; halfadder               ; work         ;
;                |fulladder:addr2|                  ; 2 (1)       ; 0 (0)                     ; 0 (0)         ; 0           ; 0    ; 0          ; 0            ; 0       ; 0         ; 0    ; 0            ; 2 (1)        ; 0 (0)             ; 0 (0)            ; 0          ; |funcao|multiplicador:mt00|somador16bits:s_l1_2|eightbitsadder:s1|fourbitsadder:addr1|fulladder:addr2                                                 ; fulladder               ; work         ;
;                   |halfadder:halfadder2|          ; 1 (1)       ; 0 (0)                     ; 0 (0)         ; 0           ; 0    ; 0          ; 0            ; 0       ; 0         ; 0    ; 0            ; 1 (1)        ; 0 (0)             ; 0 (0)            ; 0          ; |funcao|multiplicador:mt00|somador16bits:s_l1_2|eightbitsadder:s1|fourbitsadder:addr1|fulladder:addr2|halfadder:halfadder2                            ; halfadder               ; work         ;
;                |fulladder:addr3|                  ; 3 (1)       ; 0 (0)                     ; 0 (0)         ; 0           ; 0    ; 0          ; 0            ; 0       ; 0         ; 0    ; 0            ; 3 (1)        ; 0 (0)             ; 0 (0)            ; 0          ; |funcao|multiplicador:mt00|somador16bits:s_l1_2|eightbitsadder:s1|fourbitsadder:addr1|fulladder:addr3                                                 ; fulladder               ; work         ;
;                   |halfadder:halfadder2|          ; 2 (2)       ; 0 (0)                     ; 0 (0)         ; 0           ; 0    ; 0          ; 0            ; 0       ; 0         ; 0    ; 0            ; 2 (2)        ; 0 (0)             ; 0 (0)            ; 0          ; |funcao|multiplicador:mt00|somador16bits:s_l1_2|eightbitsadder:s1|fourbitsadder:addr1|fulladder:addr3|halfadder:halfadder2                            ; halfadder               ; work         ;
;          |eightbitsadder:s2|                      ; 2 (0)       ; 0 (0)                     ; 0 (0)         ; 0           ; 0    ; 0          ; 0            ; 0       ; 0         ; 0    ; 0            ; 2 (0)        ; 0 (0)             ; 0 (0)            ; 0          ; |funcao|multiplicador:mt00|somador16bits:s_l1_2|eightbitsadder:s2                                                                                     ; eightbitsadder          ; work         ;
;             |fourbitsadder:addr0|                 ; 2 (0)       ; 0 (0)                     ; 0 (0)         ; 0           ; 0    ; 0          ; 0            ; 0       ; 0         ; 0    ; 0            ; 2 (0)        ; 0 (0)             ; 0 (0)            ; 0          ; |funcao|multiplicador:mt00|somador16bits:s_l1_2|eightbitsadder:s2|fourbitsadder:addr0                                                                 ; fourbitsadder           ; work         ;
;                |fulladder:addr0|                  ; 2 (1)       ; 0 (0)                     ; 0 (0)         ; 0           ; 0    ; 0          ; 0            ; 0       ; 0         ; 0    ; 0            ; 2 (1)        ; 0 (0)             ; 0 (0)            ; 0          ; |funcao|multiplicador:mt00|somador16bits:s_l1_2|eightbitsadder:s2|fourbitsadder:addr0|fulladder:addr0                                                 ; fulladder               ; work         ;
;                   |halfadder:halfadder1|          ; 1 (1)       ; 0 (0)                     ; 0 (0)         ; 0           ; 0    ; 0          ; 0            ; 0       ; 0         ; 0    ; 0            ; 1 (1)        ; 0 (0)             ; 0 (0)            ; 0          ; |funcao|multiplicador:mt00|somador16bits:s_l1_2|eightbitsadder:s2|fourbitsadder:addr0|fulladder:addr0|halfadder:halfadder1                            ; halfadder               ; work         ;
;       |somador16bits:s_l2_0|                      ; 16 (0)      ; 0 (0)                     ; 0 (0)         ; 0           ; 0    ; 0          ; 0            ; 0       ; 0         ; 0    ; 0            ; 16 (0)       ; 0 (0)             ; 0 (0)            ; 0          ; |funcao|multiplicador:mt00|somador16bits:s_l2_0                                                                                                       ; somador16bits           ; work         ;
;          |eightbitsadder:s1|                      ; 12 (0)      ; 0 (0)                     ; 0 (0)         ; 0           ; 0    ; 0          ; 0            ; 0       ; 0         ; 0    ; 0            ; 12 (0)       ; 0 (0)             ; 0 (0)            ; 0          ; |funcao|multiplicador:mt00|somador16bits:s_l2_0|eightbitsadder:s1                                                                                     ; eightbitsadder          ; work         ;
;             |fourbitsadder:addr0|                 ; 3 (0)       ; 0 (0)                     ; 0 (0)         ; 0           ; 0    ; 0          ; 0            ; 0       ; 0         ; 0    ; 0            ; 3 (0)        ; 0 (0)             ; 0 (0)            ; 0          ; |funcao|multiplicador:mt00|somador16bits:s_l2_0|eightbitsadder:s1|fourbitsadder:addr0                                                                 ; fourbitsadder           ; work         ;
;                |fulladder:addr3|                  ; 3 (1)       ; 0 (0)                     ; 0 (0)         ; 0           ; 0    ; 0          ; 0            ; 0       ; 0         ; 0    ; 0            ; 3 (1)        ; 0 (0)             ; 0 (0)            ; 0          ; |funcao|multiplicador:mt00|somador16bits:s_l2_0|eightbitsadder:s1|fourbitsadder:addr0|fulladder:addr3                                                 ; fulladder               ; work         ;
;                   |halfadder:halfadder2|          ; 2 (2)       ; 0 (0)                     ; 0 (0)         ; 0           ; 0    ; 0          ; 0            ; 0       ; 0         ; 0    ; 0            ; 2 (2)        ; 0 (0)             ; 0 (0)            ; 0          ; |funcao|multiplicador:mt00|somador16bits:s_l2_0|eightbitsadder:s1|fourbitsadder:addr0|fulladder:addr3|halfadder:halfadder2                            ; halfadder               ; work         ;
;             |fourbitsadder:addr1|                 ; 9 (0)       ; 0 (0)                     ; 0 (0)         ; 0           ; 0    ; 0          ; 0            ; 0       ; 0         ; 0    ; 0            ; 9 (0)        ; 0 (0)             ; 0 (0)            ; 0          ; |funcao|multiplicador:mt00|somador16bits:s_l2_0|eightbitsadder:s1|fourbitsadder:addr1                                                                 ; fourbitsadder           ; work         ;
;                |fulladder:addr0|                  ; 2 (1)       ; 0 (0)                     ; 0 (0)         ; 0           ; 0    ; 0          ; 0            ; 0       ; 0         ; 0    ; 0            ; 2 (1)        ; 0 (0)             ; 0 (0)            ; 0          ; |funcao|multiplicador:mt00|somador16bits:s_l2_0|eightbitsadder:s1|fourbitsadder:addr1|fulladder:addr0                                                 ; fulladder               ; work         ;
;                   |halfadder:halfadder2|          ; 1 (1)       ; 0 (0)                     ; 0 (0)         ; 0           ; 0    ; 0          ; 0            ; 0       ; 0         ; 0    ; 0            ; 1 (1)        ; 0 (0)             ; 0 (0)            ; 0          ; |funcao|multiplicador:mt00|somador16bits:s_l2_0|eightbitsadder:s1|fourbitsadder:addr1|fulladder:addr0|halfadder:halfadder2                            ; halfadder               ; work         ;
;                |fulladder:addr1|                  ; 3 (1)       ; 0 (0)                     ; 0 (0)         ; 0           ; 0    ; 0          ; 0            ; 0       ; 0         ; 0    ; 0            ; 3 (1)        ; 0 (0)             ; 0 (0)            ; 0          ; |funcao|multiplicador:mt00|somador16bits:s_l2_0|eightbitsadder:s1|fourbitsadder:addr1|fulladder:addr1                                                 ; fulladder               ; work         ;
;                   |halfadder:halfadder2|          ; 2 (2)       ; 0 (0)                     ; 0 (0)         ; 0           ; 0    ; 0          ; 0            ; 0       ; 0         ; 0    ; 0            ; 2 (2)        ; 0 (0)             ; 0 (0)            ; 0          ; |funcao|multiplicador:mt00|somador16bits:s_l2_0|eightbitsadder:s1|fourbitsadder:addr1|fulladder:addr1|halfadder:halfadder2                            ; halfadder               ; work         ;
;                |fulladder:addr2|                  ; 2 (1)       ; 0 (0)                     ; 0 (0)         ; 0           ; 0    ; 0          ; 0            ; 0       ; 0         ; 0    ; 0            ; 2 (1)        ; 0 (0)             ; 0 (0)            ; 0          ; |funcao|multiplicador:mt00|somador16bits:s_l2_0|eightbitsadder:s1|fourbitsadder:addr1|fulladder:addr2                                                 ; fulladder               ; work         ;
;                   |halfadder:halfadder2|          ; 1 (1)       ; 0 (0)                     ; 0 (0)         ; 0           ; 0    ; 0          ; 0            ; 0       ; 0         ; 0    ; 0            ; 1 (1)        ; 0 (0)             ; 0 (0)            ; 0          ; |funcao|multiplicador:mt00|somador16bits:s_l2_0|eightbitsadder:s1|fourbitsadder:addr1|fulladder:addr2|halfadder:halfadder2                            ; halfadder               ; work         ;
;                |fulladder:addr3|                  ; 2 (1)       ; 0 (0)                     ; 0 (0)         ; 0           ; 0    ; 0          ; 0            ; 0       ; 0         ; 0    ; 0            ; 2 (1)        ; 0 (0)             ; 0 (0)            ; 0          ; |funcao|multiplicador:mt00|somador16bits:s_l2_0|eightbitsadder:s1|fourbitsadder:addr1|fulladder:addr3                                                 ; fulladder               ; work         ;
;                   |halfadder:halfadder2|          ; 1 (1)       ; 0 (0)                     ; 0 (0)         ; 0           ; 0    ; 0          ; 0            ; 0       ; 0         ; 0    ; 0            ; 1 (1)        ; 0 (0)             ; 0 (0)            ; 0          ; |funcao|multiplicador:mt00|somador16bits:s_l2_0|eightbitsadder:s1|fourbitsadder:addr1|fulladder:addr3|halfadder:halfadder2                            ; halfadder               ; work         ;
;          |eightbitsadder:s2|                      ; 4 (0)       ; 0 (0)                     ; 0 (0)         ; 0           ; 0    ; 0          ; 0            ; 0       ; 0         ; 0    ; 0            ; 4 (0)        ; 0 (0)             ; 0 (0)            ; 0          ; |funcao|multiplicador:mt00|somador16bits:s_l2_0|eightbitsadder:s2                                                                                     ; eightbitsadder          ; work         ;
;             |fourbitsadder:addr0|                 ; 4 (0)       ; 0 (0)                     ; 0 (0)         ; 0           ; 0    ; 0          ; 0            ; 0       ; 0         ; 0    ; 0            ; 4 (0)        ; 0 (0)             ; 0 (0)            ; 0          ; |funcao|multiplicador:mt00|somador16bits:s_l2_0|eightbitsadder:s2|fourbitsadder:addr0                                                                 ; fourbitsadder           ; work         ;
;                |fulladder:addr0|                  ; 2 (1)       ; 0 (0)                     ; 0 (0)         ; 0           ; 0    ; 0          ; 0            ; 0       ; 0         ; 0    ; 0            ; 2 (1)        ; 0 (0)             ; 0 (0)            ; 0          ; |funcao|multiplicador:mt00|somador16bits:s_l2_0|eightbitsadder:s2|fourbitsadder:addr0|fulladder:addr0                                                 ; fulladder               ; work         ;
;                   |halfadder:halfadder2|          ; 1 (1)       ; 0 (0)                     ; 0 (0)         ; 0           ; 0    ; 0          ; 0            ; 0       ; 0         ; 0    ; 0            ; 1 (1)        ; 0 (0)             ; 0 (0)            ; 0          ; |funcao|multiplicador:mt00|somador16bits:s_l2_0|eightbitsadder:s2|fourbitsadder:addr0|fulladder:addr0|halfadder:halfadder2                            ; halfadder               ; work         ;
;                |fulladder:addr1|                  ; 1 (0)       ; 0 (0)                     ; 0 (0)         ; 0           ; 0    ; 0          ; 0            ; 0       ; 0         ; 0    ; 0            ; 1 (0)        ; 0 (0)             ; 0 (0)            ; 0          ; |funcao|multiplicador:mt00|somador16bits:s_l2_0|eightbitsadder:s2|fourbitsadder:addr0|fulladder:addr1                                                 ; fulladder               ; work         ;
;                   |halfadder:halfadder2|          ; 1 (1)       ; 0 (0)                     ; 0 (0)         ; 0           ; 0    ; 0          ; 0            ; 0       ; 0         ; 0    ; 0            ; 1 (1)        ; 0 (0)             ; 0 (0)            ; 0          ; |funcao|multiplicador:mt00|somador16bits:s_l2_0|eightbitsadder:s2|fourbitsadder:addr0|fulladder:addr1|halfadder:halfadder2                            ; halfadder               ; work         ;
;                |fulladder:addr2|                  ; 1 (0)       ; 0 (0)                     ; 0 (0)         ; 0           ; 0    ; 0          ; 0            ; 0       ; 0         ; 0    ; 0            ; 1 (0)        ; 0 (0)             ; 0 (0)            ; 0          ; |funcao|multiplicador:mt00|somador16bits:s_l2_0|eightbitsadder:s2|fourbitsadder:addr0|fulladder:addr2                                                 ; fulladder               ; work         ;
;                   |halfadder:halfadder2|          ; 1 (1)       ; 0 (0)                     ; 0 (0)         ; 0           ; 0    ; 0          ; 0            ; 0       ; 0         ; 0    ; 0            ; 1 (1)        ; 0 (0)             ; 0 (0)            ; 0          ; |funcao|multiplicador:mt00|somador16bits:s_l2_0|eightbitsadder:s2|fourbitsadder:addr0|fulladder:addr2|halfadder:halfadder2                            ; halfadder               ; work         ;
;       |somador16bits:s_l2_1|                      ; 9 (0)       ; 0 (0)                     ; 0 (0)         ; 0           ; 0    ; 0          ; 0            ; 0       ; 0         ; 0    ; 0            ; 9 (0)        ; 0 (0)             ; 0 (0)            ; 0          ; |funcao|multiplicador:mt00|somador16bits:s_l2_1                                                                                                       ; somador16bits           ; work         ;
;          |eightbitsadder:s1|                      ; 3 (0)       ; 0 (0)                     ; 0 (0)         ; 0           ; 0    ; 0          ; 0            ; 0       ; 0         ; 0    ; 0            ; 3 (0)        ; 0 (0)             ; 0 (0)            ; 0          ; |funcao|multiplicador:mt00|somador16bits:s_l2_1|eightbitsadder:s1                                                                                     ; eightbitsadder          ; work         ;
;             |fourbitsadder:addr1|                 ; 3 (0)       ; 0 (0)                     ; 0 (0)         ; 0           ; 0    ; 0          ; 0            ; 0       ; 0         ; 0    ; 0            ; 3 (0)        ; 0 (0)             ; 0 (0)            ; 0          ; |funcao|multiplicador:mt00|somador16bits:s_l2_1|eightbitsadder:s1|fourbitsadder:addr1                                                                 ; fourbitsadder           ; work         ;
;                |fulladder:addr2|                  ; 1 (0)       ; 0 (0)                     ; 0 (0)         ; 0           ; 0    ; 0          ; 0            ; 0       ; 0         ; 0    ; 0            ; 1 (0)        ; 0 (0)             ; 0 (0)            ; 0          ; |funcao|multiplicador:mt00|somador16bits:s_l2_1|eightbitsadder:s1|fourbitsadder:addr1|fulladder:addr2                                                 ; fulladder               ; work         ;
;                   |halfadder:halfadder1|          ; 1 (1)       ; 0 (0)                     ; 0 (0)         ; 0           ; 0    ; 0          ; 0            ; 0       ; 0         ; 0    ; 0            ; 1 (1)        ; 0 (0)             ; 0 (0)            ; 0          ; |funcao|multiplicador:mt00|somador16bits:s_l2_1|eightbitsadder:s1|fourbitsadder:addr1|fulladder:addr2|halfadder:halfadder1                            ; halfadder               ; work         ;
;                |fulladder:addr3|                  ; 2 (1)       ; 0 (0)                     ; 0 (0)         ; 0           ; 0    ; 0          ; 0            ; 0       ; 0         ; 0    ; 0            ; 2 (1)        ; 0 (0)             ; 0 (0)            ; 0          ; |funcao|multiplicador:mt00|somador16bits:s_l2_1|eightbitsadder:s1|fourbitsadder:addr1|fulladder:addr3                                                 ; fulladder               ; work         ;
;                   |halfadder:halfadder1|          ; 1 (1)       ; 0 (0)                     ; 0 (0)         ; 0           ; 0    ; 0          ; 0            ; 0       ; 0         ; 0    ; 0            ; 1 (1)        ; 0 (0)             ; 0 (0)            ; 0          ; |funcao|multiplicador:mt00|somador16bits:s_l2_1|eightbitsadder:s1|fourbitsadder:addr1|fulladder:addr3|halfadder:halfadder1                            ; halfadder               ; work         ;
;          |eightbitsadder:s2|                      ; 6 (0)       ; 0 (0)                     ; 0 (0)         ; 0           ; 0    ; 0          ; 0            ; 0       ; 0         ; 0    ; 0            ; 6 (0)        ; 0 (0)             ; 0 (0)            ; 0          ; |funcao|multiplicador:mt00|somador16bits:s_l2_1|eightbitsadder:s2                                                                                     ; eightbitsadder          ; work         ;
;             |fourbitsadder:addr0|                 ; 6 (0)       ; 0 (0)                     ; 0 (0)         ; 0           ; 0    ; 0          ; 0            ; 0       ; 0         ; 0    ; 0            ; 6 (0)        ; 0 (0)             ; 0 (0)            ; 0          ; |funcao|multiplicador:mt00|somador16bits:s_l2_1|eightbitsadder:s2|fourbitsadder:addr0                                                                 ; fourbitsadder           ; work         ;
;                |fulladder:addr0|                  ; 2 (1)       ; 0 (0)                     ; 0 (0)         ; 0           ; 0    ; 0          ; 0            ; 0       ; 0         ; 0    ; 0            ; 2 (1)        ; 0 (0)             ; 0 (0)            ; 0          ; |funcao|multiplicador:mt00|somador16bits:s_l2_1|eightbitsadder:s2|fourbitsadder:addr0|fulladder:addr0                                                 ; fulladder               ; work         ;
;                   |halfadder:halfadder1|          ; 1 (1)       ; 0 (0)                     ; 0 (0)         ; 0           ; 0    ; 0          ; 0            ; 0       ; 0         ; 0    ; 0            ; 1 (1)        ; 0 (0)             ; 0 (0)            ; 0          ; |funcao|multiplicador:mt00|somador16bits:s_l2_1|eightbitsadder:s2|fourbitsadder:addr0|fulladder:addr0|halfadder:halfadder1                            ; halfadder               ; work         ;
;                |fulladder:addr1|                  ; 2 (1)       ; 0 (0)                     ; 0 (0)         ; 0           ; 0    ; 0          ; 0            ; 0       ; 0         ; 0    ; 0            ; 2 (1)        ; 0 (0)             ; 0 (0)            ; 0          ; |funcao|multiplicador:mt00|somador16bits:s_l2_1|eightbitsadder:s2|fourbitsadder:addr0|fulladder:addr1                                                 ; fulladder               ; work         ;
;                   |halfadder:halfadder1|          ; 1 (1)       ; 0 (0)                     ; 0 (0)         ; 0           ; 0    ; 0          ; 0            ; 0       ; 0         ; 0    ; 0            ; 1 (1)        ; 0 (0)             ; 0 (0)            ; 0          ; |funcao|multiplicador:mt00|somador16bits:s_l2_1|eightbitsadder:s2|fourbitsadder:addr0|fulladder:addr1|halfadder:halfadder1                            ; halfadder               ; work         ;
;                |fulladder:addr2|                  ; 2 (2)       ; 0 (0)                     ; 0 (0)         ; 0           ; 0    ; 0          ; 0            ; 0       ; 0         ; 0    ; 0            ; 2 (2)        ; 0 (0)             ; 0 (0)            ; 0          ; |funcao|multiplicador:mt00|somador16bits:s_l2_1|eightbitsadder:s2|fourbitsadder:addr0|fulladder:addr2                                                 ; fulladder               ; work         ;
;    |multiplicador:mt01|                           ; 108 (31)    ; 0 (0)                     ; 0 (0)         ; 0           ; 0    ; 0          ; 0            ; 0       ; 0         ; 0    ; 0            ; 108 (31)     ; 0 (0)             ; 0 (0)            ; 0          ; |funcao|multiplicador:mt01                                                                                                                            ; multiplicador           ; work         ;
;       |somador16bits:s_final|                     ; 15 (0)      ; 0 (0)                     ; 0 (0)         ; 0           ; 0    ; 0          ; 0            ; 0       ; 0         ; 0    ; 0            ; 15 (0)       ; 0 (0)             ; 0 (0)            ; 0          ; |funcao|multiplicador:mt01|somador16bits:s_final                                                                                                      ; somador16bits           ; work         ;
;          |eightbitsadder:s1|                      ; 7 (0)       ; 0 (0)                     ; 0 (0)         ; 0           ; 0    ; 0          ; 0            ; 0       ; 0         ; 0    ; 0            ; 7 (0)        ; 0 (0)             ; 0 (0)            ; 0          ; |funcao|multiplicador:mt01|somador16bits:s_final|eightbitsadder:s1                                                                                    ; eightbitsadder          ; work         ;
;             |fourbitsadder:addr1|                 ; 7 (0)       ; 0 (0)                     ; 0 (0)         ; 0           ; 0    ; 0          ; 0            ; 0       ; 0         ; 0    ; 0            ; 7 (0)        ; 0 (0)             ; 0 (0)            ; 0          ; |funcao|multiplicador:mt01|somador16bits:s_final|eightbitsadder:s1|fourbitsadder:addr1                                                                ; fourbitsadder           ; work         ;
;                |fulladder:addr0|                  ; 1 (0)       ; 0 (0)                     ; 0 (0)         ; 0           ; 0    ; 0          ; 0            ; 0       ; 0         ; 0    ; 0            ; 1 (0)        ; 0 (0)             ; 0 (0)            ; 0          ; |funcao|multiplicador:mt01|somador16bits:s_final|eightbitsadder:s1|fourbitsadder:addr1|fulladder:addr0                                                ; fulladder               ; work         ;
;                   |halfadder:halfadder1|          ; 1 (1)       ; 0 (0)                     ; 0 (0)         ; 0           ; 0    ; 0          ; 0            ; 0       ; 0         ; 0    ; 0            ; 1 (1)        ; 0 (0)             ; 0 (0)            ; 0          ; |funcao|multiplicador:mt01|somador16bits:s_final|eightbitsadder:s1|fourbitsadder:addr1|fulladder:addr0|halfadder:halfadder1                           ; halfadder               ; work         ;
;                |fulladder:addr1|                  ; 2 (1)       ; 0 (0)                     ; 0 (0)         ; 0           ; 0    ; 0          ; 0            ; 0       ; 0         ; 0    ; 0            ; 2 (1)        ; 0 (0)             ; 0 (0)            ; 0          ; |funcao|multiplicador:mt01|somador16bits:s_final|eightbitsadder:s1|fourbitsadder:addr1|fulladder:addr1                                                ; fulladder               ; work         ;
;                   |halfadder:halfadder2|          ; 1 (1)       ; 0 (0)                     ; 0 (0)         ; 0           ; 0    ; 0          ; 0            ; 0       ; 0         ; 0    ; 0            ; 1 (1)        ; 0 (0)             ; 0 (0)            ; 0          ; |funcao|multiplicador:mt01|somador16bits:s_final|eightbitsadder:s1|fourbitsadder:addr1|fulladder:addr1|halfadder:halfadder2                           ; halfadder               ; work         ;
;                |fulladder:addr2|                  ; 2 (1)       ; 0 (0)                     ; 0 (0)         ; 0           ; 0    ; 0          ; 0            ; 0       ; 0         ; 0    ; 0            ; 2 (1)        ; 0 (0)             ; 0 (0)            ; 0          ; |funcao|multiplicador:mt01|somador16bits:s_final|eightbitsadder:s1|fourbitsadder:addr1|fulladder:addr2                                                ; fulladder               ; work         ;
;                   |halfadder:halfadder2|          ; 1 (1)       ; 0 (0)                     ; 0 (0)         ; 0           ; 0    ; 0          ; 0            ; 0       ; 0         ; 0    ; 0            ; 1 (1)        ; 0 (0)             ; 0 (0)            ; 0          ; |funcao|multiplicador:mt01|somador16bits:s_final|eightbitsadder:s1|fourbitsadder:addr1|fulladder:addr2|halfadder:halfadder2                           ; halfadder               ; work         ;
;                |fulladder:addr3|                  ; 2 (1)       ; 0 (0)                     ; 0 (0)         ; 0           ; 0    ; 0          ; 0            ; 0       ; 0         ; 0    ; 0            ; 2 (1)        ; 0 (0)             ; 0 (0)            ; 0          ; |funcao|multiplicador:mt01|somador16bits:s_final|eightbitsadder:s1|fourbitsadder:addr1|fulladder:addr3                                                ; fulladder               ; work         ;
;                   |halfadder:halfadder2|          ; 1 (1)       ; 0 (0)                     ; 0 (0)         ; 0           ; 0    ; 0          ; 0            ; 0       ; 0         ; 0    ; 0            ; 1 (1)        ; 0 (0)             ; 0 (0)            ; 0          ; |funcao|multiplicador:mt01|somador16bits:s_final|eightbitsadder:s1|fourbitsadder:addr1|fulladder:addr3|halfadder:halfadder2                           ; halfadder               ; work         ;
;          |eightbitsadder:s2|                      ; 8 (0)       ; 0 (0)                     ; 0 (0)         ; 0           ; 0    ; 0          ; 0            ; 0       ; 0         ; 0    ; 0            ; 8 (0)        ; 0 (0)             ; 0 (0)            ; 0          ; |funcao|multiplicador:mt01|somador16bits:s_final|eightbitsadder:s2                                                                                    ; eightbitsadder          ; work         ;
;             |fourbitsadder:addr0|                 ; 7 (0)       ; 0 (0)                     ; 0 (0)         ; 0           ; 0    ; 0          ; 0            ; 0       ; 0         ; 0    ; 0            ; 7 (0)        ; 0 (0)             ; 0 (0)            ; 0          ; |funcao|multiplicador:mt01|somador16bits:s_final|eightbitsadder:s2|fourbitsadder:addr0                                                                ; fourbitsadder           ; work         ;
;                |fulladder:addr0|                  ; 2 (1)       ; 0 (0)                     ; 0 (0)         ; 0           ; 0    ; 0          ; 0            ; 0       ; 0         ; 0    ; 0            ; 2 (1)        ; 0 (0)             ; 0 (0)            ; 0          ; |funcao|multiplicador:mt01|somador16bits:s_final|eightbitsadder:s2|fourbitsadder:addr0|fulladder:addr0                                                ; fulladder               ; work         ;
;                   |halfadder:halfadder2|          ; 1 (1)       ; 0 (0)                     ; 0 (0)         ; 0           ; 0    ; 0          ; 0            ; 0       ; 0         ; 0    ; 0            ; 1 (1)        ; 0 (0)             ; 0 (0)            ; 0          ; |funcao|multiplicador:mt01|somador16bits:s_final|eightbitsadder:s2|fourbitsadder:addr0|fulladder:addr0|halfadder:halfadder2                           ; halfadder               ; work         ;
;                |fulladder:addr1|                  ; 2 (1)       ; 0 (0)                     ; 0 (0)         ; 0           ; 0    ; 0          ; 0            ; 0       ; 0         ; 0    ; 0            ; 2 (1)        ; 0 (0)             ; 0 (0)            ; 0          ; |funcao|multiplicador:mt01|somador16bits:s_final|eightbitsadder:s2|fourbitsadder:addr0|fulladder:addr1                                                ; fulladder               ; work         ;
;                   |halfadder:halfadder2|          ; 1 (1)       ; 0 (0)                     ; 0 (0)         ; 0           ; 0    ; 0          ; 0            ; 0       ; 0         ; 0    ; 0            ; 1 (1)        ; 0 (0)             ; 0 (0)            ; 0          ; |funcao|multiplicador:mt01|somador16bits:s_final|eightbitsadder:s2|fourbitsadder:addr0|fulladder:addr1|halfadder:halfadder2                           ; halfadder               ; work         ;
;                |fulladder:addr2|                  ; 2 (1)       ; 0 (0)                     ; 0 (0)         ; 0           ; 0    ; 0          ; 0            ; 0       ; 0         ; 0    ; 0            ; 2 (1)        ; 0 (0)             ; 0 (0)            ; 0          ; |funcao|multiplicador:mt01|somador16bits:s_final|eightbitsadder:s2|fourbitsadder:addr0|fulladder:addr2                                                ; fulladder               ; work         ;
;                   |halfadder:halfadder2|          ; 1 (1)       ; 0 (0)                     ; 0 (0)         ; 0           ; 0    ; 0          ; 0            ; 0       ; 0         ; 0    ; 0            ; 1 (1)        ; 0 (0)             ; 0 (0)            ; 0          ; |funcao|multiplicador:mt01|somador16bits:s_final|eightbitsadder:s2|fourbitsadder:addr0|fulladder:addr2|halfadder:halfadder2                           ; halfadder               ; work         ;
;                |fulladder:addr3|                  ; 1 (1)       ; 0 (0)                     ; 0 (0)         ; 0           ; 0    ; 0          ; 0            ; 0       ; 0         ; 0    ; 0            ; 1 (1)        ; 0 (0)             ; 0 (0)            ; 0          ; |funcao|multiplicador:mt01|somador16bits:s_final|eightbitsadder:s2|fourbitsadder:addr0|fulladder:addr3                                                ; fulladder               ; work         ;
;             |fourbitsadder:addr1|                 ; 1 (0)       ; 0 (0)                     ; 0 (0)         ; 0           ; 0    ; 0          ; 0            ; 0       ; 0         ; 0    ; 0            ; 1 (0)        ; 0 (0)             ; 0 (0)            ; 0          ; |funcao|multiplicador:mt01|somador16bits:s_final|eightbitsadder:s2|fourbitsadder:addr1                                                                ; fourbitsadder           ; work         ;
;                |fulladder:addr1|                  ; 1 (0)       ; 0 (0)                     ; 0 (0)         ; 0           ; 0    ; 0          ; 0            ; 0       ; 0         ; 0    ; 0            ; 1 (0)        ; 0 (0)             ; 0 (0)            ; 0          ; |funcao|multiplicador:mt01|somador16bits:s_final|eightbitsadder:s2|fourbitsadder:addr1|fulladder:addr1                                                ; fulladder               ; work         ;
;                   |halfadder:halfadder2|          ; 1 (1)       ; 0 (0)                     ; 0 (0)         ; 0           ; 0    ; 0          ; 0            ; 0       ; 0         ; 0    ; 0            ; 1 (1)        ; 0 (0)             ; 0 (0)            ; 0          ; |funcao|multiplicador:mt01|somador16bits:s_final|eightbitsadder:s2|fourbitsadder:addr1|fulladder:addr1|halfadder:halfadder2                           ; halfadder               ; work         ;
;       |somador16bits:s_l1_0|                      ; 13 (0)      ; 0 (0)                     ; 0 (0)         ; 0           ; 0    ; 0          ; 0            ; 0       ; 0         ; 0    ; 0            ; 13 (0)       ; 0 (0)             ; 0 (0)            ; 0          ; |funcao|multiplicador:mt01|somador16bits:s_l1_0                                                                                                       ; somador16bits           ; work         ;
;          |eightbitsadder:s1|                      ; 13 (0)      ; 0 (0)                     ; 0 (0)         ; 0           ; 0    ; 0          ; 0            ; 0       ; 0         ; 0    ; 0            ; 13 (0)       ; 0 (0)             ; 0 (0)            ; 0          ; |funcao|multiplicador:mt01|somador16bits:s_l1_0|eightbitsadder:s1                                                                                     ; eightbitsadder          ; work         ;
;             |fourbitsadder:addr0|                 ; 5 (0)       ; 0 (0)                     ; 0 (0)         ; 0           ; 0    ; 0          ; 0            ; 0       ; 0         ; 0    ; 0            ; 5 (0)        ; 0 (0)             ; 0 (0)            ; 0          ; |funcao|multiplicador:mt01|somador16bits:s_l1_0|eightbitsadder:s1|fourbitsadder:addr0                                                                 ; fourbitsadder           ; work         ;
;                |fulladder:addr1|                  ; 1 (0)       ; 0 (0)                     ; 0 (0)         ; 0           ; 0    ; 0          ; 0            ; 0       ; 0         ; 0    ; 0            ; 1 (0)        ; 0 (0)             ; 0 (0)            ; 0          ; |funcao|multiplicador:mt01|somador16bits:s_l1_0|eightbitsadder:s1|fourbitsadder:addr0|fulladder:addr1                                                 ; fulladder               ; work         ;
;                   |halfadder:halfadder1|          ; 1 (1)       ; 0 (0)                     ; 0 (0)         ; 0           ; 0    ; 0          ; 0            ; 0       ; 0         ; 0    ; 0            ; 1 (1)        ; 0 (0)             ; 0 (0)            ; 0          ; |funcao|multiplicador:mt01|somador16bits:s_l1_0|eightbitsadder:s1|fourbitsadder:addr0|fulladder:addr1|halfadder:halfadder1                            ; halfadder               ; work         ;
;                |fulladder:addr2|                  ; 2 (1)       ; 0 (0)                     ; 0 (0)         ; 0           ; 0    ; 0          ; 0            ; 0       ; 0         ; 0    ; 0            ; 2 (1)        ; 0 (0)             ; 0 (0)            ; 0          ; |funcao|multiplicador:mt01|somador16bits:s_l1_0|eightbitsadder:s1|fourbitsadder:addr0|fulladder:addr2                                                 ; fulladder               ; work         ;
;                   |halfadder:halfadder2|          ; 1 (1)       ; 0 (0)                     ; 0 (0)         ; 0           ; 0    ; 0          ; 0            ; 0       ; 0         ; 0    ; 0            ; 1 (1)        ; 0 (0)             ; 0 (0)            ; 0          ; |funcao|multiplicador:mt01|somador16bits:s_l1_0|eightbitsadder:s1|fourbitsadder:addr0|fulladder:addr2|halfadder:halfadder2                            ; halfadder               ; work         ;
;                |fulladder:addr3|                  ; 2 (1)       ; 0 (0)                     ; 0 (0)         ; 0           ; 0    ; 0          ; 0            ; 0       ; 0         ; 0    ; 0            ; 2 (1)        ; 0 (0)             ; 0 (0)            ; 0          ; |funcao|multiplicador:mt01|somador16bits:s_l1_0|eightbitsadder:s1|fourbitsadder:addr0|fulladder:addr3                                                 ; fulladder               ; work         ;
;                   |halfadder:halfadder2|          ; 1 (1)       ; 0 (0)                     ; 0 (0)         ; 0           ; 0    ; 0          ; 0            ; 0       ; 0         ; 0    ; 0            ; 1 (1)        ; 0 (0)             ; 0 (0)            ; 0          ; |funcao|multiplicador:mt01|somador16bits:s_l1_0|eightbitsadder:s1|fourbitsadder:addr0|fulladder:addr3|halfadder:halfadder2                            ; halfadder               ; work         ;
;             |fourbitsadder:addr1|                 ; 8 (0)       ; 0 (0)                     ; 0 (0)         ; 0           ; 0    ; 0          ; 0            ; 0       ; 0         ; 0    ; 0            ; 8 (0)        ; 0 (0)             ; 0 (0)            ; 0          ; |funcao|multiplicador:mt01|somador16bits:s_l1_0|eightbitsadder:s1|fourbitsadder:addr1                                                                 ; fourbitsadder           ; work         ;
;                |fulladder:addr0|                  ; 2 (1)       ; 0 (0)                     ; 0 (0)         ; 0           ; 0    ; 0          ; 0            ; 0       ; 0         ; 0    ; 0            ; 2 (1)        ; 0 (0)             ; 0 (0)            ; 0          ; |funcao|multiplicador:mt01|somador16bits:s_l1_0|eightbitsadder:s1|fourbitsadder:addr1|fulladder:addr0                                                 ; fulladder               ; work         ;
;                   |halfadder:halfadder2|          ; 1 (1)       ; 0 (0)                     ; 0 (0)         ; 0           ; 0    ; 0          ; 0            ; 0       ; 0         ; 0    ; 0            ; 1 (1)        ; 0 (0)             ; 0 (0)            ; 0          ; |funcao|multiplicador:mt01|somador16bits:s_l1_0|eightbitsadder:s1|fourbitsadder:addr1|fulladder:addr0|halfadder:halfadder2                            ; halfadder               ; work         ;
;                |fulladder:addr1|                  ; 2 (1)       ; 0 (0)                     ; 0 (0)         ; 0           ; 0    ; 0          ; 0            ; 0       ; 0         ; 0    ; 0            ; 2 (1)        ; 0 (0)             ; 0 (0)            ; 0          ; |funcao|multiplicador:mt01|somador16bits:s_l1_0|eightbitsadder:s1|fourbitsadder:addr1|fulladder:addr1                                                 ; fulladder               ; work         ;
;                   |halfadder:halfadder2|          ; 1 (1)       ; 0 (0)                     ; 0 (0)         ; 0           ; 0    ; 0          ; 0            ; 0       ; 0         ; 0    ; 0            ; 1 (1)        ; 0 (0)             ; 0 (0)            ; 0          ; |funcao|multiplicador:mt01|somador16bits:s_l1_0|eightbitsadder:s1|fourbitsadder:addr1|fulladder:addr1|halfadder:halfadder2                            ; halfadder               ; work         ;
;                |fulladder:addr2|                  ; 2 (1)       ; 0 (0)                     ; 0 (0)         ; 0           ; 0    ; 0          ; 0            ; 0       ; 0         ; 0    ; 0            ; 2 (1)        ; 0 (0)             ; 0 (0)            ; 0          ; |funcao|multiplicador:mt01|somador16bits:s_l1_0|eightbitsadder:s1|fourbitsadder:addr1|fulladder:addr2                                                 ; fulladder               ; work         ;
;                   |halfadder:halfadder2|          ; 1 (1)       ; 0 (0)                     ; 0 (0)         ; 0           ; 0    ; 0          ; 0            ; 0       ; 0         ; 0    ; 0            ; 1 (1)        ; 0 (0)             ; 0 (0)            ; 0          ; |funcao|multiplicador:mt01|somador16bits:s_l1_0|eightbitsadder:s1|fourbitsadder:addr1|fulladder:addr2|halfadder:halfadder2                            ; halfadder               ; work         ;
;                |fulladder:addr3|                  ; 2 (0)       ; 0 (0)                     ; 0 (0)         ; 0           ; 0    ; 0          ; 0            ; 0       ; 0         ; 0    ; 0            ; 2 (0)        ; 0 (0)             ; 0 (0)            ; 0          ; |funcao|multiplicador:mt01|somador16bits:s_l1_0|eightbitsadder:s1|fourbitsadder:addr1|fulladder:addr3                                                 ; fulladder               ; work         ;
;                   |halfadder:halfadder2|          ; 2 (2)       ; 0 (0)                     ; 0 (0)         ; 0           ; 0    ; 0          ; 0            ; 0       ; 0         ; 0    ; 0            ; 2 (2)        ; 0 (0)             ; 0 (0)            ; 0          ; |funcao|multiplicador:mt01|somador16bits:s_l1_0|eightbitsadder:s1|fourbitsadder:addr1|fulladder:addr3|halfadder:halfadder2                            ; halfadder               ; work         ;
;       |somador16bits:s_l1_1|                      ; 13 (0)      ; 0 (0)                     ; 0 (0)         ; 0           ; 0    ; 0          ; 0            ; 0       ; 0         ; 0    ; 0            ; 13 (0)       ; 0 (0)             ; 0 (0)            ; 0          ; |funcao|multiplicador:mt01|somador16bits:s_l1_1                                                                                                       ; somador16bits           ; work         ;
;          |eightbitsadder:s1|                      ; 11 (0)      ; 0 (0)                     ; 0 (0)         ; 0           ; 0    ; 0          ; 0            ; 0       ; 0         ; 0    ; 0            ; 11 (0)       ; 0 (0)             ; 0 (0)            ; 0          ; |funcao|multiplicador:mt01|somador16bits:s_l1_1|eightbitsadder:s1                                                                                     ; eightbitsadder          ; work         ;
;             |fourbitsadder:addr0|                 ; 2 (0)       ; 0 (0)                     ; 0 (0)         ; 0           ; 0    ; 0          ; 0            ; 0       ; 0         ; 0    ; 0            ; 2 (0)        ; 0 (0)             ; 0 (0)            ; 0          ; |funcao|multiplicador:mt01|somador16bits:s_l1_1|eightbitsadder:s1|fourbitsadder:addr0                                                                 ; fourbitsadder           ; work         ;
;                |fulladder:addr3|                  ; 2 (0)       ; 0 (0)                     ; 0 (0)         ; 0           ; 0    ; 0          ; 0            ; 0       ; 0         ; 0    ; 0            ; 2 (0)        ; 0 (0)             ; 0 (0)            ; 0          ; |funcao|multiplicador:mt01|somador16bits:s_l1_1|eightbitsadder:s1|fourbitsadder:addr0|fulladder:addr3                                                 ; fulladder               ; work         ;
;                   |halfadder:halfadder1|          ; 2 (2)       ; 0 (0)                     ; 0 (0)         ; 0           ; 0    ; 0          ; 0            ; 0       ; 0         ; 0    ; 0            ; 2 (2)        ; 0 (0)             ; 0 (0)            ; 0          ; |funcao|multiplicador:mt01|somador16bits:s_l1_1|eightbitsadder:s1|fourbitsadder:addr0|fulladder:addr3|halfadder:halfadder1                            ; halfadder               ; work         ;
;             |fourbitsadder:addr1|                 ; 9 (0)       ; 0 (0)                     ; 0 (0)         ; 0           ; 0    ; 0          ; 0            ; 0       ; 0         ; 0    ; 0            ; 9 (0)        ; 0 (0)             ; 0 (0)            ; 0          ; |funcao|multiplicador:mt01|somador16bits:s_l1_1|eightbitsadder:s1|fourbitsadder:addr1                                                                 ; fourbitsadder           ; work         ;
;                |fulladder:addr0|                  ; 3 (2)       ; 0 (0)                     ; 0 (0)         ; 0           ; 0    ; 0          ; 0            ; 0       ; 0         ; 0    ; 0            ; 3 (2)        ; 0 (0)             ; 0 (0)            ; 0          ; |funcao|multiplicador:mt01|somador16bits:s_l1_1|eightbitsadder:s1|fourbitsadder:addr1|fulladder:addr0                                                 ; fulladder               ; work         ;
;                   |halfadder:halfadder1|          ; 1 (1)       ; 0 (0)                     ; 0 (0)         ; 0           ; 0    ; 0          ; 0            ; 0       ; 0         ; 0    ; 0            ; 1 (1)        ; 0 (0)             ; 0 (0)            ; 0          ; |funcao|multiplicador:mt01|somador16bits:s_l1_1|eightbitsadder:s1|fourbitsadder:addr1|fulladder:addr0|halfadder:halfadder1                            ; halfadder               ; work         ;
;                |fulladder:addr1|                  ; 2 (1)       ; 0 (0)                     ; 0 (0)         ; 0           ; 0    ; 0          ; 0            ; 0       ; 0         ; 0    ; 0            ; 2 (1)        ; 0 (0)             ; 0 (0)            ; 0          ; |funcao|multiplicador:mt01|somador16bits:s_l1_1|eightbitsadder:s1|fourbitsadder:addr1|fulladder:addr1                                                 ; fulladder               ; work         ;
;                   |halfadder:halfadder1|          ; 1 (1)       ; 0 (0)                     ; 0 (0)         ; 0           ; 0    ; 0          ; 0            ; 0       ; 0         ; 0    ; 0            ; 1 (1)        ; 0 (0)             ; 0 (0)            ; 0          ; |funcao|multiplicador:mt01|somador16bits:s_l1_1|eightbitsadder:s1|fourbitsadder:addr1|fulladder:addr1|halfadder:halfadder1                            ; halfadder               ; work         ;
;                |fulladder:addr2|                  ; 2 (1)       ; 0 (0)                     ; 0 (0)         ; 0           ; 0    ; 0          ; 0            ; 0       ; 0         ; 0    ; 0            ; 2 (1)        ; 0 (0)             ; 0 (0)            ; 0          ; |funcao|multiplicador:mt01|somador16bits:s_l1_1|eightbitsadder:s1|fourbitsadder:addr1|fulladder:addr2                                                 ; fulladder               ; work         ;
;                   |halfadder:halfadder1|          ; 1 (1)       ; 0 (0)                     ; 0 (0)         ; 0           ; 0    ; 0          ; 0            ; 0       ; 0         ; 0    ; 0            ; 1 (1)        ; 0 (0)             ; 0 (0)            ; 0          ; |funcao|multiplicador:mt01|somador16bits:s_l1_1|eightbitsadder:s1|fourbitsadder:addr1|fulladder:addr2|halfadder:halfadder1                            ; halfadder               ; work         ;
;                |fulladder:addr3|                  ; 2 (1)       ; 0 (0)                     ; 0 (0)         ; 0           ; 0    ; 0          ; 0            ; 0       ; 0         ; 0    ; 0            ; 2 (1)        ; 0 (0)             ; 0 (0)            ; 0          ; |funcao|multiplicador:mt01|somador16bits:s_l1_1|eightbitsadder:s1|fourbitsadder:addr1|fulladder:addr3                                                 ; fulladder               ; work         ;
;                   |halfadder:halfadder1|          ; 1 (1)       ; 0 (0)                     ; 0 (0)         ; 0           ; 0    ; 0          ; 0            ; 0       ; 0         ; 0    ; 0            ; 1 (1)        ; 0 (0)             ; 0 (0)            ; 0          ; |funcao|multiplicador:mt01|somador16bits:s_l1_1|eightbitsadder:s1|fourbitsadder:addr1|fulladder:addr3|halfadder:halfadder1                            ; halfadder               ; work         ;
;          |eightbitsadder:s2|                      ; 2 (0)       ; 0 (0)                     ; 0 (0)         ; 0           ; 0    ; 0          ; 0            ; 0       ; 0         ; 0    ; 0            ; 2 (0)        ; 0 (0)             ; 0 (0)            ; 0          ; |funcao|multiplicador:mt01|somador16bits:s_l1_1|eightbitsadder:s2                                                                                     ; eightbitsadder          ; work         ;
;             |fourbitsadder:addr0|                 ; 2 (0)       ; 0 (0)                     ; 0 (0)         ; 0           ; 0    ; 0          ; 0            ; 0       ; 0         ; 0    ; 0            ; 2 (0)        ; 0 (0)             ; 0 (0)            ; 0          ; |funcao|multiplicador:mt01|somador16bits:s_l1_1|eightbitsadder:s2|fourbitsadder:addr0                                                                 ; fourbitsadder           ; work         ;
;                |fulladder:addr0|                  ; 2 (1)       ; 0 (0)                     ; 0 (0)         ; 0           ; 0    ; 0          ; 0            ; 0       ; 0         ; 0    ; 0            ; 2 (1)        ; 0 (0)             ; 0 (0)            ; 0          ; |funcao|multiplicador:mt01|somador16bits:s_l1_1|eightbitsadder:s2|fourbitsadder:addr0|fulladder:addr0                                                 ; fulladder               ; work         ;
;                   |halfadder:halfadder1|          ; 1 (1)       ; 0 (0)                     ; 0 (0)         ; 0           ; 0    ; 0          ; 0            ; 0       ; 0         ; 0    ; 0            ; 1 (1)        ; 0 (0)             ; 0 (0)            ; 0          ; |funcao|multiplicador:mt01|somador16bits:s_l1_1|eightbitsadder:s2|fourbitsadder:addr0|fulladder:addr0|halfadder:halfadder1                            ; halfadder               ; work         ;
;       |somador16bits:s_l1_2|                      ; 11 (0)      ; 0 (0)                     ; 0 (0)         ; 0           ; 0    ; 0          ; 0            ; 0       ; 0         ; 0    ; 0            ; 11 (0)       ; 0 (0)             ; 0 (0)            ; 0          ; |funcao|multiplicador:mt01|somador16bits:s_l1_2                                                                                                       ; somador16bits           ; work         ;
;          |eightbitsadder:s1|                      ; 5 (0)       ; 0 (0)                     ; 0 (0)         ; 0           ; 0    ; 0          ; 0            ; 0       ; 0         ; 0    ; 0            ; 5 (0)        ; 0 (0)             ; 0 (0)            ; 0          ; |funcao|multiplicador:mt01|somador16bits:s_l1_2|eightbitsadder:s1                                                                                     ; eightbitsadder          ; work         ;
;             |fourbitsadder:addr1|                 ; 5 (0)       ; 0 (0)                     ; 0 (0)         ; 0           ; 0    ; 0          ; 0            ; 0       ; 0         ; 0    ; 0            ; 5 (0)        ; 0 (0)             ; 0 (0)            ; 0          ; |funcao|multiplicador:mt01|somador16bits:s_l1_2|eightbitsadder:s1|fourbitsadder:addr1                                                                 ; fourbitsadder           ; work         ;
;                |fulladder:addr1|                  ; 1 (0)       ; 0 (0)                     ; 0 (0)         ; 0           ; 0    ; 0          ; 0            ; 0       ; 0         ; 0    ; 0            ; 1 (0)        ; 0 (0)             ; 0 (0)            ; 0          ; |funcao|multiplicador:mt01|somador16bits:s_l1_2|eightbitsadder:s1|fourbitsadder:addr1|fulladder:addr1                                                 ; fulladder               ; work         ;
;                   |halfadder:halfadder1|          ; 1 (1)       ; 0 (0)                     ; 0 (0)         ; 0           ; 0    ; 0          ; 0            ; 0       ; 0         ; 0    ; 0            ; 1 (1)        ; 0 (0)             ; 0 (0)            ; 0          ; |funcao|multiplicador:mt01|somador16bits:s_l1_2|eightbitsadder:s1|fourbitsadder:addr1|fulladder:addr1|halfadder:halfadder1                            ; halfadder               ; work         ;
;                |fulladder:addr2|                  ; 2 (1)       ; 0 (0)                     ; 0 (0)         ; 0           ; 0    ; 0          ; 0            ; 0       ; 0         ; 0    ; 0            ; 2 (1)        ; 0 (0)             ; 0 (0)            ; 0          ; |funcao|multiplicador:mt01|somador16bits:s_l1_2|eightbitsadder:s1|fourbitsadder:addr1|fulladder:addr2                                                 ; fulladder               ; work         ;
;                   |halfadder:halfadder2|          ; 1 (1)       ; 0 (0)                     ; 0 (0)         ; 0           ; 0    ; 0          ; 0            ; 0       ; 0         ; 0    ; 0            ; 1 (1)        ; 0 (0)             ; 0 (0)            ; 0          ; |funcao|multiplicador:mt01|somador16bits:s_l1_2|eightbitsadder:s1|fourbitsadder:addr1|fulladder:addr2|halfadder:halfadder2                            ; halfadder               ; work         ;
;                |fulladder:addr3|                  ; 2 (1)       ; 0 (0)                     ; 0 (0)         ; 0           ; 0    ; 0          ; 0            ; 0       ; 0         ; 0    ; 0            ; 2 (1)        ; 0 (0)             ; 0 (0)            ; 0          ; |funcao|multiplicador:mt01|somador16bits:s_l1_2|eightbitsadder:s1|fourbitsadder:addr1|fulladder:addr3                                                 ; fulladder               ; work         ;
;                   |halfadder:halfadder2|          ; 1 (1)       ; 0 (0)                     ; 0 (0)         ; 0           ; 0    ; 0          ; 0            ; 0       ; 0         ; 0    ; 0            ; 1 (1)        ; 0 (0)             ; 0 (0)            ; 0          ; |funcao|multiplicador:mt01|somador16bits:s_l1_2|eightbitsadder:s1|fourbitsadder:addr1|fulladder:addr3|halfadder:halfadder2                            ; halfadder               ; work         ;
;          |eightbitsadder:s2|                      ; 6 (0)       ; 0 (0)                     ; 0 (0)         ; 0           ; 0    ; 0          ; 0            ; 0       ; 0         ; 0    ; 0            ; 6 (0)        ; 0 (0)             ; 0 (0)            ; 0          ; |funcao|multiplicador:mt01|somador16bits:s_l1_2|eightbitsadder:s2                                                                                     ; eightbitsadder          ; work         ;
;             |fourbitsadder:addr0|                 ; 6 (0)       ; 0 (0)                     ; 0 (0)         ; 0           ; 0    ; 0          ; 0            ; 0       ; 0         ; 0    ; 0            ; 6 (0)        ; 0 (0)             ; 0 (0)            ; 0          ; |funcao|multiplicador:mt01|somador16bits:s_l1_2|eightbitsadder:s2|fourbitsadder:addr0                                                                 ; fourbitsadder           ; work         ;
;                |fulladder:addr0|                  ; 2 (1)       ; 0 (0)                     ; 0 (0)         ; 0           ; 0    ; 0          ; 0            ; 0       ; 0         ; 0    ; 0            ; 2 (1)        ; 0 (0)             ; 0 (0)            ; 0          ; |funcao|multiplicador:mt01|somador16bits:s_l1_2|eightbitsadder:s2|fourbitsadder:addr0|fulladder:addr0                                                 ; fulladder               ; work         ;
;                   |halfadder:halfadder1|          ; 1 (1)       ; 0 (0)                     ; 0 (0)         ; 0           ; 0    ; 0          ; 0            ; 0       ; 0         ; 0    ; 0            ; 1 (1)        ; 0 (0)             ; 0 (0)            ; 0          ; |funcao|multiplicador:mt01|somador16bits:s_l1_2|eightbitsadder:s2|fourbitsadder:addr0|fulladder:addr0|halfadder:halfadder1                            ; halfadder               ; work         ;
;                |fulladder:addr1|                  ; 2 (1)       ; 0 (0)                     ; 0 (0)         ; 0           ; 0    ; 0          ; 0            ; 0       ; 0         ; 0    ; 0            ; 2 (1)        ; 0 (0)             ; 0 (0)            ; 0          ; |funcao|multiplicador:mt01|somador16bits:s_l1_2|eightbitsadder:s2|fourbitsadder:addr0|fulladder:addr1                                                 ; fulladder               ; work         ;
;                   |halfadder:halfadder1|          ; 1 (1)       ; 0 (0)                     ; 0 (0)         ; 0           ; 0    ; 0          ; 0            ; 0       ; 0         ; 0    ; 0            ; 1 (1)        ; 0 (0)             ; 0 (0)            ; 0          ; |funcao|multiplicador:mt01|somador16bits:s_l1_2|eightbitsadder:s2|fourbitsadder:addr0|fulladder:addr1|halfadder:halfadder1                            ; halfadder               ; work         ;
;                |fulladder:addr2|                  ; 2 (1)       ; 0 (0)                     ; 0 (0)         ; 0           ; 0    ; 0          ; 0            ; 0       ; 0         ; 0    ; 0            ; 2 (1)        ; 0 (0)             ; 0 (0)            ; 0          ; |funcao|multiplicador:mt01|somador16bits:s_l1_2|eightbitsadder:s2|fourbitsadder:addr0|fulladder:addr2                                                 ; fulladder               ; work         ;
;                   |halfadder:halfadder1|          ; 1 (1)       ; 0 (0)                     ; 0 (0)         ; 0           ; 0    ; 0          ; 0            ; 0       ; 0         ; 0    ; 0            ; 1 (1)        ; 0 (0)             ; 0 (0)            ; 0          ; |funcao|multiplicador:mt01|somador16bits:s_l1_2|eightbitsadder:s2|fourbitsadder:addr0|fulladder:addr2|halfadder:halfadder1                            ; halfadder               ; work         ;
;       |somador16bits:s_l2_0|                      ; 15 (0)      ; 0 (0)                     ; 0 (0)         ; 0           ; 0    ; 0          ; 0            ; 0       ; 0         ; 0    ; 0            ; 15 (0)       ; 0 (0)             ; 0 (0)            ; 0          ; |funcao|multiplicador:mt01|somador16bits:s_l2_0                                                                                                       ; somador16bits           ; work         ;
;          |eightbitsadder:s1|                      ; 11 (0)      ; 0 (0)                     ; 0 (0)         ; 0           ; 0    ; 0          ; 0            ; 0       ; 0         ; 0    ; 0            ; 11 (0)       ; 0 (0)             ; 0 (0)            ; 0          ; |funcao|multiplicador:mt01|somador16bits:s_l2_0|eightbitsadder:s1                                                                                     ; eightbitsadder          ; work         ;
;             |fourbitsadder:addr0|                 ; 3 (0)       ; 0 (0)                     ; 0 (0)         ; 0           ; 0    ; 0          ; 0            ; 0       ; 0         ; 0    ; 0            ; 3 (0)        ; 0 (0)             ; 0 (0)            ; 0          ; |funcao|multiplicador:mt01|somador16bits:s_l2_0|eightbitsadder:s1|fourbitsadder:addr0                                                                 ; fourbitsadder           ; work         ;
;                |fulladder:addr2|                  ; 1 (0)       ; 0 (0)                     ; 0 (0)         ; 0           ; 0    ; 0          ; 0            ; 0       ; 0         ; 0    ; 0            ; 1 (0)        ; 0 (0)             ; 0 (0)            ; 0          ; |funcao|multiplicador:mt01|somador16bits:s_l2_0|eightbitsadder:s1|fourbitsadder:addr0|fulladder:addr2                                                 ; fulladder               ; work         ;
;                   |halfadder:halfadder1|          ; 1 (1)       ; 0 (0)                     ; 0 (0)         ; 0           ; 0    ; 0          ; 0            ; 0       ; 0         ; 0    ; 0            ; 1 (1)        ; 0 (0)             ; 0 (0)            ; 0          ; |funcao|multiplicador:mt01|somador16bits:s_l2_0|eightbitsadder:s1|fourbitsadder:addr0|fulladder:addr2|halfadder:halfadder1                            ; halfadder               ; work         ;
;                |fulladder:addr3|                  ; 2 (1)       ; 0 (0)                     ; 0 (0)         ; 0           ; 0    ; 0          ; 0            ; 0       ; 0         ; 0    ; 0            ; 2 (1)        ; 0 (0)             ; 0 (0)            ; 0          ; |funcao|multiplicador:mt01|somador16bits:s_l2_0|eightbitsadder:s1|fourbitsadder:addr0|fulladder:addr3                                                 ; fulladder               ; work         ;
;                   |halfadder:halfadder2|          ; 1 (1)       ; 0 (0)                     ; 0 (0)         ; 0           ; 0    ; 0          ; 0            ; 0       ; 0         ; 0    ; 0            ; 1 (1)        ; 0 (0)             ; 0 (0)            ; 0          ; |funcao|multiplicador:mt01|somador16bits:s_l2_0|eightbitsadder:s1|fourbitsadder:addr0|fulladder:addr3|halfadder:halfadder2                            ; halfadder               ; work         ;
;             |fourbitsadder:addr1|                 ; 8 (0)       ; 0 (0)                     ; 0 (0)         ; 0           ; 0    ; 0          ; 0            ; 0       ; 0         ; 0    ; 0            ; 8 (0)        ; 0 (0)             ; 0 (0)            ; 0          ; |funcao|multiplicador:mt01|somador16bits:s_l2_0|eightbitsadder:s1|fourbitsadder:addr1                                                                 ; fourbitsadder           ; work         ;
;                |fulladder:addr0|                  ; 2 (1)       ; 0 (0)                     ; 0 (0)         ; 0           ; 0    ; 0          ; 0            ; 0       ; 0         ; 0    ; 0            ; 2 (1)        ; 0 (0)             ; 0 (0)            ; 0          ; |funcao|multiplicador:mt01|somador16bits:s_l2_0|eightbitsadder:s1|fourbitsadder:addr1|fulladder:addr0                                                 ; fulladder               ; work         ;
;                   |halfadder:halfadder2|          ; 1 (1)       ; 0 (0)                     ; 0 (0)         ; 0           ; 0    ; 0          ; 0            ; 0       ; 0         ; 0    ; 0            ; 1 (1)        ; 0 (0)             ; 0 (0)            ; 0          ; |funcao|multiplicador:mt01|somador16bits:s_l2_0|eightbitsadder:s1|fourbitsadder:addr1|fulladder:addr0|halfadder:halfadder2                            ; halfadder               ; work         ;
;                |fulladder:addr1|                  ; 2 (1)       ; 0 (0)                     ; 0 (0)         ; 0           ; 0    ; 0          ; 0            ; 0       ; 0         ; 0    ; 0            ; 2 (1)        ; 0 (0)             ; 0 (0)            ; 0          ; |funcao|multiplicador:mt01|somador16bits:s_l2_0|eightbitsadder:s1|fourbitsadder:addr1|fulladder:addr1                                                 ; fulladder               ; work         ;
;                   |halfadder:halfadder2|          ; 1 (1)       ; 0 (0)                     ; 0 (0)         ; 0           ; 0    ; 0          ; 0            ; 0       ; 0         ; 0    ; 0            ; 1 (1)        ; 0 (0)             ; 0 (0)            ; 0          ; |funcao|multiplicador:mt01|somador16bits:s_l2_0|eightbitsadder:s1|fourbitsadder:addr1|fulladder:addr1|halfadder:halfadder2                            ; halfadder               ; work         ;
;                |fulladder:addr2|                  ; 2 (1)       ; 0 (0)                     ; 0 (0)         ; 0           ; 0    ; 0          ; 0            ; 0       ; 0         ; 0    ; 0            ; 2 (1)        ; 0 (0)             ; 0 (0)            ; 0          ; |funcao|multiplicador:mt01|somador16bits:s_l2_0|eightbitsadder:s1|fourbitsadder:addr1|fulladder:addr2                                                 ; fulladder               ; work         ;
;                   |halfadder:halfadder2|          ; 1 (1)       ; 0 (0)                     ; 0 (0)         ; 0           ; 0    ; 0          ; 0            ; 0       ; 0         ; 0    ; 0            ; 1 (1)        ; 0 (0)             ; 0 (0)            ; 0          ; |funcao|multiplicador:mt01|somador16bits:s_l2_0|eightbitsadder:s1|fourbitsadder:addr1|fulladder:addr2|halfadder:halfadder2                            ; halfadder               ; work         ;
;                |fulladder:addr3|                  ; 2 (1)       ; 0 (0)                     ; 0 (0)         ; 0           ; 0    ; 0          ; 0            ; 0       ; 0         ; 0    ; 0            ; 2 (1)        ; 0 (0)             ; 0 (0)            ; 0          ; |funcao|multiplicador:mt01|somador16bits:s_l2_0|eightbitsadder:s1|fourbitsadder:addr1|fulladder:addr3                                                 ; fulladder               ; work         ;
;                   |halfadder:halfadder2|          ; 1 (1)       ; 0 (0)                     ; 0 (0)         ; 0           ; 0    ; 0          ; 0            ; 0       ; 0         ; 0    ; 0            ; 1 (1)        ; 0 (0)             ; 0 (0)            ; 0          ; |funcao|multiplicador:mt01|somador16bits:s_l2_0|eightbitsadder:s1|fourbitsadder:addr1|fulladder:addr3|halfadder:halfadder2                            ; halfadder               ; work         ;
;          |eightbitsadder:s2|                      ; 4 (0)       ; 0 (0)                     ; 0 (0)         ; 0           ; 0    ; 0          ; 0            ; 0       ; 0         ; 0    ; 0            ; 4 (0)        ; 0 (0)             ; 0 (0)            ; 0          ; |funcao|multiplicador:mt01|somador16bits:s_l2_0|eightbitsadder:s2                                                                                     ; eightbitsadder          ; work         ;
;             |fourbitsadder:addr0|                 ; 4 (0)       ; 0 (0)                     ; 0 (0)         ; 0           ; 0    ; 0          ; 0            ; 0       ; 0         ; 0    ; 0            ; 4 (0)        ; 0 (0)             ; 0 (0)            ; 0          ; |funcao|multiplicador:mt01|somador16bits:s_l2_0|eightbitsadder:s2|fourbitsadder:addr0                                                                 ; fourbitsadder           ; work         ;
;                |fulladder:addr0|                  ; 2 (1)       ; 0 (0)                     ; 0 (0)         ; 0           ; 0    ; 0          ; 0            ; 0       ; 0         ; 0    ; 0            ; 2 (1)        ; 0 (0)             ; 0 (0)            ; 0          ; |funcao|multiplicador:mt01|somador16bits:s_l2_0|eightbitsadder:s2|fourbitsadder:addr0|fulladder:addr0                                                 ; fulladder               ; work         ;
;                   |halfadder:halfadder2|          ; 1 (1)       ; 0 (0)                     ; 0 (0)         ; 0           ; 0    ; 0          ; 0            ; 0       ; 0         ; 0    ; 0            ; 1 (1)        ; 0 (0)             ; 0 (0)            ; 0          ; |funcao|multiplicador:mt01|somador16bits:s_l2_0|eightbitsadder:s2|fourbitsadder:addr0|fulladder:addr0|halfadder:halfadder2                            ; halfadder               ; work         ;
;                |fulladder:addr1|                  ; 1 (0)       ; 0 (0)                     ; 0 (0)         ; 0           ; 0    ; 0          ; 0            ; 0       ; 0         ; 0    ; 0            ; 1 (0)        ; 0 (0)             ; 0 (0)            ; 0          ; |funcao|multiplicador:mt01|somador16bits:s_l2_0|eightbitsadder:s2|fourbitsadder:addr0|fulladder:addr1                                                 ; fulladder               ; work         ;
;                   |halfadder:halfadder2|          ; 1 (1)       ; 0 (0)                     ; 0 (0)         ; 0           ; 0    ; 0          ; 0            ; 0       ; 0         ; 0    ; 0            ; 1 (1)        ; 0 (0)             ; 0 (0)            ; 0          ; |funcao|multiplicador:mt01|somador16bits:s_l2_0|eightbitsadder:s2|fourbitsadder:addr0|fulladder:addr1|halfadder:halfadder2                            ; halfadder               ; work         ;
;                |fulladder:addr2|                  ; 1 (0)       ; 0 (0)                     ; 0 (0)         ; 0           ; 0    ; 0          ; 0            ; 0       ; 0         ; 0    ; 0            ; 1 (0)        ; 0 (0)             ; 0 (0)            ; 0          ; |funcao|multiplicador:mt01|somador16bits:s_l2_0|eightbitsadder:s2|fourbitsadder:addr0|fulladder:addr2                                                 ; fulladder               ; work         ;
;                   |halfadder:halfadder2|          ; 1 (1)       ; 0 (0)                     ; 0 (0)         ; 0           ; 0    ; 0          ; 0            ; 0       ; 0         ; 0    ; 0            ; 1 (1)        ; 0 (0)             ; 0 (0)            ; 0          ; |funcao|multiplicador:mt01|somador16bits:s_l2_0|eightbitsadder:s2|fourbitsadder:addr0|fulladder:addr2|halfadder:halfadder2                            ; halfadder               ; work         ;
;       |somador16bits:s_l2_1|                      ; 10 (0)      ; 0 (0)                     ; 0 (0)         ; 0           ; 0    ; 0          ; 0            ; 0       ; 0         ; 0    ; 0            ; 10 (0)       ; 0 (0)             ; 0 (0)            ; 0          ; |funcao|multiplicador:mt01|somador16bits:s_l2_1                                                                                                       ; somador16bits           ; work         ;
;          |eightbitsadder:s1|                      ; 1 (0)       ; 0 (0)                     ; 0 (0)         ; 0           ; 0    ; 0          ; 0            ; 0       ; 0         ; 0    ; 0            ; 1 (0)        ; 0 (0)             ; 0 (0)            ; 0          ; |funcao|multiplicador:mt01|somador16bits:s_l2_1|eightbitsadder:s1                                                                                     ; eightbitsadder          ; work         ;
;             |fourbitsadder:addr1|                 ; 1 (0)       ; 0 (0)                     ; 0 (0)         ; 0           ; 0    ; 0          ; 0            ; 0       ; 0         ; 0    ; 0            ; 1 (0)        ; 0 (0)             ; 0 (0)            ; 0          ; |funcao|multiplicador:mt01|somador16bits:s_l2_1|eightbitsadder:s1|fourbitsadder:addr1                                                                 ; fourbitsadder           ; work         ;
;                |fulladder:addr3|                  ; 1 (1)       ; 0 (0)                     ; 0 (0)         ; 0           ; 0    ; 0          ; 0            ; 0       ; 0         ; 0    ; 0            ; 1 (1)        ; 0 (0)             ; 0 (0)            ; 0          ; |funcao|multiplicador:mt01|somador16bits:s_l2_1|eightbitsadder:s1|fourbitsadder:addr1|fulladder:addr3                                                 ; fulladder               ; work         ;
;          |eightbitsadder:s2|                      ; 9 (0)       ; 0 (0)                     ; 0 (0)         ; 0           ; 0    ; 0          ; 0            ; 0       ; 0         ; 0    ; 0            ; 9 (0)        ; 0 (0)             ; 0 (0)            ; 0          ; |funcao|multiplicador:mt01|somador16bits:s_l2_1|eightbitsadder:s2                                                                                     ; eightbitsadder          ; work         ;
;             |fourbitsadder:addr0|                 ; 7 (0)       ; 0 (0)                     ; 0 (0)         ; 0           ; 0    ; 0          ; 0            ; 0       ; 0         ; 0    ; 0            ; 7 (0)        ; 0 (0)             ; 0 (0)            ; 0          ; |funcao|multiplicador:mt01|somador16bits:s_l2_1|eightbitsadder:s2|fourbitsadder:addr0                                                                 ; fourbitsadder           ; work         ;
;                |fulladder:addr0|                  ; 2 (1)       ; 0 (0)                     ; 0 (0)         ; 0           ; 0    ; 0          ; 0            ; 0       ; 0         ; 0    ; 0            ; 2 (1)        ; 0 (0)             ; 0 (0)            ; 0          ; |funcao|multiplicador:mt01|somador16bits:s_l2_1|eightbitsadder:s2|fourbitsadder:addr0|fulladder:addr0                                                 ; fulladder               ; work         ;
;                   |halfadder:halfadder1|          ; 1 (1)       ; 0 (0)                     ; 0 (0)         ; 0           ; 0    ; 0          ; 0            ; 0       ; 0         ; 0    ; 0            ; 1 (1)        ; 0 (0)             ; 0 (0)            ; 0          ; |funcao|multiplicador:mt01|somador16bits:s_l2_1|eightbitsadder:s2|fourbitsadder:addr0|fulladder:addr0|halfadder:halfadder1                            ; halfadder               ; work         ;
;                |fulladder:addr1|                  ; 2 (1)       ; 0 (0)                     ; 0 (0)         ; 0           ; 0    ; 0          ; 0            ; 0       ; 0         ; 0    ; 0            ; 2 (1)        ; 0 (0)             ; 0 (0)            ; 0          ; |funcao|multiplicador:mt01|somador16bits:s_l2_1|eightbitsadder:s2|fourbitsadder:addr0|fulladder:addr1                                                 ; fulladder               ; work         ;
;                   |halfadder:halfadder1|          ; 1 (1)       ; 0 (0)                     ; 0 (0)         ; 0           ; 0    ; 0          ; 0            ; 0       ; 0         ; 0    ; 0            ; 1 (1)        ; 0 (0)             ; 0 (0)            ; 0          ; |funcao|multiplicador:mt01|somador16bits:s_l2_1|eightbitsadder:s2|fourbitsadder:addr0|fulladder:addr1|halfadder:halfadder1                            ; halfadder               ; work         ;
;                |fulladder:addr2|                  ; 2 (1)       ; 0 (0)                     ; 0 (0)         ; 0           ; 0    ; 0          ; 0            ; 0       ; 0         ; 0    ; 0            ; 2 (1)        ; 0 (0)             ; 0 (0)            ; 0          ; |funcao|multiplicador:mt01|somador16bits:s_l2_1|eightbitsadder:s2|fourbitsadder:addr0|fulladder:addr2                                                 ; fulladder               ; work         ;
;                   |halfadder:halfadder1|          ; 1 (1)       ; 0 (0)                     ; 0 (0)         ; 0           ; 0    ; 0          ; 0            ; 0       ; 0         ; 0    ; 0            ; 1 (1)        ; 0 (0)             ; 0 (0)            ; 0          ; |funcao|multiplicador:mt01|somador16bits:s_l2_1|eightbitsadder:s2|fourbitsadder:addr0|fulladder:addr2|halfadder:halfadder1                            ; halfadder               ; work         ;
;                |fulladder:addr3|                  ; 1 (1)       ; 0 (0)                     ; 0 (0)         ; 0           ; 0    ; 0          ; 0            ; 0       ; 0         ; 0    ; 0            ; 1 (1)        ; 0 (0)             ; 0 (0)            ; 0          ; |funcao|multiplicador:mt01|somador16bits:s_l2_1|eightbitsadder:s2|fourbitsadder:addr0|fulladder:addr3                                                 ; fulladder               ; work         ;
;             |fourbitsadder:addr1|                 ; 2 (0)       ; 0 (0)                     ; 0 (0)         ; 0           ; 0    ; 0          ; 0            ; 0       ; 0         ; 0    ; 0            ; 2 (0)        ; 0 (0)             ; 0 (0)            ; 0          ; |funcao|multiplicador:mt01|somador16bits:s_l2_1|eightbitsadder:s2|fourbitsadder:addr1                                                                 ; fourbitsadder           ; work         ;
;                |fulladder:addr0|                  ; 2 (1)       ; 0 (0)                     ; 0 (0)         ; 0           ; 0    ; 0          ; 0            ; 0       ; 0         ; 0    ; 0            ; 2 (1)        ; 0 (0)             ; 0 (0)            ; 0          ; |funcao|multiplicador:mt01|somador16bits:s_l2_1|eightbitsadder:s2|fourbitsadder:addr1|fulladder:addr0                                                 ; fulladder               ; work         ;
;                   |halfadder:halfadder2|          ; 1 (1)       ; 0 (0)                     ; 0 (0)         ; 0           ; 0    ; 0          ; 0            ; 0       ; 0         ; 0    ; 0            ; 1 (1)        ; 0 (0)             ; 0 (0)            ; 0          ; |funcao|multiplicador:mt01|somador16bits:s_l2_1|eightbitsadder:s2|fourbitsadder:addr1|fulladder:addr0|halfadder:halfadder2                            ; halfadder               ; work         ;
;    |multiplicador:mt02|                           ; 103 (34)    ; 0 (0)                     ; 0 (0)         ; 0           ; 0    ; 0          ; 0            ; 0       ; 0         ; 0    ; 0            ; 103 (34)     ; 0 (0)             ; 0 (0)            ; 0          ; |funcao|multiplicador:mt02                                                                                                                            ; multiplicador           ; work         ;
;       |somador16bits:s_final|                     ; 12 (0)      ; 0 (0)                     ; 0 (0)         ; 0           ; 0    ; 0          ; 0            ; 0       ; 0         ; 0    ; 0            ; 12 (0)       ; 0 (0)             ; 0 (0)            ; 0          ; |funcao|multiplicador:mt02|somador16bits:s_final                                                                                                      ; somador16bits           ; work         ;
;          |eightbitsadder:s1|                      ; 3 (0)       ; 0 (0)                     ; 0 (0)         ; 0           ; 0    ; 0          ; 0            ; 0       ; 0         ; 0    ; 0            ; 3 (0)        ; 0 (0)             ; 0 (0)            ; 0          ; |funcao|multiplicador:mt02|somador16bits:s_final|eightbitsadder:s1                                                                                    ; eightbitsadder          ; work         ;
;             |fourbitsadder:addr1|                 ; 3 (0)       ; 0 (0)                     ; 0 (0)         ; 0           ; 0    ; 0          ; 0            ; 0       ; 0         ; 0    ; 0            ; 3 (0)        ; 0 (0)             ; 0 (0)            ; 0          ; |funcao|multiplicador:mt02|somador16bits:s_final|eightbitsadder:s1|fourbitsadder:addr1                                                                ; fourbitsadder           ; work         ;
;                |fulladder:addr1|                  ; 1 (1)       ; 0 (0)                     ; 0 (0)         ; 0           ; 0    ; 0          ; 0            ; 0       ; 0         ; 0    ; 0            ; 1 (1)        ; 0 (0)             ; 0 (0)            ; 0          ; |funcao|multiplicador:mt02|somador16bits:s_final|eightbitsadder:s1|fourbitsadder:addr1|fulladder:addr1                                                ; fulladder               ; work         ;
;                |fulladder:addr2|                  ; 1 (1)       ; 0 (0)                     ; 0 (0)         ; 0           ; 0    ; 0          ; 0            ; 0       ; 0         ; 0    ; 0            ; 1 (1)        ; 0 (0)             ; 0 (0)            ; 0          ; |funcao|multiplicador:mt02|somador16bits:s_final|eightbitsadder:s1|fourbitsadder:addr1|fulladder:addr2                                                ; fulladder               ; work         ;
;                |fulladder:addr3|                  ; 1 (1)       ; 0 (0)                     ; 0 (0)         ; 0           ; 0    ; 0          ; 0            ; 0       ; 0         ; 0    ; 0            ; 1 (1)        ; 0 (0)             ; 0 (0)            ; 0          ; |funcao|multiplicador:mt02|somador16bits:s_final|eightbitsadder:s1|fourbitsadder:addr1|fulladder:addr3                                                ; fulladder               ; work         ;
;          |eightbitsadder:s2|                      ; 9 (0)       ; 0 (0)                     ; 0 (0)         ; 0           ; 0    ; 0          ; 0            ; 0       ; 0         ; 0    ; 0            ; 9 (0)        ; 0 (0)             ; 0 (0)            ; 0          ; |funcao|multiplicador:mt02|somador16bits:s_final|eightbitsadder:s2                                                                                    ; eightbitsadder          ; work         ;
;             |fourbitsadder:addr0|                 ; 7 (0)       ; 0 (0)                     ; 0 (0)         ; 0           ; 0    ; 0          ; 0            ; 0       ; 0         ; 0    ; 0            ; 7 (0)        ; 0 (0)             ; 0 (0)            ; 0          ; |funcao|multiplicador:mt02|somador16bits:s_final|eightbitsadder:s2|fourbitsadder:addr0                                                                ; fourbitsadder           ; work         ;
;                |fulladder:addr0|                  ; 2 (1)       ; 0 (0)                     ; 0 (0)         ; 0           ; 0    ; 0          ; 0            ; 0       ; 0         ; 0    ; 0            ; 2 (1)        ; 0 (0)             ; 0 (0)            ; 0          ; |funcao|multiplicador:mt02|somador16bits:s_final|eightbitsadder:s2|fourbitsadder:addr0|fulladder:addr0                                                ; fulladder               ; work         ;
;                   |halfadder:halfadder2|          ; 1 (1)       ; 0 (0)                     ; 0 (0)         ; 0           ; 0    ; 0          ; 0            ; 0       ; 0         ; 0    ; 0            ; 1 (1)        ; 0 (0)             ; 0 (0)            ; 0          ; |funcao|multiplicador:mt02|somador16bits:s_final|eightbitsadder:s2|fourbitsadder:addr0|fulladder:addr0|halfadder:halfadder2                           ; halfadder               ; work         ;
;                |fulladder:addr1|                  ; 2 (1)       ; 0 (0)                     ; 0 (0)         ; 0           ; 0    ; 0          ; 0            ; 0       ; 0         ; 0    ; 0            ; 2 (1)        ; 0 (0)             ; 0 (0)            ; 0          ; |funcao|multiplicador:mt02|somador16bits:s_final|eightbitsadder:s2|fourbitsadder:addr0|fulladder:addr1                                                ; fulladder               ; work         ;
;                   |halfadder:halfadder2|          ; 1 (1)       ; 0 (0)                     ; 0 (0)         ; 0           ; 0    ; 0          ; 0            ; 0       ; 0         ; 0    ; 0            ; 1 (1)        ; 0 (0)             ; 0 (0)            ; 0          ; |funcao|multiplicador:mt02|somador16bits:s_final|eightbitsadder:s2|fourbitsadder:addr0|fulladder:addr1|halfadder:halfadder2                           ; halfadder               ; work         ;
;                |fulladder:addr2|                  ; 2 (1)       ; 0 (0)                     ; 0 (0)         ; 0           ; 0    ; 0          ; 0            ; 0       ; 0         ; 0    ; 0            ; 2 (1)        ; 0 (0)             ; 0 (0)            ; 0          ; |funcao|multiplicador:mt02|somador16bits:s_final|eightbitsadder:s2|fourbitsadder:addr0|fulladder:addr2                                                ; fulladder               ; work         ;
;                   |halfadder:halfadder1|          ; 1 (1)       ; 0 (0)                     ; 0 (0)         ; 0           ; 0    ; 0          ; 0            ; 0       ; 0         ; 0    ; 0            ; 1 (1)        ; 0 (0)             ; 0 (0)            ; 0          ; |funcao|multiplicador:mt02|somador16bits:s_final|eightbitsadder:s2|fourbitsadder:addr0|fulladder:addr2|halfadder:halfadder1                           ; halfadder               ; work         ;
;                |fulladder:addr3|                  ; 1 (1)       ; 0 (0)                     ; 0 (0)         ; 0           ; 0    ; 0          ; 0            ; 0       ; 0         ; 0    ; 0            ; 1 (1)        ; 0 (0)             ; 0 (0)            ; 0          ; |funcao|multiplicador:mt02|somador16bits:s_final|eightbitsadder:s2|fourbitsadder:addr0|fulladder:addr3                                                ; fulladder               ; work         ;
;             |fourbitsadder:addr1|                 ; 2 (0)       ; 0 (0)                     ; 0 (0)         ; 0           ; 0    ; 0          ; 0            ; 0       ; 0         ; 0    ; 0            ; 2 (0)        ; 0 (0)             ; 0 (0)            ; 0          ; |funcao|multiplicador:mt02|somador16bits:s_final|eightbitsadder:s2|fourbitsadder:addr1                                                                ; fourbitsadder           ; work         ;
;                |fulladder:addr0|                  ; 1 (0)       ; 0 (0)                     ; 0 (0)         ; 0           ; 0    ; 0          ; 0            ; 0       ; 0         ; 0    ; 0            ; 1 (0)        ; 0 (0)             ; 0 (0)            ; 0          ; |funcao|multiplicador:mt02|somador16bits:s_final|eightbitsadder:s2|fourbitsadder:addr1|fulladder:addr0                                                ; fulladder               ; work         ;
;                   |halfadder:halfadder2|          ; 1 (1)       ; 0 (0)                     ; 0 (0)         ; 0           ; 0    ; 0          ; 0            ; 0       ; 0         ; 0    ; 0            ; 1 (1)        ; 0 (0)             ; 0 (0)            ; 0          ; |funcao|multiplicador:mt02|somador16bits:s_final|eightbitsadder:s2|fourbitsadder:addr1|fulladder:addr0|halfadder:halfadder2                           ; halfadder               ; work         ;
;                |fulladder:addr1|                  ; 1 (0)       ; 0 (0)                     ; 0 (0)         ; 0           ; 0    ; 0          ; 0            ; 0       ; 0         ; 0    ; 0            ; 1 (0)        ; 0 (0)             ; 0 (0)            ; 0          ; |funcao|multiplicador:mt02|somador16bits:s_final|eightbitsadder:s2|fourbitsadder:addr1|fulladder:addr1                                                ; fulladder               ; work         ;
;                   |halfadder:halfadder2|          ; 1 (1)       ; 0 (0)                     ; 0 (0)         ; 0           ; 0    ; 0          ; 0            ; 0       ; 0         ; 0    ; 0            ; 1 (1)        ; 0 (0)             ; 0 (0)            ; 0          ; |funcao|multiplicador:mt02|somador16bits:s_final|eightbitsadder:s2|fourbitsadder:addr1|fulladder:addr1|halfadder:halfadder2                           ; halfadder               ; work         ;
;       |somador16bits:s_l1_1|                      ; 6 (0)       ; 0 (0)                     ; 0 (0)         ; 0           ; 0    ; 0          ; 0            ; 0       ; 0         ; 0    ; 0            ; 6 (0)        ; 0 (0)             ; 0 (0)            ; 0          ; |funcao|multiplicador:mt02|somador16bits:s_l1_1                                                                                                       ; somador16bits           ; work         ;
;          |eightbitsadder:s1|                      ; 5 (0)       ; 0 (0)                     ; 0 (0)         ; 0           ; 0    ; 0          ; 0            ; 0       ; 0         ; 0    ; 0            ; 5 (0)        ; 0 (0)             ; 0 (0)            ; 0          ; |funcao|multiplicador:mt02|somador16bits:s_l1_1|eightbitsadder:s1                                                                                     ; eightbitsadder          ; work         ;
;             |fourbitsadder:addr0|                 ; 1 (0)       ; 0 (0)                     ; 0 (0)         ; 0           ; 0    ; 0          ; 0            ; 0       ; 0         ; 0    ; 0            ; 1 (0)        ; 0 (0)             ; 0 (0)            ; 0          ; |funcao|multiplicador:mt02|somador16bits:s_l1_1|eightbitsadder:s1|fourbitsadder:addr0                                                                 ; fourbitsadder           ; work         ;
;                |fulladder:addr3|                  ; 1 (0)       ; 0 (0)                     ; 0 (0)         ; 0           ; 0    ; 0          ; 0            ; 0       ; 0         ; 0    ; 0            ; 1 (0)        ; 0 (0)             ; 0 (0)            ; 0          ; |funcao|multiplicador:mt02|somador16bits:s_l1_1|eightbitsadder:s1|fourbitsadder:addr0|fulladder:addr3                                                 ; fulladder               ; work         ;
;                   |halfadder:halfadder1|          ; 1 (1)       ; 0 (0)                     ; 0 (0)         ; 0           ; 0    ; 0          ; 0            ; 0       ; 0         ; 0    ; 0            ; 1 (1)        ; 0 (0)             ; 0 (0)            ; 0          ; |funcao|multiplicador:mt02|somador16bits:s_l1_1|eightbitsadder:s1|fourbitsadder:addr0|fulladder:addr3|halfadder:halfadder1                            ; halfadder               ; work         ;
;             |fourbitsadder:addr1|                 ; 4 (0)       ; 0 (0)                     ; 0 (0)         ; 0           ; 0    ; 0          ; 0            ; 0       ; 0         ; 0    ; 0            ; 4 (0)        ; 0 (0)             ; 0 (0)            ; 0          ; |funcao|multiplicador:mt02|somador16bits:s_l1_1|eightbitsadder:s1|fourbitsadder:addr1                                                                 ; fourbitsadder           ; work         ;
;                |fulladder:addr1|                  ; 1 (1)       ; 0 (0)                     ; 0 (0)         ; 0           ; 0    ; 0          ; 0            ; 0       ; 0         ; 0    ; 0            ; 1 (1)        ; 0 (0)             ; 0 (0)            ; 0          ; |funcao|multiplicador:mt02|somador16bits:s_l1_1|eightbitsadder:s1|fourbitsadder:addr1|fulladder:addr1                                                 ; fulladder               ; work         ;
;                |fulladder:addr2|                  ; 2 (1)       ; 0 (0)                     ; 0 (0)         ; 0           ; 0    ; 0          ; 0            ; 0       ; 0         ; 0    ; 0            ; 2 (1)        ; 0 (0)             ; 0 (0)            ; 0          ; |funcao|multiplicador:mt02|somador16bits:s_l1_1|eightbitsadder:s1|fourbitsadder:addr1|fulladder:addr2                                                 ; fulladder               ; work         ;
;                   |halfadder:halfadder1|          ; 1 (1)       ; 0 (0)                     ; 0 (0)         ; 0           ; 0    ; 0          ; 0            ; 0       ; 0         ; 0    ; 0            ; 1 (1)        ; 0 (0)             ; 0 (0)            ; 0          ; |funcao|multiplicador:mt02|somador16bits:s_l1_1|eightbitsadder:s1|fourbitsadder:addr1|fulladder:addr2|halfadder:halfadder1                            ; halfadder               ; work         ;
;                |fulladder:addr3|                  ; 1 (1)       ; 0 (0)                     ; 0 (0)         ; 0           ; 0    ; 0          ; 0            ; 0       ; 0         ; 0    ; 0            ; 1 (1)        ; 0 (0)             ; 0 (0)            ; 0          ; |funcao|multiplicador:mt02|somador16bits:s_l1_1|eightbitsadder:s1|fourbitsadder:addr1|fulladder:addr3                                                 ; fulladder               ; work         ;
;          |eightbitsadder:s2|                      ; 1 (0)       ; 0 (0)                     ; 0 (0)         ; 0           ; 0    ; 0          ; 0            ; 0       ; 0         ; 0    ; 0            ; 1 (0)        ; 0 (0)             ; 0 (0)            ; 0          ; |funcao|multiplicador:mt02|somador16bits:s_l1_1|eightbitsadder:s2                                                                                     ; eightbitsadder          ; work         ;
;             |fourbitsadder:addr0|                 ; 1 (0)       ; 0 (0)                     ; 0 (0)         ; 0           ; 0    ; 0          ; 0            ; 0       ; 0         ; 0    ; 0            ; 1 (0)        ; 0 (0)             ; 0 (0)            ; 0          ; |funcao|multiplicador:mt02|somador16bits:s_l1_1|eightbitsadder:s2|fourbitsadder:addr0                                                                 ; fourbitsadder           ; work         ;
;                |fulladder:addr0|                  ; 1 (1)       ; 0 (0)                     ; 0 (0)         ; 0           ; 0    ; 0          ; 0            ; 0       ; 0         ; 0    ; 0            ; 1 (1)        ; 0 (0)             ; 0 (0)            ; 0          ; |funcao|multiplicador:mt02|somador16bits:s_l1_1|eightbitsadder:s2|fourbitsadder:addr0|fulladder:addr0                                                 ; fulladder               ; work         ;
;       |somador16bits:s_l1_2|                      ; 13 (0)      ; 0 (0)                     ; 0 (0)         ; 0           ; 0    ; 0          ; 0            ; 0       ; 0         ; 0    ; 0            ; 13 (0)       ; 0 (0)             ; 0 (0)            ; 0          ; |funcao|multiplicador:mt02|somador16bits:s_l1_2                                                                                                       ; somador16bits           ; work         ;
;          |eightbitsadder:s1|                      ; 5 (0)       ; 0 (0)                     ; 0 (0)         ; 0           ; 0    ; 0          ; 0            ; 0       ; 0         ; 0    ; 0            ; 5 (0)        ; 0 (0)             ; 0 (0)            ; 0          ; |funcao|multiplicador:mt02|somador16bits:s_l1_2|eightbitsadder:s1                                                                                     ; eightbitsadder          ; work         ;
;             |fourbitsadder:addr1|                 ; 5 (0)       ; 0 (0)                     ; 0 (0)         ; 0           ; 0    ; 0          ; 0            ; 0       ; 0         ; 0    ; 0            ; 5 (0)        ; 0 (0)             ; 0 (0)            ; 0          ; |funcao|multiplicador:mt02|somador16bits:s_l1_2|eightbitsadder:s1|fourbitsadder:addr1                                                                 ; fourbitsadder           ; work         ;
;                |fulladder:addr1|                  ; 1 (0)       ; 0 (0)                     ; 0 (0)         ; 0           ; 0    ; 0          ; 0            ; 0       ; 0         ; 0    ; 0            ; 1 (0)        ; 0 (0)             ; 0 (0)            ; 0          ; |funcao|multiplicador:mt02|somador16bits:s_l1_2|eightbitsadder:s1|fourbitsadder:addr1|fulladder:addr1                                                 ; fulladder               ; work         ;
;                   |halfadder:halfadder1|          ; 1 (1)       ; 0 (0)                     ; 0 (0)         ; 0           ; 0    ; 0          ; 0            ; 0       ; 0         ; 0    ; 0            ; 1 (1)        ; 0 (0)             ; 0 (0)            ; 0          ; |funcao|multiplicador:mt02|somador16bits:s_l1_2|eightbitsadder:s1|fourbitsadder:addr1|fulladder:addr1|halfadder:halfadder1                            ; halfadder               ; work         ;
;                |fulladder:addr2|                  ; 2 (1)       ; 0 (0)                     ; 0 (0)         ; 0           ; 0    ; 0          ; 0            ; 0       ; 0         ; 0    ; 0            ; 2 (1)        ; 0 (0)             ; 0 (0)            ; 0          ; |funcao|multiplicador:mt02|somador16bits:s_l1_2|eightbitsadder:s1|fourbitsadder:addr1|fulladder:addr2                                                 ; fulladder               ; work         ;
;                   |halfadder:halfadder2|          ; 1 (1)       ; 0 (0)                     ; 0 (0)         ; 0           ; 0    ; 0          ; 0            ; 0       ; 0         ; 0    ; 0            ; 1 (1)        ; 0 (0)             ; 0 (0)            ; 0          ; |funcao|multiplicador:mt02|somador16bits:s_l1_2|eightbitsadder:s1|fourbitsadder:addr1|fulladder:addr2|halfadder:halfadder2                            ; halfadder               ; work         ;
;                |fulladder:addr3|                  ; 2 (1)       ; 0 (0)                     ; 0 (0)         ; 0           ; 0    ; 0          ; 0            ; 0       ; 0         ; 0    ; 0            ; 2 (1)        ; 0 (0)             ; 0 (0)            ; 0          ; |funcao|multiplicador:mt02|somador16bits:s_l1_2|eightbitsadder:s1|fourbitsadder:addr1|fulladder:addr3                                                 ; fulladder               ; work         ;
;                   |halfadder:halfadder2|          ; 1 (1)       ; 0 (0)                     ; 0 (0)         ; 0           ; 0    ; 0          ; 0            ; 0       ; 0         ; 0    ; 0            ; 1 (1)        ; 0 (0)             ; 0 (0)            ; 0          ; |funcao|multiplicador:mt02|somador16bits:s_l1_2|eightbitsadder:s1|fourbitsadder:addr1|fulladder:addr3|halfadder:halfadder2                            ; halfadder               ; work         ;
;          |eightbitsadder:s2|                      ; 8 (0)       ; 0 (0)                     ; 0 (0)         ; 0           ; 0    ; 0          ; 0            ; 0       ; 0         ; 0    ; 0            ; 8 (0)        ; 0 (0)             ; 0 (0)            ; 0          ; |funcao|multiplicador:mt02|somador16bits:s_l1_2|eightbitsadder:s2                                                                                     ; eightbitsadder          ; work         ;
;             |fourbitsadder:addr0|                 ; 8 (0)       ; 0 (0)                     ; 0 (0)         ; 0           ; 0    ; 0          ; 0            ; 0       ; 0         ; 0    ; 0            ; 8 (0)        ; 0 (0)             ; 0 (0)            ; 0          ; |funcao|multiplicador:mt02|somador16bits:s_l1_2|eightbitsadder:s2|fourbitsadder:addr0                                                                 ; fourbitsadder           ; work         ;
;                |fulladder:addr0|                  ; 2 (1)       ; 0 (0)                     ; 0 (0)         ; 0           ; 0    ; 0          ; 0            ; 0       ; 0         ; 0    ; 0            ; 2 (1)        ; 0 (0)             ; 0 (0)            ; 0          ; |funcao|multiplicador:mt02|somador16bits:s_l1_2|eightbitsadder:s2|fourbitsadder:addr0|fulladder:addr0                                                 ; fulladder               ; work         ;
;                   |halfadder:halfadder2|          ; 1 (1)       ; 0 (0)                     ; 0 (0)         ; 0           ; 0    ; 0          ; 0            ; 0       ; 0         ; 0    ; 0            ; 1 (1)        ; 0 (0)             ; 0 (0)            ; 0          ; |funcao|multiplicador:mt02|somador16bits:s_l1_2|eightbitsadder:s2|fourbitsadder:addr0|fulladder:addr0|halfadder:halfadder2                            ; halfadder               ; work         ;
;                |fulladder:addr1|                  ; 2 (1)       ; 0 (0)                     ; 0 (0)         ; 0           ; 0    ; 0          ; 0            ; 0       ; 0         ; 0    ; 0            ; 2 (1)        ; 0 (0)             ; 0 (0)            ; 0          ; |funcao|multiplicador:mt02|somador16bits:s_l1_2|eightbitsadder:s2|fourbitsadder:addr0|fulladder:addr1                                                 ; fulladder               ; work         ;
;                   |halfadder:halfadder2|          ; 1 (1)       ; 0 (0)                     ; 0 (0)         ; 0           ; 0    ; 0          ; 0            ; 0       ; 0         ; 0    ; 0            ; 1 (1)        ; 0 (0)             ; 0 (0)            ; 0          ; |funcao|multiplicador:mt02|somador16bits:s_l1_2|eightbitsadder:s2|fourbitsadder:addr0|fulladder:addr1|halfadder:halfadder2                            ; halfadder               ; work         ;
;                |fulladder:addr2|                  ; 2 (1)       ; 0 (0)                     ; 0 (0)         ; 0           ; 0    ; 0          ; 0            ; 0       ; 0         ; 0    ; 0            ; 2 (1)        ; 0 (0)             ; 0 (0)            ; 0          ; |funcao|multiplicador:mt02|somador16bits:s_l1_2|eightbitsadder:s2|fourbitsadder:addr0|fulladder:addr2                                                 ; fulladder               ; work         ;
;                   |halfadder:halfadder2|          ; 1 (1)       ; 0 (0)                     ; 0 (0)         ; 0           ; 0    ; 0          ; 0            ; 0       ; 0         ; 0    ; 0            ; 1 (1)        ; 0 (0)             ; 0 (0)            ; 0          ; |funcao|multiplicador:mt02|somador16bits:s_l1_2|eightbitsadder:s2|fourbitsadder:addr0|fulladder:addr2|halfadder:halfadder2                            ; halfadder               ; work         ;
;                |fulladder:addr3|                  ; 2 (0)       ; 0 (0)                     ; 0 (0)         ; 0           ; 0    ; 0          ; 0            ; 0       ; 0         ; 0    ; 0            ; 2 (0)        ; 0 (0)             ; 0 (0)            ; 0          ; |funcao|multiplicador:mt02|somador16bits:s_l1_2|eightbitsadder:s2|fourbitsadder:addr0|fulladder:addr3                                                 ; fulladder               ; work         ;
;                   |halfadder:halfadder2|          ; 2 (2)       ; 0 (0)                     ; 0 (0)         ; 0           ; 0    ; 0          ; 0            ; 0       ; 0         ; 0    ; 0            ; 2 (2)        ; 0 (0)             ; 0 (0)            ; 0          ; |funcao|multiplicador:mt02|somador16bits:s_l1_2|eightbitsadder:s2|fourbitsadder:addr0|fulladder:addr3|halfadder:halfadder2                            ; halfadder               ; work         ;
;       |somador16bits:s_l1_3|                      ; 12 (0)      ; 0 (0)                     ; 0 (0)         ; 0           ; 0    ; 0          ; 0            ; 0       ; 0         ; 0    ; 0            ; 12 (0)       ; 0 (0)             ; 0 (0)            ; 0          ; |funcao|multiplicador:mt02|somador16bits:s_l1_3                                                                                                       ; somador16bits           ; work         ;
;          |eightbitsadder:s1|                      ; 2 (0)       ; 0 (0)                     ; 0 (0)         ; 0           ; 0    ; 0          ; 0            ; 0       ; 0         ; 0    ; 0            ; 2 (0)        ; 0 (0)             ; 0 (0)            ; 0          ; |funcao|multiplicador:mt02|somador16bits:s_l1_3|eightbitsadder:s1                                                                                     ; eightbitsadder          ; work         ;
;             |fourbitsadder:addr1|                 ; 2 (0)       ; 0 (0)                     ; 0 (0)         ; 0           ; 0    ; 0          ; 0            ; 0       ; 0         ; 0    ; 0            ; 2 (0)        ; 0 (0)             ; 0 (0)            ; 0          ; |funcao|multiplicador:mt02|somador16bits:s_l1_3|eightbitsadder:s1|fourbitsadder:addr1                                                                 ; fourbitsadder           ; work         ;
;                |fulladder:addr3|                  ; 2 (0)       ; 0 (0)                     ; 0 (0)         ; 0           ; 0    ; 0          ; 0            ; 0       ; 0         ; 0    ; 0            ; 2 (0)        ; 0 (0)             ; 0 (0)            ; 0          ; |funcao|multiplicador:mt02|somador16bits:s_l1_3|eightbitsadder:s1|fourbitsadder:addr1|fulladder:addr3                                                 ; fulladder               ; work         ;
;                   |halfadder:halfadder1|          ; 2 (2)       ; 0 (0)                     ; 0 (0)         ; 0           ; 0    ; 0          ; 0            ; 0       ; 0         ; 0    ; 0            ; 2 (2)        ; 0 (0)             ; 0 (0)            ; 0          ; |funcao|multiplicador:mt02|somador16bits:s_l1_3|eightbitsadder:s1|fourbitsadder:addr1|fulladder:addr3|halfadder:halfadder1                            ; halfadder               ; work         ;
;          |eightbitsadder:s2|                      ; 10 (0)      ; 0 (0)                     ; 0 (0)         ; 0           ; 0    ; 0          ; 0            ; 0       ; 0         ; 0    ; 0            ; 10 (0)       ; 0 (0)             ; 0 (0)            ; 0          ; |funcao|multiplicador:mt02|somador16bits:s_l1_3|eightbitsadder:s2                                                                                     ; eightbitsadder          ; work         ;
;             |fourbitsadder:addr0|                 ; 8 (0)       ; 0 (0)                     ; 0 (0)         ; 0           ; 0    ; 0          ; 0            ; 0       ; 0         ; 0    ; 0            ; 8 (0)        ; 0 (0)             ; 0 (0)            ; 0          ; |funcao|multiplicador:mt02|somador16bits:s_l1_3|eightbitsadder:s2|fourbitsadder:addr0                                                                 ; fourbitsadder           ; work         ;
;                |fulladder:addr0|                  ; 2 (1)       ; 0 (0)                     ; 0 (0)         ; 0           ; 0    ; 0          ; 0            ; 0       ; 0         ; 0    ; 0            ; 2 (1)        ; 0 (0)             ; 0 (0)            ; 0          ; |funcao|multiplicador:mt02|somador16bits:s_l1_3|eightbitsadder:s2|fourbitsadder:addr0|fulladder:addr0                                                 ; fulladder               ; work         ;
;                   |halfadder:halfadder1|          ; 1 (1)       ; 0 (0)                     ; 0 (0)         ; 0           ; 0    ; 0          ; 0            ; 0       ; 0         ; 0    ; 0            ; 1 (1)        ; 0 (0)             ; 0 (0)            ; 0          ; |funcao|multiplicador:mt02|somador16bits:s_l1_3|eightbitsadder:s2|fourbitsadder:addr0|fulladder:addr0|halfadder:halfadder1                            ; halfadder               ; work         ;
;                |fulladder:addr1|                  ; 2 (1)       ; 0 (0)                     ; 0 (0)         ; 0           ; 0    ; 0          ; 0            ; 0       ; 0         ; 0    ; 0            ; 2 (1)        ; 0 (0)             ; 0 (0)            ; 0          ; |funcao|multiplicador:mt02|somador16bits:s_l1_3|eightbitsadder:s2|fourbitsadder:addr0|fulladder:addr1                                                 ; fulladder               ; work         ;
;                   |halfadder:halfadder1|          ; 1 (1)       ; 0 (0)                     ; 0 (0)         ; 0           ; 0    ; 0          ; 0            ; 0       ; 0         ; 0    ; 0            ; 1 (1)        ; 0 (0)             ; 0 (0)            ; 0          ; |funcao|multiplicador:mt02|somador16bits:s_l1_3|eightbitsadder:s2|fourbitsadder:addr0|fulladder:addr1|halfadder:halfadder1                            ; halfadder               ; work         ;
;                |fulladder:addr2|                  ; 2 (1)       ; 0 (0)                     ; 0 (0)         ; 0           ; 0    ; 0          ; 0            ; 0       ; 0         ; 0    ; 0            ; 2 (1)        ; 0 (0)             ; 0 (0)            ; 0          ; |funcao|multiplicador:mt02|somador16bits:s_l1_3|eightbitsadder:s2|fourbitsadder:addr0|fulladder:addr2                                                 ; fulladder               ; work         ;
;                   |halfadder:halfadder1|          ; 1 (1)       ; 0 (0)                     ; 0 (0)         ; 0           ; 0    ; 0          ; 0            ; 0       ; 0         ; 0    ; 0            ; 1 (1)        ; 0 (0)             ; 0 (0)            ; 0          ; |funcao|multiplicador:mt02|somador16bits:s_l1_3|eightbitsadder:s2|fourbitsadder:addr0|fulladder:addr2|halfadder:halfadder1                            ; halfadder               ; work         ;
;                |fulladder:addr3|                  ; 2 (1)       ; 0 (0)                     ; 0 (0)         ; 0           ; 0    ; 0          ; 0            ; 0       ; 0         ; 0    ; 0            ; 2 (1)        ; 0 (0)             ; 0 (0)            ; 0          ; |funcao|multiplicador:mt02|somador16bits:s_l1_3|eightbitsadder:s2|fourbitsadder:addr0|fulladder:addr3                                                 ; fulladder               ; work         ;
;                   |halfadder:halfadder1|          ; 1 (1)       ; 0 (0)                     ; 0 (0)         ; 0           ; 0    ; 0          ; 0            ; 0       ; 0         ; 0    ; 0            ; 1 (1)        ; 0 (0)             ; 0 (0)            ; 0          ; |funcao|multiplicador:mt02|somador16bits:s_l1_3|eightbitsadder:s2|fourbitsadder:addr0|fulladder:addr3|halfadder:halfadder1                            ; halfadder               ; work         ;
;             |fourbitsadder:addr1|                 ; 2 (0)       ; 0 (0)                     ; 0 (0)         ; 0           ; 0    ; 0          ; 0            ; 0       ; 0         ; 0    ; 0            ; 2 (0)        ; 0 (0)             ; 0 (0)            ; 0          ; |funcao|multiplicador:mt02|somador16bits:s_l1_3|eightbitsadder:s2|fourbitsadder:addr1                                                                 ; fourbitsadder           ; work         ;
;                |fulladder:addr0|                  ; 2 (1)       ; 0 (0)                     ; 0 (0)         ; 0           ; 0    ; 0          ; 0            ; 0       ; 0         ; 0    ; 0            ; 2 (1)        ; 0 (0)             ; 0 (0)            ; 0          ; |funcao|multiplicador:mt02|somador16bits:s_l1_3|eightbitsadder:s2|fourbitsadder:addr1|fulladder:addr0                                                 ; fulladder               ; work         ;
;                   |halfadder:halfadder1|          ; 1 (1)       ; 0 (0)                     ; 0 (0)         ; 0           ; 0    ; 0          ; 0            ; 0       ; 0         ; 0    ; 0            ; 1 (1)        ; 0 (0)             ; 0 (0)            ; 0          ; |funcao|multiplicador:mt02|somador16bits:s_l1_3|eightbitsadder:s2|fourbitsadder:addr1|fulladder:addr0|halfadder:halfadder1                            ; halfadder               ; work         ;
;       |somador16bits:s_l2_0|                      ; 13 (0)      ; 0 (0)                     ; 0 (0)         ; 0           ; 0    ; 0          ; 0            ; 0       ; 0         ; 0    ; 0            ; 13 (0)       ; 0 (0)             ; 0 (0)            ; 0          ; |funcao|multiplicador:mt02|somador16bits:s_l2_0                                                                                                       ; somador16bits           ; work         ;
;          |eightbitsadder:s1|                      ; 9 (0)       ; 0 (0)                     ; 0 (0)         ; 0           ; 0    ; 0          ; 0            ; 0       ; 0         ; 0    ; 0            ; 9 (0)        ; 0 (0)             ; 0 (0)            ; 0          ; |funcao|multiplicador:mt02|somador16bits:s_l2_0|eightbitsadder:s1                                                                                     ; eightbitsadder          ; work         ;
;             |fourbitsadder:addr0|                 ; 1 (0)       ; 0 (0)                     ; 0 (0)         ; 0           ; 0    ; 0          ; 0            ; 0       ; 0         ; 0    ; 0            ; 1 (0)        ; 0 (0)             ; 0 (0)            ; 0          ; |funcao|multiplicador:mt02|somador16bits:s_l2_0|eightbitsadder:s1|fourbitsadder:addr0                                                                 ; fourbitsadder           ; work         ;
;                |fulladder:addr3|                  ; 1 (1)       ; 0 (0)                     ; 0 (0)         ; 0           ; 0    ; 0          ; 0            ; 0       ; 0         ; 0    ; 0            ; 1 (1)        ; 0 (0)             ; 0 (0)            ; 0          ; |funcao|multiplicador:mt02|somador16bits:s_l2_0|eightbitsadder:s1|fourbitsadder:addr0|fulladder:addr3                                                 ; fulladder               ; work         ;
;             |fourbitsadder:addr1|                 ; 8 (0)       ; 0 (0)                     ; 0 (0)         ; 0           ; 0    ; 0          ; 0            ; 0       ; 0         ; 0    ; 0            ; 8 (0)        ; 0 (0)             ; 0 (0)            ; 0          ; |funcao|multiplicador:mt02|somador16bits:s_l2_0|eightbitsadder:s1|fourbitsadder:addr1                                                                 ; fourbitsadder           ; work         ;
;                |fulladder:addr0|                  ; 2 (1)       ; 0 (0)                     ; 0 (0)         ; 0           ; 0    ; 0          ; 0            ; 0       ; 0         ; 0    ; 0            ; 2 (1)        ; 0 (0)             ; 0 (0)            ; 0          ; |funcao|multiplicador:mt02|somador16bits:s_l2_0|eightbitsadder:s1|fourbitsadder:addr1|fulladder:addr0                                                 ; fulladder               ; work         ;
;                   |halfadder:halfadder2|          ; 1 (1)       ; 0 (0)                     ; 0 (0)         ; 0           ; 0    ; 0          ; 0            ; 0       ; 0         ; 0    ; 0            ; 1 (1)        ; 0 (0)             ; 0 (0)            ; 0          ; |funcao|multiplicador:mt02|somador16bits:s_l2_0|eightbitsadder:s1|fourbitsadder:addr1|fulladder:addr0|halfadder:halfadder2                            ; halfadder               ; work         ;
;                |fulladder:addr1|                  ; 2 (1)       ; 0 (0)                     ; 0 (0)         ; 0           ; 0    ; 0          ; 0            ; 0       ; 0         ; 0    ; 0            ; 2 (1)        ; 0 (0)             ; 0 (0)            ; 0          ; |funcao|multiplicador:mt02|somador16bits:s_l2_0|eightbitsadder:s1|fourbitsadder:addr1|fulladder:addr1                                                 ; fulladder               ; work         ;
;                   |halfadder:halfadder2|          ; 1 (1)       ; 0 (0)                     ; 0 (0)         ; 0           ; 0    ; 0          ; 0            ; 0       ; 0         ; 0    ; 0            ; 1 (1)        ; 0 (0)             ; 0 (0)            ; 0          ; |funcao|multiplicador:mt02|somador16bits:s_l2_0|eightbitsadder:s1|fourbitsadder:addr1|fulladder:addr1|halfadder:halfadder2                            ; halfadder               ; work         ;
;                |fulladder:addr2|                  ; 2 (1)       ; 0 (0)                     ; 0 (0)         ; 0           ; 0    ; 0          ; 0            ; 0       ; 0         ; 0    ; 0            ; 2 (1)        ; 0 (0)             ; 0 (0)            ; 0          ; |funcao|multiplicador:mt02|somador16bits:s_l2_0|eightbitsadder:s1|fourbitsadder:addr1|fulladder:addr2                                                 ; fulladder               ; work         ;
;                   |halfadder:halfadder2|          ; 1 (1)       ; 0 (0)                     ; 0 (0)         ; 0           ; 0    ; 0          ; 0            ; 0       ; 0         ; 0    ; 0            ; 1 (1)        ; 0 (0)             ; 0 (0)            ; 0          ; |funcao|multiplicador:mt02|somador16bits:s_l2_0|eightbitsadder:s1|fourbitsadder:addr1|fulladder:addr2|halfadder:halfadder2                            ; halfadder               ; work         ;
;                |fulladder:addr3|                  ; 2 (1)       ; 0 (0)                     ; 0 (0)         ; 0           ; 0    ; 0          ; 0            ; 0       ; 0         ; 0    ; 0            ; 2 (1)        ; 0 (0)             ; 0 (0)            ; 0          ; |funcao|multiplicador:mt02|somador16bits:s_l2_0|eightbitsadder:s1|fourbitsadder:addr1|fulladder:addr3                                                 ; fulladder               ; work         ;
;                   |halfadder:halfadder2|          ; 1 (1)       ; 0 (0)                     ; 0 (0)         ; 0           ; 0    ; 0          ; 0            ; 0       ; 0         ; 0    ; 0            ; 1 (1)        ; 0 (0)             ; 0 (0)            ; 0          ; |funcao|multiplicador:mt02|somador16bits:s_l2_0|eightbitsadder:s1|fourbitsadder:addr1|fulladder:addr3|halfadder:halfadder2                            ; halfadder               ; work         ;
;          |eightbitsadder:s2|                      ; 4 (0)       ; 0 (0)                     ; 0 (0)         ; 0           ; 0    ; 0          ; 0            ; 0       ; 0         ; 0    ; 0            ; 4 (0)        ; 0 (0)             ; 0 (0)            ; 0          ; |funcao|multiplicador:mt02|somador16bits:s_l2_0|eightbitsadder:s2                                                                                     ; eightbitsadder          ; work         ;
;             |fourbitsadder:addr0|                 ; 4 (0)       ; 0 (0)                     ; 0 (0)         ; 0           ; 0    ; 0          ; 0            ; 0       ; 0         ; 0    ; 0            ; 4 (0)        ; 0 (0)             ; 0 (0)            ; 0          ; |funcao|multiplicador:mt02|somador16bits:s_l2_0|eightbitsadder:s2|fourbitsadder:addr0                                                                 ; fourbitsadder           ; work         ;
;                |fulladder:addr0|                  ; 2 (1)       ; 0 (0)                     ; 0 (0)         ; 0           ; 0    ; 0          ; 0            ; 0       ; 0         ; 0    ; 0            ; 2 (1)        ; 0 (0)             ; 0 (0)            ; 0          ; |funcao|multiplicador:mt02|somador16bits:s_l2_0|eightbitsadder:s2|fourbitsadder:addr0|fulladder:addr0                                                 ; fulladder               ; work         ;
;                   |halfadder:halfadder2|          ; 1 (1)       ; 0 (0)                     ; 0 (0)         ; 0           ; 0    ; 0          ; 0            ; 0       ; 0         ; 0    ; 0            ; 1 (1)        ; 0 (0)             ; 0 (0)            ; 0          ; |funcao|multiplicador:mt02|somador16bits:s_l2_0|eightbitsadder:s2|fourbitsadder:addr0|fulladder:addr0|halfadder:halfadder2                            ; halfadder               ; work         ;
;                |fulladder:addr1|                  ; 1 (0)       ; 0 (0)                     ; 0 (0)         ; 0           ; 0    ; 0          ; 0            ; 0       ; 0         ; 0    ; 0            ; 1 (0)        ; 0 (0)             ; 0 (0)            ; 0          ; |funcao|multiplicador:mt02|somador16bits:s_l2_0|eightbitsadder:s2|fourbitsadder:addr0|fulladder:addr1                                                 ; fulladder               ; work         ;
;                   |halfadder:halfadder2|          ; 1 (1)       ; 0 (0)                     ; 0 (0)         ; 0           ; 0    ; 0          ; 0            ; 0       ; 0         ; 0    ; 0            ; 1 (1)        ; 0 (0)             ; 0 (0)            ; 0          ; |funcao|multiplicador:mt02|somador16bits:s_l2_0|eightbitsadder:s2|fourbitsadder:addr0|fulladder:addr1|halfadder:halfadder2                            ; halfadder               ; work         ;
;                |fulladder:addr2|                  ; 1 (0)       ; 0 (0)                     ; 0 (0)         ; 0           ; 0    ; 0          ; 0            ; 0       ; 0         ; 0    ; 0            ; 1 (0)        ; 0 (0)             ; 0 (0)            ; 0          ; |funcao|multiplicador:mt02|somador16bits:s_l2_0|eightbitsadder:s2|fourbitsadder:addr0|fulladder:addr2                                                 ; fulladder               ; work         ;
;                   |halfadder:halfadder2|          ; 1 (1)       ; 0 (0)                     ; 0 (0)         ; 0           ; 0    ; 0          ; 0            ; 0       ; 0         ; 0    ; 0            ; 1 (1)        ; 0 (0)             ; 0 (0)            ; 0          ; |funcao|multiplicador:mt02|somador16bits:s_l2_0|eightbitsadder:s2|fourbitsadder:addr0|fulladder:addr2|halfadder:halfadder2                            ; halfadder               ; work         ;
;       |somador16bits:s_l2_1|                      ; 13 (0)      ; 0 (0)                     ; 0 (0)         ; 0           ; 0    ; 0          ; 0            ; 0       ; 0         ; 0    ; 0            ; 13 (0)       ; 0 (0)             ; 0 (0)            ; 0          ; |funcao|multiplicador:mt02|somador16bits:s_l2_1                                                                                                       ; somador16bits           ; work         ;
;          |eightbitsadder:s1|                      ; 3 (0)       ; 0 (0)                     ; 0 (0)         ; 0           ; 0    ; 0          ; 0            ; 0       ; 0         ; 0    ; 0            ; 3 (0)        ; 0 (0)             ; 0 (0)            ; 0          ; |funcao|multiplicador:mt02|somador16bits:s_l2_1|eightbitsadder:s1                                                                                     ; eightbitsadder          ; work         ;
;             |fourbitsadder:addr1|                 ; 3 (0)       ; 0 (0)                     ; 0 (0)         ; 0           ; 0    ; 0          ; 0            ; 0       ; 0         ; 0    ; 0            ; 3 (0)        ; 0 (0)             ; 0 (0)            ; 0          ; |funcao|multiplicador:mt02|somador16bits:s_l2_1|eightbitsadder:s1|fourbitsadder:addr1                                                                 ; fourbitsadder           ; work         ;
;                |fulladder:addr2|                  ; 1 (0)       ; 0 (0)                     ; 0 (0)         ; 0           ; 0    ; 0          ; 0            ; 0       ; 0         ; 0    ; 0            ; 1 (0)        ; 0 (0)             ; 0 (0)            ; 0          ; |funcao|multiplicador:mt02|somador16bits:s_l2_1|eightbitsadder:s1|fourbitsadder:addr1|fulladder:addr2                                                 ; fulladder               ; work         ;
;                   |halfadder:halfadder1|          ; 1 (1)       ; 0 (0)                     ; 0 (0)         ; 0           ; 0    ; 0          ; 0            ; 0       ; 0         ; 0    ; 0            ; 1 (1)        ; 0 (0)             ; 0 (0)            ; 0          ; |funcao|multiplicador:mt02|somador16bits:s_l2_1|eightbitsadder:s1|fourbitsadder:addr1|fulladder:addr2|halfadder:halfadder1                            ; halfadder               ; work         ;
;                |fulladder:addr3|                  ; 2 (1)       ; 0 (0)                     ; 0 (0)         ; 0           ; 0    ; 0          ; 0            ; 0       ; 0         ; 0    ; 0            ; 2 (1)        ; 0 (0)             ; 0 (0)            ; 0          ; |funcao|multiplicador:mt02|somador16bits:s_l2_1|eightbitsadder:s1|fourbitsadder:addr1|fulladder:addr3                                                 ; fulladder               ; work         ;
;                   |halfadder:halfadder1|          ; 1 (1)       ; 0 (0)                     ; 0 (0)         ; 0           ; 0    ; 0          ; 0            ; 0       ; 0         ; 0    ; 0            ; 1 (1)        ; 0 (0)             ; 0 (0)            ; 0          ; |funcao|multiplicador:mt02|somador16bits:s_l2_1|eightbitsadder:s1|fourbitsadder:addr1|fulladder:addr3|halfadder:halfadder1                            ; halfadder               ; work         ;
;          |eightbitsadder:s2|                      ; 10 (0)      ; 0 (0)                     ; 0 (0)         ; 0           ; 0    ; 0          ; 0            ; 0       ; 0         ; 0    ; 0            ; 10 (0)       ; 0 (0)             ; 0 (0)            ; 0          ; |funcao|multiplicador:mt02|somador16bits:s_l2_1|eightbitsadder:s2                                                                                     ; eightbitsadder          ; work         ;
;             |fourbitsadder:addr0|                 ; 7 (0)       ; 0 (0)                     ; 0 (0)         ; 0           ; 0    ; 0          ; 0            ; 0       ; 0         ; 0    ; 0            ; 7 (0)        ; 0 (0)             ; 0 (0)            ; 0          ; |funcao|multiplicador:mt02|somador16bits:s_l2_1|eightbitsadder:s2|fourbitsadder:addr0                                                                 ; fourbitsadder           ; work         ;
;                |fulladder:addr0|                  ; 2 (1)       ; 0 (0)                     ; 0 (0)         ; 0           ; 0    ; 0          ; 0            ; 0       ; 0         ; 0    ; 0            ; 2 (1)        ; 0 (0)             ; 0 (0)            ; 0          ; |funcao|multiplicador:mt02|somador16bits:s_l2_1|eightbitsadder:s2|fourbitsadder:addr0|fulladder:addr0                                                 ; fulladder               ; work         ;
;                   |halfadder:halfadder1|          ; 1 (1)       ; 0 (0)                     ; 0 (0)         ; 0           ; 0    ; 0          ; 0            ; 0       ; 0         ; 0    ; 0            ; 1 (1)        ; 0 (0)             ; 0 (0)            ; 0          ; |funcao|multiplicador:mt02|somador16bits:s_l2_1|eightbitsadder:s2|fourbitsadder:addr0|fulladder:addr0|halfadder:halfadder1                            ; halfadder               ; work         ;
;                |fulladder:addr1|                  ; 2 (1)       ; 0 (0)                     ; 0 (0)         ; 0           ; 0    ; 0          ; 0            ; 0       ; 0         ; 0    ; 0            ; 2 (1)        ; 0 (0)             ; 0 (0)            ; 0          ; |funcao|multiplicador:mt02|somador16bits:s_l2_1|eightbitsadder:s2|fourbitsadder:addr0|fulladder:addr1                                                 ; fulladder               ; work         ;
;                   |halfadder:halfadder1|          ; 1 (1)       ; 0 (0)                     ; 0 (0)         ; 0           ; 0    ; 0          ; 0            ; 0       ; 0         ; 0    ; 0            ; 1 (1)        ; 0 (0)             ; 0 (0)            ; 0          ; |funcao|multiplicador:mt02|somador16bits:s_l2_1|eightbitsadder:s2|fourbitsadder:addr0|fulladder:addr1|halfadder:halfadder1                            ; halfadder               ; work         ;
;                |fulladder:addr2|                  ; 2 (1)       ; 0 (0)                     ; 0 (0)         ; 0           ; 0    ; 0          ; 0            ; 0       ; 0         ; 0    ; 0            ; 2 (1)        ; 0 (0)             ; 0 (0)            ; 0          ; |funcao|multiplicador:mt02|somador16bits:s_l2_1|eightbitsadder:s2|fourbitsadder:addr0|fulladder:addr2                                                 ; fulladder               ; work         ;
;                   |halfadder:halfadder1|          ; 1 (1)       ; 0 (0)                     ; 0 (0)         ; 0           ; 0    ; 0          ; 0            ; 0       ; 0         ; 0    ; 0            ; 1 (1)        ; 0 (0)             ; 0 (0)            ; 0          ; |funcao|multiplicador:mt02|somador16bits:s_l2_1|eightbitsadder:s2|fourbitsadder:addr0|fulladder:addr2|halfadder:halfadder1                            ; halfadder               ; work         ;
;                |fulladder:addr3|                  ; 1 (1)       ; 0 (0)                     ; 0 (0)         ; 0           ; 0    ; 0          ; 0            ; 0       ; 0         ; 0    ; 0            ; 1 (1)        ; 0 (0)             ; 0 (0)            ; 0          ; |funcao|multiplicador:mt02|somador16bits:s_l2_1|eightbitsadder:s2|fourbitsadder:addr0|fulladder:addr3                                                 ; fulladder               ; work         ;
;             |fourbitsadder:addr1|                 ; 3 (0)       ; 0 (0)                     ; 0 (0)         ; 0           ; 0    ; 0          ; 0            ; 0       ; 0         ; 0    ; 0            ; 3 (0)        ; 0 (0)             ; 0 (0)            ; 0          ; |funcao|multiplicador:mt02|somador16bits:s_l2_1|eightbitsadder:s2|fourbitsadder:addr1                                                                 ; fourbitsadder           ; work         ;
;                |fulladder:addr0|                  ; 2 (1)       ; 0 (0)                     ; 0 (0)         ; 0           ; 0    ; 0          ; 0            ; 0       ; 0         ; 0    ; 0            ; 2 (1)        ; 0 (0)             ; 0 (0)            ; 0          ; |funcao|multiplicador:mt02|somador16bits:s_l2_1|eightbitsadder:s2|fourbitsadder:addr1|fulladder:addr0                                                 ; fulladder               ; work         ;
;                   |halfadder:halfadder2|          ; 1 (1)       ; 0 (0)                     ; 0 (0)         ; 0           ; 0    ; 0          ; 0            ; 0       ; 0         ; 0    ; 0            ; 1 (1)        ; 0 (0)             ; 0 (0)            ; 0          ; |funcao|multiplicador:mt02|somador16bits:s_l2_1|eightbitsadder:s2|fourbitsadder:addr1|fulladder:addr0|halfadder:halfadder2                            ; halfadder               ; work         ;
;                |fulladder:addr2|                  ; 1 (0)       ; 0 (0)                     ; 0 (0)         ; 0           ; 0    ; 0          ; 0            ; 0       ; 0         ; 0    ; 0            ; 1 (0)        ; 0 (0)             ; 0 (0)            ; 0          ; |funcao|multiplicador:mt02|somador16bits:s_l2_1|eightbitsadder:s2|fourbitsadder:addr1|fulladder:addr2                                                 ; fulladder               ; work         ;
;                   |halfadder:halfadder2|          ; 1 (1)       ; 0 (0)                     ; 0 (0)         ; 0           ; 0    ; 0          ; 0            ; 0       ; 0         ; 0    ; 0            ; 1 (1)        ; 0 (0)             ; 0 (0)            ; 0          ; |funcao|multiplicador:mt02|somador16bits:s_l2_1|eightbitsadder:s2|fourbitsadder:addr1|fulladder:addr2|halfadder:halfadder2                            ; halfadder               ; work         ;
;    |somador16bits:s_p2_baixa|                     ; 15 (0)      ; 0 (0)                     ; 0 (0)         ; 0           ; 0    ; 0          ; 0            ; 0       ; 0         ; 0    ; 0            ; 15 (0)       ; 0 (0)             ; 0 (0)            ; 0          ; |funcao|somador16bits:s_p2_baixa                                                                                                                      ; somador16bits           ; work         ;
;       |eightbitsadder:s1|                         ; 7 (0)       ; 0 (0)                     ; 0 (0)         ; 0           ; 0    ; 0          ; 0            ; 0       ; 0         ; 0    ; 0            ; 7 (0)        ; 0 (0)             ; 0 (0)            ; 0          ; |funcao|somador16bits:s_p2_baixa|eightbitsadder:s1                                                                                                    ; eightbitsadder          ; work         ;
;          |fourbitsadder:addr0|                    ; 3 (0)       ; 0 (0)                     ; 0 (0)         ; 0           ; 0    ; 0          ; 0            ; 0       ; 0         ; 0    ; 0            ; 3 (0)        ; 0 (0)             ; 0 (0)            ; 0          ; |funcao|somador16bits:s_p2_baixa|eightbitsadder:s1|fourbitsadder:addr0                                                                                ; fourbitsadder           ; work         ;
;             |fulladder:addr1|                     ; 1 (1)       ; 0 (0)                     ; 0 (0)         ; 0           ; 0    ; 0          ; 0            ; 0       ; 0         ; 0    ; 0            ; 1 (1)        ; 0 (0)             ; 0 (0)            ; 0          ; |funcao|somador16bits:s_p2_baixa|eightbitsadder:s1|fourbitsadder:addr0|fulladder:addr1                                                                ; fulladder               ; work         ;
;             |fulladder:addr2|                     ; 1 (1)       ; 0 (0)                     ; 0 (0)         ; 0           ; 0    ; 0          ; 0            ; 0       ; 0         ; 0    ; 0            ; 1 (1)        ; 0 (0)             ; 0 (0)            ; 0          ; |funcao|somador16bits:s_p2_baixa|eightbitsadder:s1|fourbitsadder:addr0|fulladder:addr2                                                                ; fulladder               ; work         ;
;             |fulladder:addr3|                     ; 1 (1)       ; 0 (0)                     ; 0 (0)         ; 0           ; 0    ; 0          ; 0            ; 0       ; 0         ; 0    ; 0            ; 1 (1)        ; 0 (0)             ; 0 (0)            ; 0          ; |funcao|somador16bits:s_p2_baixa|eightbitsadder:s1|fourbitsadder:addr0|fulladder:addr3                                                                ; fulladder               ; work         ;
;          |fourbitsadder:addr1|                    ; 4 (0)       ; 0 (0)                     ; 0 (0)         ; 0           ; 0    ; 0          ; 0            ; 0       ; 0         ; 0    ; 0            ; 4 (0)        ; 0 (0)             ; 0 (0)            ; 0          ; |funcao|somador16bits:s_p2_baixa|eightbitsadder:s1|fourbitsadder:addr1                                                                                ; fourbitsadder           ; work         ;
;             |fulladder:addr0|                     ; 1 (1)       ; 0 (0)                     ; 0 (0)         ; 0           ; 0    ; 0          ; 0            ; 0       ; 0         ; 0    ; 0            ; 1 (1)        ; 0 (0)             ; 0 (0)            ; 0          ; |funcao|somador16bits:s_p2_baixa|eightbitsadder:s1|fourbitsadder:addr1|fulladder:addr0                                                                ; fulladder               ; work         ;
;             |fulladder:addr1|                     ; 1 (1)       ; 0 (0)                     ; 0 (0)         ; 0           ; 0    ; 0          ; 0            ; 0       ; 0         ; 0    ; 0            ; 1 (1)        ; 0 (0)             ; 0 (0)            ; 0          ; |funcao|somador16bits:s_p2_baixa|eightbitsadder:s1|fourbitsadder:addr1|fulladder:addr1                                                                ; fulladder               ; work         ;
;             |fulladder:addr2|                     ; 1 (1)       ; 0 (0)                     ; 0 (0)         ; 0           ; 0    ; 0          ; 0            ; 0       ; 0         ; 0    ; 0            ; 1 (1)        ; 0 (0)             ; 0 (0)            ; 0          ; |funcao|somador16bits:s_p2_baixa|eightbitsadder:s1|fourbitsadder:addr1|fulladder:addr2                                                                ; fulladder               ; work         ;
;             |fulladder:addr3|                     ; 1 (1)       ; 0 (0)                     ; 0 (0)         ; 0           ; 0    ; 0          ; 0            ; 0       ; 0         ; 0    ; 0            ; 1 (1)        ; 0 (0)             ; 0 (0)            ; 0          ; |funcao|somador16bits:s_p2_baixa|eightbitsadder:s1|fourbitsadder:addr1|fulladder:addr3                                                                ; fulladder               ; work         ;
;       |eightbitsadder:s2|                         ; 8 (0)       ; 0 (0)                     ; 0 (0)         ; 0           ; 0    ; 0          ; 0            ; 0       ; 0         ; 0    ; 0            ; 8 (0)        ; 0 (0)             ; 0 (0)            ; 0          ; |funcao|somador16bits:s_p2_baixa|eightbitsadder:s2                                                                                                    ; eightbitsadder          ; work         ;
;          |fourbitsadder:addr0|                    ; 4 (0)       ; 0 (0)                     ; 0 (0)         ; 0           ; 0    ; 0          ; 0            ; 0       ; 0         ; 0    ; 0            ; 4 (0)        ; 0 (0)             ; 0 (0)            ; 0          ; |funcao|somador16bits:s_p2_baixa|eightbitsadder:s2|fourbitsadder:addr0                                                                                ; fourbitsadder           ; work         ;
;             |fulladder:addr0|                     ; 1 (1)       ; 0 (0)                     ; 0 (0)         ; 0           ; 0    ; 0          ; 0            ; 0       ; 0         ; 0    ; 0            ; 1 (1)        ; 0 (0)             ; 0 (0)            ; 0          ; |funcao|somador16bits:s_p2_baixa|eightbitsadder:s2|fourbitsadder:addr0|fulladder:addr0                                                                ; fulladder               ; work         ;
;             |fulladder:addr1|                     ; 1 (1)       ; 0 (0)                     ; 0 (0)         ; 0           ; 0    ; 0          ; 0            ; 0       ; 0         ; 0    ; 0            ; 1 (1)        ; 0 (0)             ; 0 (0)            ; 0          ; |funcao|somador16bits:s_p2_baixa|eightbitsadder:s2|fourbitsadder:addr0|fulladder:addr1                                                                ; fulladder               ; work         ;
;             |fulladder:addr2|                     ; 1 (1)       ; 0 (0)                     ; 0 (0)         ; 0           ; 0    ; 0          ; 0            ; 0       ; 0         ; 0    ; 0            ; 1 (1)        ; 0 (0)             ; 0 (0)            ; 0          ; |funcao|somador16bits:s_p2_baixa|eightbitsadder:s2|fourbitsadder:addr0|fulladder:addr2                                                                ; fulladder               ; work         ;
;             |fulladder:addr3|                     ; 1 (1)       ; 0 (0)                     ; 0 (0)         ; 0           ; 0    ; 0          ; 0            ; 0       ; 0         ; 0    ; 0            ; 1 (1)        ; 0 (0)             ; 0 (0)            ; 0          ; |funcao|somador16bits:s_p2_baixa|eightbitsadder:s2|fourbitsadder:addr0|fulladder:addr3                                                                ; fulladder               ; work         ;
;          |fourbitsadder:addr1|                    ; 4 (0)       ; 0 (0)                     ; 0 (0)         ; 0           ; 0    ; 0          ; 0            ; 0       ; 0         ; 0    ; 0            ; 4 (0)        ; 0 (0)             ; 0 (0)            ; 0          ; |funcao|somador16bits:s_p2_baixa|eightbitsadder:s2|fourbitsadder:addr1                                                                                ; fourbitsadder           ; work         ;
;             |fulladder:addr0|                     ; 1 (1)       ; 0 (0)                     ; 0 (0)         ; 0           ; 0    ; 0          ; 0            ; 0       ; 0         ; 0    ; 0            ; 1 (1)        ; 0 (0)             ; 0 (0)            ; 0          ; |funcao|somador16bits:s_p2_baixa|eightbitsadder:s2|fourbitsadder:addr1|fulladder:addr0                                                                ; fulladder               ; work         ;
;             |fulladder:addr1|                     ; 1 (1)       ; 0 (0)                     ; 0 (0)         ; 0           ; 0    ; 0          ; 0            ; 0       ; 0         ; 0    ; 0            ; 1 (1)        ; 0 (0)             ; 0 (0)            ; 0          ; |funcao|somador16bits:s_p2_baixa|eightbitsadder:s2|fourbitsadder:addr1|fulladder:addr1                                                                ; fulladder               ; work         ;
;             |fulladder:addr2|                     ; 1 (1)       ; 0 (0)                     ; 0 (0)         ; 0           ; 0    ; 0          ; 0            ; 0       ; 0         ; 0    ; 0            ; 1 (1)        ; 0 (0)             ; 0 (0)            ; 0          ; |funcao|somador16bits:s_p2_baixa|eightbitsadder:s2|fourbitsadder:addr1|fulladder:addr2                                                                ; fulladder               ; work         ;
;             |fulladder:addr3|                     ; 1 (1)       ; 0 (0)                     ; 0 (0)         ; 0           ; 0    ; 0          ; 0            ; 0       ; 0         ; 0    ; 0            ; 1 (1)        ; 0 (0)             ; 0 (0)            ; 0          ; |funcao|somador16bits:s_p2_baixa|eightbitsadder:s2|fourbitsadder:addr1|fulladder:addr3                                                                ; fulladder               ; work         ;
;    |somador16bits:soma1|                          ; 46 (0)      ; 0 (0)                     ; 0 (0)         ; 0           ; 0    ; 0          ; 0            ; 0       ; 0         ; 0    ; 0            ; 46 (0)       ; 0 (0)             ; 0 (0)            ; 0          ; |funcao|somador16bits:soma1                                                                                                                           ; somador16bits           ; work         ;
;       |eightbitsadder:s1|                         ; 23 (0)      ; 0 (0)                     ; 0 (0)         ; 0           ; 0    ; 0          ; 0            ; 0       ; 0         ; 0    ; 0            ; 23 (0)       ; 0 (0)             ; 0 (0)            ; 0          ; |funcao|somador16bits:soma1|eightbitsadder:s1                                                                                                         ; eightbitsadder          ; work         ;
;          |fourbitsadder:addr0|                    ; 12 (0)      ; 0 (0)                     ; 0 (0)         ; 0           ; 0    ; 0          ; 0            ; 0       ; 0         ; 0    ; 0            ; 12 (0)       ; 0 (0)             ; 0 (0)            ; 0          ; |funcao|somador16bits:soma1|eightbitsadder:s1|fourbitsadder:addr0                                                                                     ; fourbitsadder           ; work         ;
;             |fulladder:addr1|                     ; 4 (1)       ; 0 (0)                     ; 0 (0)         ; 0           ; 0    ; 0          ; 0            ; 0       ; 0         ; 0    ; 0            ; 4 (1)        ; 0 (0)             ; 0 (0)            ; 0          ; |funcao|somador16bits:soma1|eightbitsadder:s1|fourbitsadder:addr0|fulladder:addr1                                                                     ; fulladder               ; work         ;
;                |halfadder:halfadder2|             ; 3 (3)       ; 0 (0)                     ; 0 (0)         ; 0           ; 0    ; 0          ; 0            ; 0       ; 0         ; 0    ; 0            ; 3 (3)        ; 0 (0)             ; 0 (0)            ; 0          ; |funcao|somador16bits:soma1|eightbitsadder:s1|fourbitsadder:addr0|fulladder:addr1|halfadder:halfadder2                                                ; halfadder               ; work         ;
;             |fulladder:addr2|                     ; 4 (1)       ; 0 (0)                     ; 0 (0)         ; 0           ; 0    ; 0          ; 0            ; 0       ; 0         ; 0    ; 0            ; 4 (1)        ; 0 (0)             ; 0 (0)            ; 0          ; |funcao|somador16bits:soma1|eightbitsadder:s1|fourbitsadder:addr0|fulladder:addr2                                                                     ; fulladder               ; work         ;
;                |halfadder:halfadder1|             ; 3 (3)       ; 0 (0)                     ; 0 (0)         ; 0           ; 0    ; 0          ; 0            ; 0       ; 0         ; 0    ; 0            ; 3 (3)        ; 0 (0)             ; 0 (0)            ; 0          ; |funcao|somador16bits:soma1|eightbitsadder:s1|fourbitsadder:addr0|fulladder:addr2|halfadder:halfadder1                                                ; halfadder               ; work         ;
;             |fulladder:addr3|                     ; 4 (1)       ; 0 (0)                     ; 0 (0)         ; 0           ; 0    ; 0          ; 0            ; 0       ; 0         ; 0    ; 0            ; 4 (1)        ; 0 (0)             ; 0 (0)            ; 0          ; |funcao|somador16bits:soma1|eightbitsadder:s1|fourbitsadder:addr0|fulladder:addr3                                                                     ; fulladder               ; work         ;
;                |halfadder:halfadder1|             ; 3 (3)       ; 0 (0)                     ; 0 (0)         ; 0           ; 0    ; 0          ; 0            ; 0       ; 0         ; 0    ; 0            ; 3 (3)        ; 0 (0)             ; 0 (0)            ; 0          ; |funcao|somador16bits:soma1|eightbitsadder:s1|fourbitsadder:addr0|fulladder:addr3|halfadder:halfadder1                                                ; halfadder               ; work         ;
;          |fourbitsadder:addr1|                    ; 11 (0)      ; 0 (0)                     ; 0 (0)         ; 0           ; 0    ; 0          ; 0            ; 0       ; 0         ; 0    ; 0            ; 11 (0)       ; 0 (0)             ; 0 (0)            ; 0          ; |funcao|somador16bits:soma1|eightbitsadder:s1|fourbitsadder:addr1                                                                                     ; fourbitsadder           ; work         ;
;             |fulladder:addr0|                     ; 5 (1)       ; 0 (0)                     ; 0 (0)         ; 0           ; 0    ; 0          ; 0            ; 0       ; 0         ; 0    ; 0            ; 5 (1)        ; 0 (0)             ; 0 (0)            ; 0          ; |funcao|somador16bits:soma1|eightbitsadder:s1|fourbitsadder:addr1|fulladder:addr0                                                                     ; fulladder               ; work         ;
;                |halfadder:halfadder1|             ; 4 (4)       ; 0 (0)                     ; 0 (0)         ; 0           ; 0    ; 0          ; 0            ; 0       ; 0         ; 0    ; 0            ; 4 (4)        ; 0 (0)             ; 0 (0)            ; 0          ; |funcao|somador16bits:soma1|eightbitsadder:s1|fourbitsadder:addr1|fulladder:addr0|halfadder:halfadder1                                                ; halfadder               ; work         ;
;             |fulladder:addr1|                     ; 2 (1)       ; 0 (0)                     ; 0 (0)         ; 0           ; 0    ; 0          ; 0            ; 0       ; 0         ; 0    ; 0            ; 2 (1)        ; 0 (0)             ; 0 (0)            ; 0          ; |funcao|somador16bits:soma1|eightbitsadder:s1|fourbitsadder:addr1|fulladder:addr1                                                                     ; fulladder               ; work         ;
;                |halfadder:halfadder1|             ; 1 (1)       ; 0 (0)                     ; 0 (0)         ; 0           ; 0    ; 0          ; 0            ; 0       ; 0         ; 0    ; 0            ; 1 (1)        ; 0 (0)             ; 0 (0)            ; 0          ; |funcao|somador16bits:soma1|eightbitsadder:s1|fourbitsadder:addr1|fulladder:addr1|halfadder:halfadder1                                                ; halfadder               ; work         ;
;             |fulladder:addr2|                     ; 2 (1)       ; 0 (0)                     ; 0 (0)         ; 0           ; 0    ; 0          ; 0            ; 0       ; 0         ; 0    ; 0            ; 2 (1)        ; 0 (0)             ; 0 (0)            ; 0          ; |funcao|somador16bits:soma1|eightbitsadder:s1|fourbitsadder:addr1|fulladder:addr2                                                                     ; fulladder               ; work         ;
;                |halfadder:halfadder1|             ; 1 (1)       ; 0 (0)                     ; 0 (0)         ; 0           ; 0    ; 0          ; 0            ; 0       ; 0         ; 0    ; 0            ; 1 (1)        ; 0 (0)             ; 0 (0)            ; 0          ; |funcao|somador16bits:soma1|eightbitsadder:s1|fourbitsadder:addr1|fulladder:addr2|halfadder:halfadder1                                                ; halfadder               ; work         ;
;             |fulladder:addr3|                     ; 2 (1)       ; 0 (0)                     ; 0 (0)         ; 0           ; 0    ; 0          ; 0            ; 0       ; 0         ; 0    ; 0            ; 2 (1)        ; 0 (0)             ; 0 (0)            ; 0          ; |funcao|somador16bits:soma1|eightbitsadder:s1|fourbitsadder:addr1|fulladder:addr3                                                                     ; fulladder               ; work         ;
;                |halfadder:halfadder1|             ; 1 (1)       ; 0 (0)                     ; 0 (0)         ; 0           ; 0    ; 0          ; 0            ; 0       ; 0         ; 0    ; 0            ; 1 (1)        ; 0 (0)             ; 0 (0)            ; 0          ; |funcao|somador16bits:soma1|eightbitsadder:s1|fourbitsadder:addr1|fulladder:addr3|halfadder:halfadder1                                                ; halfadder               ; work         ;
;       |eightbitsadder:s2|                         ; 23 (0)      ; 0 (0)                     ; 0 (0)         ; 0           ; 0    ; 0          ; 0            ; 0       ; 0         ; 0    ; 0            ; 23 (0)       ; 0 (0)             ; 0 (0)            ; 0          ; |funcao|somador16bits:soma1|eightbitsadder:s2                                                                                                         ; eightbitsadder          ; work         ;
;          |fourbitsadder:addr0|                    ; 10 (0)      ; 0 (0)                     ; 0 (0)         ; 0           ; 0    ; 0          ; 0            ; 0       ; 0         ; 0    ; 0            ; 10 (0)       ; 0 (0)             ; 0 (0)            ; 0          ; |funcao|somador16bits:soma1|eightbitsadder:s2|fourbitsadder:addr0                                                                                     ; fourbitsadder           ; work         ;
;             |fulladder:addr0|                     ; 2 (1)       ; 0 (0)                     ; 0 (0)         ; 0           ; 0    ; 0          ; 0            ; 0       ; 0         ; 0    ; 0            ; 2 (1)        ; 0 (0)             ; 0 (0)            ; 0          ; |funcao|somador16bits:soma1|eightbitsadder:s2|fourbitsadder:addr0|fulladder:addr0                                                                     ; fulladder               ; work         ;
;                |halfadder:halfadder2|             ; 1 (1)       ; 0 (0)                     ; 0 (0)         ; 0           ; 0    ; 0          ; 0            ; 0       ; 0         ; 0    ; 0            ; 1 (1)        ; 0 (0)             ; 0 (0)            ; 0          ; |funcao|somador16bits:soma1|eightbitsadder:s2|fourbitsadder:addr0|fulladder:addr0|halfadder:halfadder2                                                ; halfadder               ; work         ;
;             |fulladder:addr1|                     ; 3 (1)       ; 0 (0)                     ; 0 (0)         ; 0           ; 0    ; 0          ; 0            ; 0       ; 0         ; 0    ; 0            ; 3 (1)        ; 0 (0)             ; 0 (0)            ; 0          ; |funcao|somador16bits:soma1|eightbitsadder:s2|fourbitsadder:addr0|fulladder:addr1                                                                     ; fulladder               ; work         ;
;                |halfadder:halfadder2|             ; 2 (2)       ; 0 (0)                     ; 0 (0)         ; 0           ; 0    ; 0          ; 0            ; 0       ; 0         ; 0    ; 0            ; 2 (2)        ; 0 (0)             ; 0 (0)            ; 0          ; |funcao|somador16bits:soma1|eightbitsadder:s2|fourbitsadder:addr0|fulladder:addr1|halfadder:halfadder2                                                ; halfadder               ; work         ;
;             |fulladder:addr2|                     ; 3 (1)       ; 0 (0)                     ; 0 (0)         ; 0           ; 0    ; 0          ; 0            ; 0       ; 0         ; 0    ; 0            ; 3 (1)        ; 0 (0)             ; 0 (0)            ; 0          ; |funcao|somador16bits:soma1|eightbitsadder:s2|fourbitsadder:addr0|fulladder:addr2                                                                     ; fulladder               ; work         ;
;                |halfadder:halfadder2|             ; 2 (2)       ; 0 (0)                     ; 0 (0)         ; 0           ; 0    ; 0          ; 0            ; 0       ; 0         ; 0    ; 0            ; 2 (2)        ; 0 (0)             ; 0 (0)            ; 0          ; |funcao|somador16bits:soma1|eightbitsadder:s2|fourbitsadder:addr0|fulladder:addr2|halfadder:halfadder2                                                ; halfadder               ; work         ;
;             |fulladder:addr3|                     ; 2 (1)       ; 0 (0)                     ; 0 (0)         ; 0           ; 0    ; 0          ; 0            ; 0       ; 0         ; 0    ; 0            ; 2 (1)        ; 0 (0)             ; 0 (0)            ; 0          ; |funcao|somador16bits:soma1|eightbitsadder:s2|fourbitsadder:addr0|fulladder:addr3                                                                     ; fulladder               ; work         ;
;                |halfadder:halfadder2|             ; 1 (1)       ; 0 (0)                     ; 0 (0)         ; 0           ; 0    ; 0          ; 0            ; 0       ; 0         ; 0    ; 0            ; 1 (1)        ; 0 (0)             ; 0 (0)            ; 0          ; |funcao|somador16bits:soma1|eightbitsadder:s2|fourbitsadder:addr0|fulladder:addr3|halfadder:halfadder2                                                ; halfadder               ; work         ;
;          |fourbitsadder:addr1|                    ; 13 (0)      ; 0 (0)                     ; 0 (0)         ; 0           ; 0    ; 0          ; 0            ; 0       ; 0         ; 0    ; 0            ; 13 (0)       ; 0 (0)             ; 0 (0)            ; 0          ; |funcao|somador16bits:soma1|eightbitsadder:s2|fourbitsadder:addr1                                                                                     ; fourbitsadder           ; work         ;
;             |fulladder:addr0|                     ; 2 (1)       ; 0 (0)                     ; 0 (0)         ; 0           ; 0    ; 0          ; 0            ; 0       ; 0         ; 0    ; 0            ; 2 (1)        ; 0 (0)             ; 0 (0)            ; 0          ; |funcao|somador16bits:soma1|eightbitsadder:s2|fourbitsadder:addr1|fulladder:addr0                                                                     ; fulladder               ; work         ;
;                |halfadder:halfadder2|             ; 1 (1)       ; 0 (0)                     ; 0 (0)         ; 0           ; 0    ; 0          ; 0            ; 0       ; 0         ; 0    ; 0            ; 1 (1)        ; 0 (0)             ; 0 (0)            ; 0          ; |funcao|somador16bits:soma1|eightbitsadder:s2|fourbitsadder:addr1|fulladder:addr0|halfadder:halfadder2                                                ; halfadder               ; work         ;
;             |fulladder:addr1|                     ; 4 (1)       ; 0 (0)                     ; 0 (0)         ; 0           ; 0    ; 0          ; 0            ; 0       ; 0         ; 0    ; 0            ; 4 (1)        ; 0 (0)             ; 0 (0)            ; 0          ; |funcao|somador16bits:soma1|eightbitsadder:s2|fourbitsadder:addr1|fulladder:addr1                                                                     ; fulladder               ; work         ;
;                |halfadder:halfadder2|             ; 3 (3)       ; 0 (0)                     ; 0 (0)         ; 0           ; 0    ; 0          ; 0            ; 0       ; 0         ; 0    ; 0            ; 3 (3)        ; 0 (0)             ; 0 (0)            ; 0          ; |funcao|somador16bits:soma1|eightbitsadder:s2|fourbitsadder:addr1|fulladder:addr1|halfadder:halfadder2                                                ; halfadder               ; work         ;
;             |fulladder:addr2|                     ; 4 (1)       ; 0 (0)                     ; 0 (0)         ; 0           ; 0    ; 0          ; 0            ; 0       ; 0         ; 0    ; 0            ; 4 (1)        ; 0 (0)             ; 0 (0)            ; 0          ; |funcao|somador16bits:soma1|eightbitsadder:s2|fourbitsadder:addr1|fulladder:addr2                                                                     ; fulladder               ; work         ;
;                |halfadder:halfadder2|             ; 3 (3)       ; 0 (0)                     ; 0 (0)         ; 0           ; 0    ; 0          ; 0            ; 0       ; 0         ; 0    ; 0            ; 3 (3)        ; 0 (0)             ; 0 (0)            ; 0          ; |funcao|somador16bits:soma1|eightbitsadder:s2|fourbitsadder:addr1|fulladder:addr2|halfadder:halfadder2                                                ; halfadder               ; work         ;
;             |fulladder:addr3|                     ; 3 (1)       ; 0 (0)                     ; 0 (0)         ; 0           ; 0    ; 0          ; 0            ; 0       ; 0         ; 0    ; 0            ; 3 (1)        ; 0 (0)             ; 0 (0)            ; 0          ; |funcao|somador16bits:soma1|eightbitsadder:s2|fourbitsadder:addr1|fulladder:addr3                                                                     ; fulladder               ; work         ;
;                |halfadder:halfadder2|             ; 2 (2)       ; 0 (0)                     ; 0 (0)         ; 0           ; 0    ; 0          ; 0            ; 0       ; 0         ; 0    ; 0            ; 2 (2)        ; 0 (0)             ; 0 (0)            ; 0          ; |funcao|somador16bits:soma1|eightbitsadder:s2|fourbitsadder:addr1|fulladder:addr3|halfadder:halfadder2                                                ; halfadder               ; work         ;
;    |somador16bits:w|                              ; 7 (0)       ; 0 (0)                     ; 0 (0)         ; 0           ; 0    ; 0          ; 0            ; 0       ; 0         ; 0    ; 0            ; 7 (0)        ; 0 (0)             ; 0 (0)            ; 0          ; |funcao|somador16bits:w                                                                                                                               ; somador16bits           ; work         ;
;       |eightbitsadder:s2|                         ; 7 (0)       ; 0 (0)                     ; 0 (0)         ; 0           ; 0    ; 0          ; 0            ; 0       ; 0         ; 0    ; 0            ; 7 (0)        ; 0 (0)             ; 0 (0)            ; 0          ; |funcao|somador16bits:w|eightbitsadder:s2                                                                                                             ; eightbitsadder          ; work         ;
;          |fourbitsadder:addr0|                    ; 3 (0)       ; 0 (0)                     ; 0 (0)         ; 0           ; 0    ; 0          ; 0            ; 0       ; 0         ; 0    ; 0            ; 3 (0)        ; 0 (0)             ; 0 (0)            ; 0          ; |funcao|somador16bits:w|eightbitsadder:s2|fourbitsadder:addr0                                                                                         ; fourbitsadder           ; work         ;
;             |fulladder:addr1|                     ; 1 (1)       ; 0 (0)                     ; 0 (0)         ; 0           ; 0    ; 0          ; 0            ; 0       ; 0         ; 0    ; 0            ; 1 (1)        ; 0 (0)             ; 0 (0)            ; 0          ; |funcao|somador16bits:w|eightbitsadder:s2|fourbitsadder:addr0|fulladder:addr1                                                                         ; fulladder               ; work         ;
;             |fulladder:addr2|                     ; 1 (1)       ; 0 (0)                     ; 0 (0)         ; 0           ; 0    ; 0          ; 0            ; 0       ; 0         ; 0    ; 0            ; 1 (1)        ; 0 (0)             ; 0 (0)            ; 0          ; |funcao|somador16bits:w|eightbitsadder:s2|fourbitsadder:addr0|fulladder:addr2                                                                         ; fulladder               ; work         ;
;             |fulladder:addr3|                     ; 1 (1)       ; 0 (0)                     ; 0 (0)         ; 0           ; 0    ; 0          ; 0            ; 0       ; 0         ; 0    ; 0            ; 1 (1)        ; 0 (0)             ; 0 (0)            ; 0          ; |funcao|somador16bits:w|eightbitsadder:s2|fourbitsadder:addr0|fulladder:addr3                                                                         ; fulladder               ; work         ;
;          |fourbitsadder:addr1|                    ; 4 (0)       ; 0 (0)                     ; 0 (0)         ; 0           ; 0    ; 0          ; 0            ; 0       ; 0         ; 0    ; 0            ; 4 (0)        ; 0 (0)             ; 0 (0)            ; 0          ; |funcao|somador16bits:w|eightbitsadder:s2|fourbitsadder:addr1                                                                                         ; fourbitsadder           ; work         ;
;             |fulladder:addr0|                     ; 1 (1)       ; 0 (0)                     ; 0 (0)         ; 0           ; 0    ; 0          ; 0            ; 0       ; 0         ; 0    ; 0            ; 1 (1)        ; 0 (0)             ; 0 (0)            ; 0          ; |funcao|somador16bits:w|eightbitsadder:s2|fourbitsadder:addr1|fulladder:addr0                                                                         ; fulladder               ; work         ;
;             |fulladder:addr1|                     ; 1 (1)       ; 0 (0)                     ; 0 (0)         ; 0           ; 0    ; 0          ; 0            ; 0       ; 0         ; 0    ; 0            ; 1 (1)        ; 0 (0)             ; 0 (0)            ; 0          ; |funcao|somador16bits:w|eightbitsadder:s2|fourbitsadder:addr1|fulladder:addr1                                                                         ; fulladder               ; work         ;
;             |fulladder:addr2|                     ; 1 (1)       ; 0 (0)                     ; 0 (0)         ; 0           ; 0    ; 0          ; 0            ; 0       ; 0         ; 0    ; 0            ; 1 (1)        ; 0 (0)             ; 0 (0)            ; 0          ; |funcao|somador16bits:w|eightbitsadder:s2|fourbitsadder:addr1|fulladder:addr2                                                                         ; fulladder               ; work         ;
;             |fulladder:addr3|                     ; 1 (1)       ; 0 (0)                     ; 0 (0)         ; 0           ; 0    ; 0          ; 0            ; 0       ; 0         ; 0    ; 0            ; 1 (1)        ; 0 (0)             ; 0 (0)            ; 0          ; |funcao|somador16bits:w|eightbitsadder:s2|fourbitsadder:addr1|fulladder:addr3                                                                         ; fulladder               ; work         ;
+---------------------------------------------------+-------------+---------------------------+---------------+-------------+------+------------+--------------+---------+-----------+------+--------------+--------------+-------------------+------------------+------------+-------------------------------------------------------------------------------------------------------------------------------------------------------+-------------------------+--------------+
Note: For table entries with two numbers listed, the numbers in parentheses indicate the number of resources of the given type used by the specific entity alone. The numbers listed outside of parentheses indicate the total resources of the given type used by the specific entity and all of its sub-entities in the hierarchy.


+---------------------------------------------------------------------------------------+
; Delay Chain Summary                                                                   ;
+-------+----------+---------------+---------------+-----------------------+-----+------+
; Name  ; Pin Type ; Pad to Core 0 ; Pad to Core 1 ; Pad to Input Register ; TCO ; TCOE ;
+-------+----------+---------------+---------------+-----------------------+-----+------+
; Y[0]  ; Output   ; --            ; --            ; --                    ; --  ; --   ;
; Y[1]  ; Output   ; --            ; --            ; --                    ; --  ; --   ;
; Y[2]  ; Output   ; --            ; --            ; --                    ; --  ; --   ;
; Y[3]  ; Output   ; --            ; --            ; --                    ; --  ; --   ;
; Y[4]  ; Output   ; --            ; --            ; --                    ; --  ; --   ;
; Y[5]  ; Output   ; --            ; --            ; --                    ; --  ; --   ;
; Y[6]  ; Output   ; --            ; --            ; --                    ; --  ; --   ;
; Y[7]  ; Output   ; --            ; --            ; --                    ; --  ; --   ;
; Y[8]  ; Output   ; --            ; --            ; --                    ; --  ; --   ;
; Y[9]  ; Output   ; --            ; --            ; --                    ; --  ; --   ;
; Y[10] ; Output   ; --            ; --            ; --                    ; --  ; --   ;
; Y[11] ; Output   ; --            ; --            ; --                    ; --  ; --   ;
; Y[12] ; Output   ; --            ; --            ; --                    ; --  ; --   ;
; Y[13] ; Output   ; --            ; --            ; --                    ; --  ; --   ;
; Y[14] ; Output   ; --            ; --            ; --                    ; --  ; --   ;
; Y[15] ; Output   ; --            ; --            ; --                    ; --  ; --   ;
; Y[16] ; Output   ; --            ; --            ; --                    ; --  ; --   ;
; Y[17] ; Output   ; --            ; --            ; --                    ; --  ; --   ;
; Y[18] ; Output   ; --            ; --            ; --                    ; --  ; --   ;
; Y[19] ; Output   ; --            ; --            ; --                    ; --  ; --   ;
; Y[20] ; Output   ; --            ; --            ; --                    ; --  ; --   ;
; Y[21] ; Output   ; --            ; --            ; --                    ; --  ; --   ;
; Y[22] ; Output   ; --            ; --            ; --                    ; --  ; --   ;
; Y[23] ; Output   ; --            ; --            ; --                    ; --  ; --   ;
; C[0]  ; Input    ; (6) 868 ps    ; --            ; --                    ; --  ; --   ;
; A[0]  ; Input    ; --            ; (6) 868 ps    ; --                    ; --  ; --   ;
; B[0]  ; Input    ; (6) 868 ps    ; --            ; --                    ; --  ; --   ;
; X[0]  ; Input    ; (6) 868 ps    ; --            ; --                    ; --  ; --   ;
; C[4]  ; Input    ; (6) 868 ps    ; --            ; --                    ; --  ; --   ;
; C[5]  ; Input    ; --            ; (6) 868 ps    ; --                    ; --  ; --   ;
; C[6]  ; Input    ; --            ; (6) 873 ps    ; --                    ; --  ; --   ;
; C[7]  ; Input    ; (6) 868 ps    ; --            ; --                    ; --  ; --   ;
; C[3]  ; Input    ; (6) 868 ps    ; --            ; --                    ; --  ; --   ;
; C[1]  ; Input    ; (6) 868 ps    ; --            ; --                    ; --  ; --   ;
; C[2]  ; Input    ; (6) 868 ps    ; --            ; --                    ; --  ; --   ;
; A[1]  ; Input    ; --            ; (6) 868 ps    ; --                    ; --  ; --   ;
; A[7]  ; Input    ; (6) 868 ps    ; --            ; --                    ; --  ; --   ;
; X[7]  ; Input    ; (6) 868 ps    ; --            ; --                    ; --  ; --   ;
; B[7]  ; Input    ; --            ; (6) 868 ps    ; --                    ; --  ; --   ;
; B[1]  ; Input    ; (6) 868 ps    ; --            ; --                    ; --  ; --   ;
; X[1]  ; Input    ; (6) 868 ps    ; --            ; --                    ; --  ; --   ;
; X[5]  ; Input    ; (6) 868 ps    ; --            ; --                    ; --  ; --   ;
; X[4]  ; Input    ; --            ; (6) 868 ps    ; --                    ; --  ; --   ;
; X[2]  ; Input    ; --            ; (6) 868 ps    ; --                    ; --  ; --   ;
; X[6]  ; Input    ; --            ; (6) 868 ps    ; --                    ; --  ; --   ;
; X[3]  ; Input    ; (6) 868 ps    ; --            ; --                    ; --  ; --   ;
; A[2]  ; Input    ; (0) 0 ps      ; --            ; --                    ; --  ; --   ;
; A[3]  ; Input    ; (0) 0 ps      ; (6) 868 ps    ; --                    ; --  ; --   ;
; A[4]  ; Input    ; --            ; (6) 868 ps    ; --                    ; --  ; --   ;
; A[5]  ; Input    ; (6) 868 ps    ; --            ; --                    ; --  ; --   ;
; A[6]  ; Input    ; --            ; (6) 868 ps    ; --                    ; --  ; --   ;
; B[5]  ; Input    ; (0) 0 ps      ; --            ; --                    ; --  ; --   ;
; B[4]  ; Input    ; (6) 868 ps    ; --            ; --                    ; --  ; --   ;
; B[6]  ; Input    ; (6) 868 ps    ; --            ; --                    ; --  ; --   ;
; B[3]  ; Input    ; --            ; (6) 868 ps    ; --                    ; --  ; --   ;
; B[2]  ; Input    ; (6) 868 ps    ; --            ; --                    ; --  ; --   ;
+-------+----------+---------------+---------------+-----------------------+-----+------+


+-------------------------------------------------------------------------------------------------------------------------------------------------------------------------------------------+
; Pad To Core Delay Chain Fanout                                                                                                                                                            ;
+-------------------------------------------------------------------------------------------------------------------------------------------------------------+-------------------+---------+
; Source Pin / Fanout                                                                                                                                         ; Pad To Core Index ; Setting ;
+-------------------------------------------------------------------------------------------------------------------------------------------------------------+-------------------+---------+
; C[0]                                                                                                                                                        ;                   ;         ;
;      - complementodedois24bits:absolutofinal|somador16bits:soma_baixa|eightbitsadder:s1|fourbitsadder:addr0|fulladder:addr0|halfadder:halfadder2|Xor0~0     ; 0                 ; 6       ;
;      - complementodedois24bits:complementoC|somador16bits:soma_baixa|eightbitsadder:s2|fourbitsadder:addr0|fulladder:addr2|halfadder:halfadder2|And0~0      ; 0                 ; 6       ;
;      - complementodedois24bits:complementoC|somador16bits:soma_baixa|eightbitsadder:s1|fourbitsadder:addr0|fulladder:addr1|halfadder:halfadder2|And0~0      ; 0                 ; 6       ;
;      - complementodedois24bits:complementoC|somador16bits:soma_baixa|eightbitsadder:s1|fourbitsadder:addr0|fulladder:addr2|halfadder:halfadder2|Xor0        ; 0                 ; 6       ;
;      - complementodedois24bits:complementoC|somador16bits:soma_baixa|eightbitsadder:s1|fourbitsadder:addr0|fulladder:addr1|halfadder:halfadder2|Xor0        ; 0                 ; 6       ;
;      - somador16bits:s_p2_baixa|eightbitsadder:s1|fourbitsadder:addr0|fulladder:addr1|Or0~0                                                                 ; 0                 ; 6       ;
;      - complementodedois24bits:absolutofinal|somador16bits:soma_baixa|eightbitsadder:s1|fourbitsadder:addr0|fulladder:addr1|halfadder:halfadder2|Xor0~0     ; 0                 ; 6       ;
; A[0]                                                                                                                                                        ;                   ;         ;
;      - complementodedois24bits:absolutofinal|somador16bits:soma_baixa|eightbitsadder:s1|fourbitsadder:addr0|fulladder:addr0|halfadder:halfadder2|Xor0~0     ; 1                 ; 6       ;
;      - complementodedois24bits:complementoax2|somador16bits:soma_baixa|eightbitsadder:s1|fourbitsadder:addr0|fulladder:addr0|halfadder:halfadder2|Xor0~0    ; 1                 ; 6       ;
;      - complementodedois24bits:complementoax2|somador16bits:soma_baixa|eightbitsadder:s1|fourbitsadder:addr0|fulladder:addr1|halfadder:halfadder2|Xor0~0    ; 1                 ; 6       ;
;      - multiplicador:mt02|pp7[7]                                                                                                                            ; 1                 ; 6       ;
;      - multiplicador:mt02|pp5[5]                                                                                                                            ; 1                 ; 6       ;
;      - multiplicador:mt02|pp6[6]                                                                                                                            ; 1                 ; 6       ;
;      - multiplicador:mt02|somador16bits:s_l1_3|eightbitsadder:s1|fourbitsadder:addr1|fulladder:addr3|halfadder:halfadder1|Xor0                              ; 1                 ; 6       ;
;      - multiplicador:mt02|pp2[2]~6                                                                                                                          ; 1                 ; 6       ;
;      - multiplicador:mt02|somador16bits:s_l1_1|eightbitsadder:s1|fourbitsadder:addr0|fulladder:addr3|halfadder:halfadder1|Xor0                              ; 1                 ; 6       ;
;      - multiplicador:mt02|somador16bits:s_l2_1|eightbitsadder:s1|fourbitsadder:addr1|fulladder:addr3|halfadder:halfadder1|Xor0~0                            ; 1                 ; 6       ;
;      - multiplicador:mt02|pp4[4]                                                                                                                            ; 1                 ; 6       ;
;      - multiplicador:mt01|pp5[5]                                                                                                                            ; 1                 ; 6       ;
;      - multiplicador:mt01|pp6[6]                                                                                                                            ; 1                 ; 6       ;
;      - multiplicador:mt01|somador16bits:s_l1_1|eightbitsadder:s1|fourbitsadder:addr1|fulladder:addr0|Or0~0                                                  ; 1                 ; 6       ;
;      - multiplicador:mt01|pp1[1]                                                                                                                            ; 1                 ; 6       ;
;      - multiplicador:mt01|somador16bits:s_l1_1|eightbitsadder:s1|fourbitsadder:addr0|fulladder:addr3|halfadder:halfadder1|And0                              ; 1                 ; 6       ;
;      - multiplicador:mt01|pp2[2]                                                                                                                            ; 1                 ; 6       ;
;      - multiplicador:mt01|somador16bits:s_l1_1|eightbitsadder:s1|fourbitsadder:addr0|fulladder:addr3|halfadder:halfadder1|Xor0                              ; 1                 ; 6       ;
;      - multiplicador:mt01|pp4[4]                                                                                                                            ; 1                 ; 6       ;
;      - multiplicador:mt01|somador16bits:s_l1_2|eightbitsadder:s1|fourbitsadder:addr1|fulladder:addr1|halfadder:halfadder1|Xor0~0                            ; 1                 ; 6       ;
;      - multiplicador:mt01|pp0[0]                                                                                                                            ; 1                 ; 6       ;
;      - multiplicador:mt01|somador16bits:s_l1_0|eightbitsadder:s1|fourbitsadder:addr0|fulladder:addr1|halfadder:halfadder1|Xor0~0                            ; 1                 ; 6       ;
;      - complementodedois24bits:complementoax2|somador16bits:soma_baixa|eightbitsadder:s1|fourbitsadder:addr0|fulladder:addr1|halfadder:halfadder2|And0~0    ; 1                 ; 6       ;
;      - complementodedois24bits:complementoax2|somador16bits:soma_baixa|eightbitsadder:s1|fourbitsadder:addr0|fulladder:addr1|halfadder:halfadder2|Xor0      ; 1                 ; 6       ;
;      - somador16bits:soma1|eightbitsadder:s1|fourbitsadder:addr0|fulladder:addr3|halfadder:halfadder1|Xor0~0                                                ; 1                 ; 6       ;
;      - complementodedois24bits:absolutofinal|somador16bits:soma_baixa|eightbitsadder:s1|fourbitsadder:addr0|fulladder:addr0|halfadder:halfadder2|Xor0~1     ; 1                 ; 6       ;
;      - multiplicador:mt02|somador16bits:s_l1_3|eightbitsadder:s1|fourbitsadder:addr1|fulladder:addr3|halfadder:halfadder1|And0                              ; 1                 ; 6       ;
;      - multiplicador:mt02|somador16bits:s_l2_1|eightbitsadder:s1|fourbitsadder:addr1|fulladder:addr2|halfadder:halfadder1|And0                              ; 1                 ; 6       ;
;      - multiplicador:mt02|somador16bits:s_l1_2|eightbitsadder:s1|fourbitsadder:addr1|fulladder:addr1|halfadder:halfadder1|Xor0~2                            ; 1                 ; 6       ;
;      - multiplicador:mt01|somador16bits:s_l2_0|eightbitsadder:s1|fourbitsadder:addr0|fulladder:addr2|halfadder:halfadder1|Xor0~2                            ; 1                 ; 6       ;
; B[0]                                                                                                                                                        ;                   ;         ;
;      - complementodedois24bits:absolutofinal|somador16bits:soma_baixa|eightbitsadder:s1|fourbitsadder:addr0|fulladder:addr0|halfadder:halfadder2|Xor0~0     ; 0                 ; 6       ;
;      - complementodedois16bits:complementodoproduto|somador16bits:somador|eightbitsadder:s1|fourbitsadder:addr0|fulladder:addr0|halfadder:halfadder2|Xor0~0 ; 0                 ; 6       ;
;      - multiplicador:fazerproduto|pp0[1]                                                                                                                    ; 0                 ; 6       ;
;      - somador16bits:soma1|eightbitsadder:s1|fourbitsadder:addr0|fulladder:addr1|halfadder:halfadder2|Xor0~1                                                ; 0                 ; 6       ;
;      - multiplicador:fazerproduto|pp0[6]                                                                                                                    ; 0                 ; 6       ;
;      - multiplicador:fazerproduto|pp0[5]                                                                                                                    ; 0                 ; 6       ;
;      - multiplicador:fazerproduto|pp0[4]                                                                                                                    ; 0                 ; 6       ;
;      - multiplicador:fazerproduto|pp0[3]                                                                                                                    ; 0                 ; 6       ;
;      - multiplicador:fazerproduto|pp0[2]                                                                                                                    ; 0                 ; 6       ;
;      - complementodedois24bits:absolutofinal|somador16bits:soma_baixa|eightbitsadder:s1|fourbitsadder:addr0|fulladder:addr0|halfadder:halfadder2|Xor0~1     ; 0                 ; 6       ;
; X[0]                                                                                                                                                        ;                   ;         ;
;      - complementodedois24bits:absolutofinal|somador16bits:soma_baixa|eightbitsadder:s1|fourbitsadder:addr0|fulladder:addr0|halfadder:halfadder2|Xor0~0     ; 0                 ; 6       ;
;      - complementodedois24bits:complementoax2|somador16bits:soma_baixa|eightbitsadder:s1|fourbitsadder:addr0|fulladder:addr0|halfadder:halfadder2|Xor0~0    ; 0                 ; 6       ;
;      - complementodedois24bits:complementoax2|somador16bits:soma_baixa|eightbitsadder:s1|fourbitsadder:addr0|fulladder:addr1|halfadder:halfadder2|Xor0~0    ; 0                 ; 6       ;
;      - complementodedois16bits:complementodoproduto|somador16bits:somador|eightbitsadder:s1|fourbitsadder:addr0|fulladder:addr0|halfadder:halfadder2|Xor0~0 ; 0                 ; 6       ;
;      - multiplicador:fazerproduto|pp1[1]                                                                                                                    ; 0                 ; 6       ;
;      - multiplicador:mt00|pp5[5]                                                                                                                            ; 0                 ; 6       ;
;      - multiplicador:mt00|pp6[6]                                                                                                                            ; 0                 ; 6       ;
;      - multiplicador:mt00|pp4[4]                                                                                                                            ; 0                 ; 6       ;
;      - multiplicador:mt00|somador16bits:s_l1_2|eightbitsadder:s1|fourbitsadder:addr1|fulladder:addr1|halfadder:halfadder1|Xor0~0                            ; 0                 ; 6       ;
;      - multiplicador:mt00|somador16bits:s_l1_2|eightbitsadder:s1|fourbitsadder:addr1|fulladder:addr1|halfadder:halfadder1|And0                              ; 0                 ; 6       ;
;      - multiplicador:mt00|somador16bits:s_l2_0|eightbitsadder:s1|fourbitsadder:addr0|fulladder:addr3|halfadder:halfadder2|Xor0~0                            ; 0                 ; 6       ;
;      - multiplicador:mt02|pp2[8]~0                                                                                                                          ; 0                 ; 6       ;
;      - multiplicador:mt02|pp2[7]~1                                                                                                                          ; 0                 ; 6       ;
;      - multiplicador:mt02|pp2[6]~2                                                                                                                          ; 0                 ; 6       ;
;      - multiplicador:mt02|pp2[5]~3                                                                                                                          ; 0                 ; 6       ;
;      - multiplicador:mt02|somador16bits:s_l1_1|eightbitsadder:s1|fourbitsadder:addr1|fulladder:addr1|Or0~0                                                  ; 0                 ; 6       ;
;      - multiplicador:mt02|pp3[8]                                                                                                                            ; 0                 ; 6       ;
;      - multiplicador:mt02|pp3[7]                                                                                                                            ; 0                 ; 6       ;
;      - multiplicador:mt02|pp2[2]~4                                                                                                                          ; 0                 ; 6       ;
;      - multiplicador:mt02|pp0[6]                                                                                                                            ; 0                 ; 6       ;
;      - multiplicador:mt02|pp3[5]                                                                                                                            ; 0                 ; 6       ;
;      - multiplicador:mt02|pp3[4]                                                                                                                            ; 0                 ; 6       ;
;      - multiplicador:mt02|pp2[4]~5                                                                                                                          ; 0                 ; 6       ;
;      - multiplicador:mt02|pp0[2]                                                                                                                            ; 0                 ; 6       ;
;      - multiplicador:mt02|pp2[2]~6                                                                                                                          ; 0                 ; 6       ;
;      - multiplicador:mt02|pp0[3]                                                                                                                            ; 0                 ; 6       ;
;      - multiplicador:mt02|pp0[4]                                                                                                                            ; 0                 ; 6       ;
;      - multiplicador:mt02|pp0[5]                                                                                                                            ; 0                 ; 6       ;
;      - complementodedois24bits:complementoax2|somador16bits:soma_baixa|eightbitsadder:s1|fourbitsadder:addr0|fulladder:addr1|halfadder:halfadder2|And0~0    ; 0                 ; 6       ;
;      - multiplicador:fazerproduto|pp6[6]                                                                                                                    ; 0                 ; 6       ;
;      - multiplicador:fazerproduto|somador16bits:s_l1_1|eightbitsadder:s1|fourbitsadder:addr1|fulladder:addr0|Or0~0                                          ; 0                 ; 6       ;
;      - multiplicador:fazerproduto|somador16bits:s_l1_1|eightbitsadder:s1|fourbitsadder:addr0|fulladder:addr3|halfadder:halfadder1|And0                      ; 0                 ; 6       ;
;      - multiplicador:fazerproduto|pp2[2]                                                                                                                    ; 0                 ; 6       ;
;      - multiplicador:fazerproduto|somador16bits:s_l1_1|eightbitsadder:s1|fourbitsadder:addr0|fulladder:addr3|halfadder:halfadder1|Xor0~0                    ; 0                 ; 6       ;
;      - multiplicador:fazerproduto|pp4[4]                                                                                                                    ; 0                 ; 6       ;
;      - multiplicador:fazerproduto|somador16bits:s_l1_2|eightbitsadder:s1|fourbitsadder:addr1|fulladder:addr1|halfadder:halfadder1|Xor0~0                    ; 0                 ; 6       ;
;      - complementodedois24bits:complementoax2|somador16bits:soma_baixa|eightbitsadder:s1|fourbitsadder:addr0|fulladder:addr1|halfadder:halfadder2|Xor0      ; 0                 ; 6       ;
;      - complementodedois24bits:absolutofinal|somador16bits:soma_baixa|eightbitsadder:s1|fourbitsadder:addr0|fulladder:addr0|halfadder:halfadder2|Xor0~1     ; 0                 ; 6       ;
;      - multiplicador:mt00|somador16bits:s_l2_1|eightbitsadder:s1|fourbitsadder:addr1|fulladder:addr2|halfadder:halfadder1|And0                              ; 0                 ; 6       ;
;      - multiplicador:fazerproduto|somador16bits:s_l2_1|eightbitsadder:s1|fourbitsadder:addr1|fulladder:addr2|halfadder:halfadder1|And0                      ; 0                 ; 6       ;
;      - multiplicador:mt00|somador16bits:s_l1_0|eightbitsadder:s1|fourbitsadder:addr0|fulladder:addr3|Or0~0                                                  ; 0                 ; 6       ;
;      - multiplicador:mt00|somador16bits:s_l1_1|eightbitsadder:s1|fourbitsadder:addr0|fulladder:addr3|halfadder:halfadder1|And0~0                            ; 0                 ; 6       ;
;      - multiplicador:mt00|somador16bits:s_l2_0|eightbitsadder:s1|fourbitsadder:addr0|fulladder:addr3|Or0~0                                                  ; 0                 ; 6       ;
;      - multiplicador:mt00|somador16bits:s_l2_0|eightbitsadder:s1|fourbitsadder:addr1|fulladder:addr0|halfadder:halfadder2|Xor0~2                            ; 0                 ; 6       ;
;      - multiplicador:fazerproduto|somador16bits:s_l1_2|eightbitsadder:s1|fourbitsadder:addr1|fulladder:addr2|Or0~3                                          ; 0                 ; 6       ;
;      - multiplicador:fazerproduto|somador16bits:s_l1_2|eightbitsadder:s1|fourbitsadder:addr1|fulladder:addr2|halfadder:halfadder2|Xor0~4                    ; 0                 ; 6       ;
; C[4]                                                                                                                                                        ;                   ;         ;
;      - complementodedois24bits:complementoC|somador16bits:soma_baixa|eightbitsadder:s2|fourbitsadder:addr0|fulladder:addr0|halfadder:halfadder2|And0~0      ; 0                 ; 6       ;
;      - complementodedois24bits:complementoC|somador16bits:soma_baixa|eightbitsadder:s1|fourbitsadder:addr1|fulladder:addr1|halfadder:halfadder2|And0        ; 0                 ; 6       ;
;      - complementodedois24bits:complementoC|somador16bits:soma_baixa|eightbitsadder:s1|fourbitsadder:addr1|fulladder:addr1|halfadder:halfadder2|Xor0        ; 0                 ; 6       ;
;      - complementodedois24bits:complementoC|somador16bits:soma_baixa|eightbitsadder:s1|fourbitsadder:addr1|fulladder:addr0|halfadder:halfadder2|Xor0        ; 0                 ; 6       ;
;      - complementodedois24bits:complementoC|somador16bits:soma_baixa|eightbitsadder:s1|fourbitsadder:addr1|fulladder:addr0|halfadder:halfadder2|And0        ; 0                 ; 6       ;
; C[5]                                                                                                                                                        ;                   ;         ;
;      - complementodedois24bits:complementoC|somador16bits:soma_baixa|eightbitsadder:s2|fourbitsadder:addr0|fulladder:addr0|halfadder:halfadder2|And0~0      ; 1                 ; 6       ;
;      - complementodedois24bits:complementoC|somador16bits:soma_baixa|eightbitsadder:s1|fourbitsadder:addr1|fulladder:addr1|halfadder:halfadder2|And0        ; 1                 ; 6       ;
;      - complementodedois24bits:complementoC|somador16bits:soma_baixa|eightbitsadder:s1|fourbitsadder:addr1|fulladder:addr1|halfadder:halfadder2|Xor0        ; 1                 ; 6       ;
;      - complementodedois24bits:absolutofinal|X_invertido[5]~8                                                                                               ; 1                 ; 6       ;
; C[6]                                                                                                                                                        ;                   ;         ;
;      - complementodedois24bits:complementoC|somador16bits:soma_baixa|eightbitsadder:s2|fourbitsadder:addr0|fulladder:addr0|halfadder:halfadder2|And0~0      ; 1                 ; 6       ;
;      - complementodedois24bits:complementoC|somador16bits:soma_baixa|eightbitsadder:s1|fourbitsadder:addr1|fulladder:addr2|halfadder:halfadder2|And0        ; 1                 ; 6       ;
;      - complementodedois24bits:complementoC|somador16bits:soma_baixa|eightbitsadder:s1|fourbitsadder:addr1|fulladder:addr3|halfadder:halfadder2|Xor0        ; 1                 ; 6       ;
;      - complementodedois24bits:complementoC|somador16bits:soma_baixa|eightbitsadder:s1|fourbitsadder:addr1|fulladder:addr2|halfadder:halfadder2|Xor0        ; 1                 ; 6       ;
;      - complementodedois24bits:absolutofinal|X_invertido[6]~11                                                                                              ; 1                 ; 6       ;
; C[7]                                                                                                                                                        ;                   ;         ;
;      - complementodedois24bits:complementoC|somador16bits:soma_baixa|eightbitsadder:s2|fourbitsadder:addr0|fulladder:addr0|halfadder:halfadder2|And0~0      ; 0                 ; 6       ;
;      - complementodedois24bits:complementoC|somador16bits:soma_baixa|eightbitsadder:s2|fourbitsadder:addr0|fulladder:addr2|halfadder:halfadder2|And0~0      ; 0                 ; 6       ;
;      - complementodedois24bits:complementoC|somador16bits:soma_baixa|eightbitsadder:s2|fourbitsadder:addr0|fulladder:addr2|halfadder:halfadder2|And0~1      ; 0                 ; 6       ;
;      - complementodedois24bits:complementoC|somador16bits:soma_baixa|eightbitsadder:s1|fourbitsadder:addr0|fulladder:addr1|halfadder:halfadder2|And0~0      ; 0                 ; 6       ;
;      - complementodedois24bits:complementoC|somador16bits:soma_baixa|eightbitsadder:s1|fourbitsadder:addr0|fulladder:addr3|halfadder:halfadder2|And0~0      ; 0                 ; 6       ;
;      - complementodedois24bits:complementoC|somador16bits:soma_baixa|eightbitsadder:s1|fourbitsadder:addr1|fulladder:addr1|halfadder:halfadder2|And0        ; 0                 ; 6       ;
;      - complementodedois24bits:complementoC|somador16bits:soma_baixa|eightbitsadder:s1|fourbitsadder:addr1|fulladder:addr2|halfadder:halfadder2|And0        ; 0                 ; 6       ;
;      - complementodedois24bits:complementoC|somador16bits:soma_baixa|eightbitsadder:s1|fourbitsadder:addr1|fulladder:addr3|halfadder:halfadder2|Xor0        ; 0                 ; 6       ;
;      - complementodedois24bits:complementoC|somador16bits:soma_baixa|eightbitsadder:s1|fourbitsadder:addr1|fulladder:addr2|halfadder:halfadder2|Xor0        ; 0                 ; 6       ;
;      - complementodedois24bits:complementoC|somador16bits:soma_baixa|eightbitsadder:s1|fourbitsadder:addr1|fulladder:addr1|halfadder:halfadder2|Xor0        ; 0                 ; 6       ;
;      - complementodedois24bits:complementoC|somador16bits:soma_baixa|eightbitsadder:s1|fourbitsadder:addr1|fulladder:addr0|halfadder:halfadder2|Xor0        ; 0                 ; 6       ;
;      - complementodedois24bits:complementoC|somador16bits:soma_baixa|eightbitsadder:s1|fourbitsadder:addr0|fulladder:addr3|halfadder:halfadder2|Xor0        ; 0                 ; 6       ;
;      - complementodedois24bits:complementoC|somador16bits:soma_baixa|eightbitsadder:s1|fourbitsadder:addr0|fulladder:addr2|halfadder:halfadder2|Xor0        ; 0                 ; 6       ;
;      - complementodedois24bits:complementoC|somador16bits:soma_baixa|eightbitsadder:s1|fourbitsadder:addr0|fulladder:addr1|halfadder:halfadder2|Xor0        ; 0                 ; 6       ;
;      - somador16bits:s_p2_baixa|eightbitsadder:s2|fourbitsadder:addr0|fulladder:addr0|Or0~0                                                                 ; 0                 ; 6       ;
;      - somador16bits:s_p2_baixa|eightbitsadder:s2|fourbitsadder:addr0|fulladder:addr1|Or0~0                                                                 ; 0                 ; 6       ;
;      - somador16bits:s_p2_baixa|eightbitsadder:s2|fourbitsadder:addr0|fulladder:addr2|Or0~0                                                                 ; 0                 ; 6       ;
;      - somador16bits:s_p2_baixa|eightbitsadder:s2|fourbitsadder:addr0|fulladder:addr3|Or0~0                                                                 ; 0                 ; 6       ;
;      - somador16bits:s_p2_baixa|eightbitsadder:s2|fourbitsadder:addr1|fulladder:addr0|Or0~0                                                                 ; 0                 ; 6       ;
;      - somador16bits:s_p2_baixa|eightbitsadder:s2|fourbitsadder:addr1|fulladder:addr1|Or0~0                                                                 ; 0                 ; 6       ;
;      - somador16bits:s_p2_baixa|eightbitsadder:s2|fourbitsadder:addr1|fulladder:addr2|Or0~0                                                                 ; 0                 ; 6       ;
;      - somador16bits:s_p2_baixa|eightbitsadder:s2|fourbitsadder:addr1|fulladder:addr3|Or0~0                                                                 ; 0                 ; 6       ;
;      - eightbitsadder:s_p2_alta|fourbitsadder:addr0|fulladder:addr0|Or0~0                                                                                   ; 0                 ; 6       ;
;      - eightbitsadder:s_p2_alta|fourbitsadder:addr0|fulladder:addr1|Or0~0                                                                                   ; 0                 ; 6       ;
;      - eightbitsadder:s_p2_alta|fourbitsadder:addr0|fulladder:addr2|Or0~0                                                                                   ; 0                 ; 6       ;
;      - eightbitsadder:s_p2_alta|fourbitsadder:addr0|fulladder:addr3|Or0~0                                                                                   ; 0                 ; 6       ;
;      - eightbitsadder:s_p2_alta|fourbitsadder:addr1|fulladder:addr0|Or0~0                                                                                   ; 0                 ; 6       ;
;      - eightbitsadder:s_p2_alta|fourbitsadder:addr1|fulladder:addr1|Or0~0                                                                                   ; 0                 ; 6       ;
;      - eightbitsadder:s_p2_alta|fourbitsadder:addr1|fulladder:addr2|Or0~0                                                                                   ; 0                 ; 6       ;
;      - complementodedois24bits:absolutofinal|somador16bits:soma_baixa|eightbitsadder:s1|fourbitsadder:addr0|fulladder:addr1|halfadder:halfadder2|Xor0~0     ; 0                 ; 6       ;
;      - eightbitsadder:s_p2_alta|fourbitsadder:addr1|fulladder:addr3|halfadder:halfadder2|Xor0~1                                                             ; 0                 ; 6       ;
;      - complementodedois24bits:complementoC|somador16bits:soma_baixa|eightbitsadder:s1|fourbitsadder:addr1|fulladder:addr0|halfadder:halfadder2|And0        ; 0                 ; 6       ;
;      - complementodedois24bits:absolutofinal|X_invertido[8]~17                                                                                              ; 0                 ; 6       ;
;      - eightbitsadder:s_p2_alta|fourbitsadder:addr1|fulladder:addr3|halfadder:halfadder2|Xor0~2                                                             ; 0                 ; 6       ;
; C[3]                                                                                                                                                        ;                   ;         ;
;      - complementodedois24bits:complementoC|somador16bits:soma_baixa|eightbitsadder:s2|fourbitsadder:addr0|fulladder:addr2|halfadder:halfadder2|And0~0      ; 0                 ; 6       ;
;      - complementodedois24bits:complementoC|somador16bits:soma_baixa|eightbitsadder:s1|fourbitsadder:addr0|fulladder:addr3|halfadder:halfadder2|And0~0      ; 0                 ; 6       ;
;      - complementodedois24bits:complementoC|somador16bits:soma_baixa|eightbitsadder:s1|fourbitsadder:addr0|fulladder:addr3|halfadder:halfadder2|Xor0        ; 0                 ; 6       ;
; C[1]                                                                                                                                                        ;                   ;         ;
;      - complementodedois24bits:complementoC|somador16bits:soma_baixa|eightbitsadder:s2|fourbitsadder:addr0|fulladder:addr2|halfadder:halfadder2|And0~0      ; 0                 ; 6       ;
;      - complementodedois24bits:complementoC|somador16bits:soma_baixa|eightbitsadder:s1|fourbitsadder:addr0|fulladder:addr1|halfadder:halfadder2|And0~0      ; 0                 ; 6       ;
;      - complementodedois24bits:complementoC|somador16bits:soma_baixa|eightbitsadder:s1|fourbitsadder:addr0|fulladder:addr2|halfadder:halfadder2|Xor0        ; 0                 ; 6       ;
;      - complementodedois24bits:complementoC|somador16bits:soma_baixa|eightbitsadder:s1|fourbitsadder:addr0|fulladder:addr1|halfadder:halfadder2|Xor0        ; 0                 ; 6       ;
;      - complementodedois24bits:absolutofinal|somador16bits:soma_baixa|eightbitsadder:s1|fourbitsadder:addr0|fulladder:addr1|halfadder:halfadder2|Xor0~0     ; 0                 ; 6       ;
; C[2]                                                                                                                                                        ;                   ;         ;
;      - complementodedois24bits:complementoC|somador16bits:soma_baixa|eightbitsadder:s2|fourbitsadder:addr0|fulladder:addr2|halfadder:halfadder2|And0~1      ; 0                 ; 6       ;
;      - complementodedois24bits:complementoC|somador16bits:soma_baixa|eightbitsadder:s1|fourbitsadder:addr0|fulladder:addr3|halfadder:halfadder2|And0~0      ; 0                 ; 6       ;
;      - complementodedois24bits:complementoC|somador16bits:soma_baixa|eightbitsadder:s1|fourbitsadder:addr0|fulladder:addr3|halfadder:halfadder2|Xor0        ; 0                 ; 6       ;
;      - complementodedois24bits:complementoC|somador16bits:soma_baixa|eightbitsadder:s1|fourbitsadder:addr0|fulladder:addr2|halfadder:halfadder2|Xor0        ; 0                 ; 6       ;
;      - complementodedois24bits:absolutofinal|X_invertido[2]~4                                                                                               ; 0                 ; 6       ;
;      - eightbitsadder:s_p2_alta|fourbitsadder:addr1|fulladder:addr3|halfadder:halfadder2|Xor0~2                                                             ; 0                 ; 6       ;
; A[1]                                                                                                                                                        ;                   ;         ;
;      - complementodedois24bits:complementoax2|somador16bits:soma_baixa|eightbitsadder:s1|fourbitsadder:addr0|fulladder:addr1|halfadder:halfadder2|Xor0~0    ; 1                 ; 6       ;
;      - multiplicador:mt02|pp6[7]                                                                                                                            ; 1                 ; 6       ;
;      - multiplicador:mt02|pp7[8]                                                                                                                            ; 1                 ; 6       ;
;      - multiplicador:mt02|pp4[5]                                                                                                                            ; 1                 ; 6       ;
;      - multiplicador:mt02|pp5[6]                                                                                                                            ; 1                 ; 6       ;
;      - multiplicador:mt02|somador16bits:s_l1_3|eightbitsadder:s2|fourbitsadder:addr0|fulladder:addr0|halfadder:halfadder1|Xor0                              ; 1                 ; 6       ;
;      - multiplicador:mt02|somador16bits:s_l1_3|eightbitsadder:s1|fourbitsadder:addr1|fulladder:addr3|halfadder:halfadder1|Xor0                              ; 1                 ; 6       ;
;      - multiplicador:mt02|pp3[4]                                                                                                                            ; 1                 ; 6       ;
;      - multiplicador:mt02|somador16bits:s_l1_1|eightbitsadder:s1|fourbitsadder:addr0|fulladder:addr3|halfadder:halfadder1|Xor0                              ; 1                 ; 6       ;
;      - multiplicador:mt01|pp4[5]                                                                                                                            ; 1                 ; 6       ;
;      - multiplicador:mt01|pp5[6]                                                                                                                            ; 1                 ; 6       ;
;      - multiplicador:mt01|somador16bits:s_l1_1|eightbitsadder:s1|fourbitsadder:addr1|fulladder:addr0|Or0~0                                                  ; 1                 ; 6       ;
;      - multiplicador:mt01|pp0[1]                                                                                                                            ; 1                 ; 6       ;
;      - multiplicador:mt01|pp1[2]                                                                                                                            ; 1                 ; 6       ;
;      - multiplicador:mt01|somador16bits:s_l1_1|eightbitsadder:s1|fourbitsadder:addr1|fulladder:addr0|halfadder:halfadder1|Xor0                              ; 1                 ; 6       ;
;      - multiplicador:mt01|somador16bits:s_l1_1|eightbitsadder:s1|fourbitsadder:addr0|fulladder:addr3|halfadder:halfadder1|And0                              ; 1                 ; 6       ;
;      - multiplicador:mt01|somador16bits:s_l1_1|eightbitsadder:s1|fourbitsadder:addr0|fulladder:addr3|halfadder:halfadder1|Xor0                              ; 1                 ; 6       ;
;      - multiplicador:mt01|somador16bits:s_l1_0|eightbitsadder:s1|fourbitsadder:addr0|fulladder:addr1|halfadder:halfadder1|Xor0~0                            ; 1                 ; 6       ;
;      - multiplicador:mt01|pp6[7]                                                                                                                            ; 1                 ; 6       ;
;      - complementodedois24bits:complementoax2|somador16bits:soma_baixa|eightbitsadder:s1|fourbitsadder:addr0|fulladder:addr1|halfadder:halfadder2|And0~0    ; 1                 ; 6       ;
;      - complementodedois24bits:complementoax2|somador16bits:soma_baixa|eightbitsadder:s1|fourbitsadder:addr0|fulladder:addr1|halfadder:halfadder2|Xor0      ; 1                 ; 6       ;
;      - somador16bits:soma1|eightbitsadder:s1|fourbitsadder:addr0|fulladder:addr3|halfadder:halfadder1|Xor0~1                                                ; 1                 ; 6       ;
;      - multiplicador:mt02|somador16bits:s_l1_3|eightbitsadder:s1|fourbitsadder:addr1|fulladder:addr3|halfadder:halfadder1|And0                              ; 1                 ; 6       ;
;      - multiplicador:mt02|somador16bits:s_l1_2|eightbitsadder:s1|fourbitsadder:addr1|fulladder:addr1|halfadder:halfadder1|Xor0~2                            ; 1                 ; 6       ;
; A[7]                                                                                                                                                        ;                   ;         ;
;      - sinalax                                                                                                                                              ; 0                 ; 6       ;
;      - somador16bits:soma1|eightbitsadder:s1|fourbitsadder:addr1|fulladder:addr0|halfadder:halfadder1|Xor0~0                                                ; 0                 ; 6       ;
;      - somador16bits:soma1|eightbitsadder:s1|fourbitsadder:addr0|fulladder:addr1|halfadder:halfadder2|Xor0~2                                                ; 0                 ; 6       ;
;      - complementodedois24bits:complementoax2|somador16bits:soma_baixa|eightbitsadder:s1|fourbitsadder:addr1|fulladder:addr1|halfadder:halfadder2|And0      ; 0                 ; 6       ;
;      - complementodedois24bits:complementoax2|somador16bits:soma_baixa|eightbitsadder:s1|fourbitsadder:addr1|fulladder:addr2|halfadder:halfadder2|And0      ; 0                 ; 6       ;
;      - complementodedois24bits:complementoax2|somador16bits:soma_baixa|eightbitsadder:s1|fourbitsadder:addr1|fulladder:addr3|halfadder:halfadder2|And0      ; 0                 ; 6       ;
;      - complementodedois24bits:complementoax2|somador16bits:soma_baixa|eightbitsadder:s2|fourbitsadder:addr0|fulladder:addr1|halfadder:halfadder2|And0      ; 0                 ; 6       ;
;      - complementodedois24bits:complementoax2|somador16bits:soma_baixa|eightbitsadder:s2|fourbitsadder:addr0|fulladder:addr2|halfadder:halfadder2|And0      ; 0                 ; 6       ;
;      - complementodedois24bits:complementoax2|somador16bits:soma_baixa|eightbitsadder:s2|fourbitsadder:addr0|fulladder:addr3|halfadder:halfadder2|And0      ; 0                 ; 6       ;
;      - complementodedois24bits:complementoax2|somador16bits:soma_baixa|eightbitsadder:s2|fourbitsadder:addr1|fulladder:addr3|halfadder:halfadder2|And0      ; 0                 ; 6       ;
;      - complementodedois24bits:complementoax2|somador16bits:soma_baixa|eightbitsadder:s2|fourbitsadder:addr1|fulladder:addr3|halfadder:halfadder2|Xor0      ; 0                 ; 6       ;
;      - complementodedois24bits:complementoax2|somador16bits:soma_baixa|eightbitsadder:s2|fourbitsadder:addr0|fulladder:addr1|halfadder:halfadder2|Xor0      ; 0                 ; 6       ;
;      - complementodedois24bits:complementoax2|somador16bits:soma_baixa|eightbitsadder:s1|fourbitsadder:addr1|fulladder:addr3|halfadder:halfadder2|Xor0      ; 0                 ; 6       ;
;      - complementodedois24bits:complementoax2|somador16bits:soma_baixa|eightbitsadder:s1|fourbitsadder:addr1|fulladder:addr2|halfadder:halfadder2|Xor0      ; 0                 ; 6       ;
;      - complementodedois24bits:complementoax2|somador16bits:soma_baixa|eightbitsadder:s1|fourbitsadder:addr1|fulladder:addr1|halfadder:halfadder2|Xor0      ; 0                 ; 6       ;
;      - complementodedois24bits:complementoax2|eightbitsadder:soma_alta|fourbitsadder:addr0|fulladder:addr0|halfadder:halfadder2|Xor0                        ; 0                 ; 6       ;
;      - complementodedois24bits:complementoax2|somador16bits:soma_baixa|eightbitsadder:s2|fourbitsadder:addr1|fulladder:addr0|halfadder:halfadder2|And0      ; 0                 ; 6       ;
;      - somador16bits:soma1|eightbitsadder:s2|fourbitsadder:addr1|fulladder:addr2|halfadder:halfadder2|Xor0~4                                                ; 0                 ; 6       ;
;      - complementodedois24bits:complementoax2|eightbitsadder:soma_alta|fourbitsadder:addr0|fulladder:addr3|halfadder:halfadder2|And0                        ; 0                 ; 6       ;
;      - complementodedois24bits:complementoax2|eightbitsadder:soma_alta|fourbitsadder:addr0|fulladder:addr3|halfadder:halfadder2|Xor0                        ; 0                 ; 6       ;
; X[7]                                                                                                                                                        ;                   ;         ;
;      - sinalax                                                                                                                                              ; 0                 ; 6       ;
;      - resultadosinal                                                                                                                                       ; 0                 ; 6       ;
;      - complementodedois24bits:complementoax2|somador16bits:soma_baixa|eightbitsadder:s1|fourbitsadder:addr1|fulladder:addr1|halfadder:halfadder2|And0      ; 0                 ; 6       ;
;      - complementodedois24bits:complementoax2|somador16bits:soma_baixa|eightbitsadder:s1|fourbitsadder:addr1|fulladder:addr2|halfadder:halfadder2|And0      ; 0                 ; 6       ;
;      - complementodedois24bits:complementoax2|somador16bits:soma_baixa|eightbitsadder:s1|fourbitsadder:addr1|fulladder:addr3|halfadder:halfadder2|And0      ; 0                 ; 6       ;
;      - complementodedois24bits:complementoax2|somador16bits:soma_baixa|eightbitsadder:s2|fourbitsadder:addr0|fulladder:addr1|halfadder:halfadder2|And0      ; 0                 ; 6       ;
;      - complementodedois24bits:complementoax2|somador16bits:soma_baixa|eightbitsadder:s2|fourbitsadder:addr0|fulladder:addr2|halfadder:halfadder2|And0      ; 0                 ; 6       ;
;      - complementodedois24bits:complementoax2|somador16bits:soma_baixa|eightbitsadder:s2|fourbitsadder:addr0|fulladder:addr3|halfadder:halfadder2|And0      ; 0                 ; 6       ;
;      - complementodedois24bits:complementoax2|somador16bits:soma_baixa|eightbitsadder:s2|fourbitsadder:addr1|fulladder:addr3|halfadder:halfadder2|And0      ; 0                 ; 6       ;
;      - complementodedois16bits:complementodoproduto|X_invertido[14]                                                                                         ; 0                 ; 6       ;
;      - complementodedois16bits:complementodoproduto|X_invertido[13]                                                                                         ; 0                 ; 6       ;
;      - complementodedois16bits:complementodoproduto|X_invertido[11]                                                                                         ; 0                 ; 6       ;
;      - complementodedois16bits:complementodoproduto|somador16bits:somador|eightbitsadder:s1|fourbitsadder:addr0|fulladder:addr3|halfadder:halfadder2|And0   ; 0                 ; 6       ;
;      - complementodedois16bits:complementodoproduto|somador16bits:somador|eightbitsadder:s1|fourbitsadder:addr1|fulladder:addr1|halfadder:halfadder2|And0   ; 0                 ; 6       ;
;      - complementodedois16bits:complementodoproduto|somador16bits:somador|eightbitsadder:s1|fourbitsadder:addr1|fulladder:addr2|halfadder:halfadder2|And0   ; 0                 ; 6       ;
;      - complementodedois16bits:complementodoproduto|somador16bits:somador|eightbitsadder:s1|fourbitsadder:addr1|fulladder:addr3|halfadder:halfadder2|And0   ; 0                 ; 6       ;
;      - complementodedois16bits:complementodoproduto|somador16bits:somador|eightbitsadder:s2|fourbitsadder:addr0|fulladder:addr0|halfadder:halfadder2|And0   ; 0                 ; 6       ;
;      - complementodedois16bits:complementodoproduto|somador16bits:somador|eightbitsadder:s2|fourbitsadder:addr0|fulladder:addr1|halfadder:halfadder2|And0   ; 0                 ; 6       ;
;      - complementodedois24bits:complementoax2|somador16bits:soma_baixa|eightbitsadder:s2|fourbitsadder:addr1|fulladder:addr3|halfadder:halfadder2|Xor0      ; 0                 ; 6       ;
;      - complementodedois16bits:complementodoproduto|somador16bits:somador|eightbitsadder:s2|fourbitsadder:addr1|fulladder:addr1|halfadder:halfadder2|And0   ; 0                 ; 6       ;
;      - complementodedois16bits:complementodoproduto|X_invertido[10]                                                                                         ; 0                 ; 6       ;
;      - complementodedois16bits:complementodoproduto|X_invertido[9]                                                                                          ; 0                 ; 6       ;
;      - complementodedois24bits:complementoax2|somador16bits:soma_baixa|eightbitsadder:s2|fourbitsadder:addr0|fulladder:addr1|halfadder:halfadder2|Xor0      ; 0                 ; 6       ;
;      - complementodedois16bits:complementodoproduto|X_invertido[8]                                                                                          ; 0                 ; 6       ;
;      - complementodedois16bits:complementodoproduto|X_invertido[7]                                                                                          ; 0                 ; 6       ;
;      - complementodedois24bits:complementoax2|somador16bits:soma_baixa|eightbitsadder:s1|fourbitsadder:addr1|fulladder:addr3|halfadder:halfadder2|Xor0      ; 0                 ; 6       ;
;      - complementodedois16bits:complementodoproduto|X_invertido[6]                                                                                          ; 0                 ; 6       ;
;      - complementodedois24bits:complementoax2|somador16bits:soma_baixa|eightbitsadder:s1|fourbitsadder:addr1|fulladder:addr2|halfadder:halfadder2|Xor0      ; 0                 ; 6       ;
;      - complementodedois16bits:complementodoproduto|X_invertido[5]                                                                                          ; 0                 ; 6       ;
;      - complementodedois24bits:complementoax2|somador16bits:soma_baixa|eightbitsadder:s1|fourbitsadder:addr1|fulladder:addr1|halfadder:halfadder2|Xor0      ; 0                 ; 6       ;
;      - complementodedois16bits:complementodoproduto|X_invertido[4]                                                                                          ; 0                 ; 6       ;
;      - complementodedois16bits:complementodoproduto|X_invertido[3]                                                                                          ; 0                 ; 6       ;
;      - complementodedois16bits:complementodoproduto|X_invertido[2]                                                                                          ; 0                 ; 6       ;
;      - complementodedois24bits:complementoax2|eightbitsadder:soma_alta|fourbitsadder:addr0|fulladder:addr0|halfadder:halfadder2|Xor0                        ; 0                 ; 6       ;
;      - complementodedois24bits:complementoax2|somador16bits:soma_baixa|eightbitsadder:s2|fourbitsadder:addr1|fulladder:addr0|halfadder:halfadder2|And0      ; 0                 ; 6       ;
;      - complementodedois24bits:complementoax2|eightbitsadder:soma_alta|fourbitsadder:addr0|fulladder:addr3|halfadder:halfadder2|And0                        ; 0                 ; 6       ;
;      - complementodedois24bits:complementoax2|eightbitsadder:soma_alta|fourbitsadder:addr0|fulladder:addr3|halfadder:halfadder2|Xor0                        ; 0                 ; 6       ;
; B[7]                                                                                                                                                        ;                   ;         ;
;      - resultadosinal                                                                                                                                       ; 1                 ; 6       ;
;      - somador16bits:soma1|eightbitsadder:s1|fourbitsadder:addr1|fulladder:addr0|halfadder:halfadder1|Xor0~0                                                ; 1                 ; 6       ;
;      - somador16bits:soma1|eightbitsadder:s1|fourbitsadder:addr0|fulladder:addr1|halfadder:halfadder2|Xor0~2                                                ; 1                 ; 6       ;
;      - complementodedois16bits:complementodoproduto|X_invertido[14]                                                                                         ; 1                 ; 6       ;
;      - complementodedois16bits:complementodoproduto|X_invertido[13]                                                                                         ; 1                 ; 6       ;
;      - complementodedois16bits:complementodoproduto|X_invertido[11]                                                                                         ; 1                 ; 6       ;
;      - complementodedois16bits:complementodoproduto|somador16bits:somador|eightbitsadder:s1|fourbitsadder:addr0|fulladder:addr3|halfadder:halfadder2|And0   ; 1                 ; 6       ;
;      - complementodedois16bits:complementodoproduto|somador16bits:somador|eightbitsadder:s1|fourbitsadder:addr1|fulladder:addr1|halfadder:halfadder2|And0   ; 1                 ; 6       ;
;      - complementodedois16bits:complementodoproduto|somador16bits:somador|eightbitsadder:s1|fourbitsadder:addr1|fulladder:addr2|halfadder:halfadder2|And0   ; 1                 ; 6       ;
;      - complementodedois16bits:complementodoproduto|somador16bits:somador|eightbitsadder:s1|fourbitsadder:addr1|fulladder:addr3|halfadder:halfadder2|And0   ; 1                 ; 6       ;
;      - complementodedois16bits:complementodoproduto|somador16bits:somador|eightbitsadder:s2|fourbitsadder:addr0|fulladder:addr0|halfadder:halfadder2|And0   ; 1                 ; 6       ;
;      - complementodedois16bits:complementodoproduto|somador16bits:somador|eightbitsadder:s2|fourbitsadder:addr0|fulladder:addr1|halfadder:halfadder2|And0   ; 1                 ; 6       ;
;      - complementodedois16bits:complementodoproduto|somador16bits:somador|eightbitsadder:s2|fourbitsadder:addr1|fulladder:addr1|halfadder:halfadder2|And0   ; 1                 ; 6       ;
;      - complementodedois16bits:complementodoproduto|X_invertido[10]                                                                                         ; 1                 ; 6       ;
;      - complementodedois16bits:complementodoproduto|X_invertido[9]                                                                                          ; 1                 ; 6       ;
;      - complementodedois16bits:complementodoproduto|X_invertido[8]                                                                                          ; 1                 ; 6       ;
;      - complementodedois16bits:complementodoproduto|X_invertido[7]                                                                                          ; 1                 ; 6       ;
;      - complementodedois16bits:complementodoproduto|X_invertido[6]                                                                                          ; 1                 ; 6       ;
;      - complementodedois16bits:complementodoproduto|X_invertido[5]                                                                                          ; 1                 ; 6       ;
;      - complementodedois16bits:complementodoproduto|X_invertido[4]                                                                                          ; 1                 ; 6       ;
;      - complementodedois16bits:complementodoproduto|X_invertido[3]                                                                                          ; 1                 ; 6       ;
;      - complementodedois16bits:complementodoproduto|X_invertido[2]                                                                                          ; 1                 ; 6       ;
;      - somador16bits:soma1|eightbitsadder:s2|fourbitsadder:addr1|fulladder:addr2|halfadder:halfadder2|Xor0~4                                                ; 1                 ; 6       ;
; B[1]                                                                                                                                                        ;                   ;         ;
;      - multiplicador:fazerproduto|pp1[1]                                                                                                                    ; 0                 ; 6       ;
;      - multiplicador:fazerproduto|pp1[2]                                                                                                                    ; 0                 ; 6       ;
;      - multiplicador:fazerproduto|somador16bits:s_l1_0|eightbitsadder:s1|fourbitsadder:addr0|fulladder:addr3|Or0~0                                          ; 0                 ; 6       ;
;      - multiplicador:fazerproduto|somador16bits:s_l1_0|eightbitsadder:s1|fourbitsadder:addr1|fulladder:addr0|Or0~0                                          ; 0                 ; 6       ;
;      - multiplicador:fazerproduto|somador16bits:s_l1_0|eightbitsadder:s1|fourbitsadder:addr1|fulladder:addr1|Or0~0                                          ; 0                 ; 6       ;
;      - multiplicador:fazerproduto|somador16bits:s_l1_0|eightbitsadder:s1|fourbitsadder:addr1|fulladder:addr2|Or0~0                                          ; 0                 ; 6       ;
;      - multiplicador:fazerproduto|somador16bits:s_l1_0|eightbitsadder:s1|fourbitsadder:addr1|fulladder:addr3|halfadder:halfadder2|And0                      ; 0                 ; 6       ;
;      - multiplicador:fazerproduto|somador16bits:s_l1_0|eightbitsadder:s1|fourbitsadder:addr1|fulladder:addr3|halfadder:halfadder2|Xor0~0                    ; 0                 ; 6       ;
;      - multiplicador:fazerproduto|somador16bits:s_l1_0|eightbitsadder:s1|fourbitsadder:addr1|fulladder:addr2|halfadder:halfadder2|Xor0~0                    ; 0                 ; 6       ;
;      - multiplicador:fazerproduto|somador16bits:s_l1_0|eightbitsadder:s1|fourbitsadder:addr1|fulladder:addr1|halfadder:halfadder2|Xor0~0                    ; 0                 ; 6       ;
;      - multiplicador:fazerproduto|somador16bits:s_l1_0|eightbitsadder:s1|fourbitsadder:addr1|fulladder:addr0|halfadder:halfadder2|Xor0~0                    ; 0                 ; 6       ;
;      - multiplicador:fazerproduto|somador16bits:s_l1_0|eightbitsadder:s1|fourbitsadder:addr0|fulladder:addr3|halfadder:halfadder2|Xor0~0                    ; 0                 ; 6       ;
; X[1]                                                                                                                                                        ;                   ;         ;
;      - multiplicador:fazerproduto|pp0[1]                                                                                                                    ; 0                 ; 6       ;
;      - multiplicador:mt00|pp4[5]                                                                                                                            ; 0                 ; 6       ;
;      - multiplicador:mt00|pp5[6]                                                                                                                            ; 0                 ; 6       ;
;      - multiplicador:mt00|somador16bits:s_l1_0|eightbitsadder:s1|fourbitsadder:addr1|fulladder:addr0|Or0~0                                                  ; 0                 ; 6       ;
;      - multiplicador:mt00|somador16bits:s_l1_0|eightbitsadder:s1|fourbitsadder:addr1|fulladder:addr1|Or0~0                                                  ; 0                 ; 6       ;
;      - multiplicador:mt00|somador16bits:s_l1_0|eightbitsadder:s1|fourbitsadder:addr1|fulladder:addr2|Or0~0                                                  ; 0                 ; 6       ;
;      - multiplicador:mt00|somador16bits:s_l1_0|eightbitsadder:s1|fourbitsadder:addr1|fulladder:addr2|halfadder:halfadder2|Xor0                              ; 0                 ; 6       ;
;      - multiplicador:mt00|somador16bits:s_l1_1|eightbitsadder:s1|fourbitsadder:addr1|fulladder:addr0|Or0~0                                                  ; 0                 ; 6       ;
;      - multiplicador:mt00|somador16bits:s_l1_1|eightbitsadder:s1|fourbitsadder:addr1|fulladder:addr0|halfadder:halfadder1|Xor0                              ; 0                 ; 6       ;
;      - multiplicador:mt00|somador16bits:s_l1_0|eightbitsadder:s1|fourbitsadder:addr1|fulladder:addr0|halfadder:halfadder2|Xor0                              ; 0                 ; 6       ;
;      - multiplicador:mt00|somador16bits:s_l1_0|eightbitsadder:s1|fourbitsadder:addr1|fulladder:addr1|halfadder:halfadder2|Xor0                              ; 0                 ; 6       ;
;      - multiplicador:mt00|somador16bits:s_l1_2|eightbitsadder:s1|fourbitsadder:addr1|fulladder:addr1|halfadder:halfadder1|Xor0~0                            ; 0                 ; 6       ;
;      - multiplicador:mt00|somador16bits:s_l1_2|eightbitsadder:s1|fourbitsadder:addr1|fulladder:addr1|halfadder:halfadder1|And0                              ; 0                 ; 6       ;
;      - multiplicador:mt00|somador16bits:s_l2_0|eightbitsadder:s1|fourbitsadder:addr0|fulladder:addr3|halfadder:halfadder2|Xor0~0                            ; 0                 ; 6       ;
;      - multiplicador:mt02|pp2[8]~0                                                                                                                          ; 0                 ; 6       ;
;      - multiplicador:mt02|pp2[7]~1                                                                                                                          ; 0                 ; 6       ;
;      - multiplicador:mt02|pp2[6]~2                                                                                                                          ; 0                 ; 6       ;
;      - multiplicador:mt00|somador16bits:s_l2_0|eightbitsadder:s1|fourbitsadder:addr0|fulladder:addr3|halfadder:halfadder2|Xor0~1                            ; 0                 ; 6       ;
;      - multiplicador:mt02|pp2[5]~3                                                                                                                          ; 0                 ; 6       ;
;      - multiplicador:mt02|pp3[8]                                                                                                                            ; 0                 ; 6       ;
;      - multiplicador:mt02|pp3[7]                                                                                                                            ; 0                 ; 6       ;
;      - multiplicador:mt02|pp2[2]~4                                                                                                                          ; 0                 ; 6       ;
;      - multiplicador:mt02|pp3[5]                                                                                                                            ; 0                 ; 6       ;
;      - multiplicador:mt02|pp3[4]                                                                                                                            ; 0                 ; 6       ;
;      - multiplicador:mt02|pp2[4]~5                                                                                                                          ; 0                 ; 6       ;
;      - multiplicador:mt02|pp2[2]~6                                                                                                                          ; 0                 ; 6       ;
;      - multiplicador:mt00|pp6[7]                                                                                                                            ; 0                 ; 6       ;
;      - multiplicador:mt00|somador16bits:s_l1_0|eightbitsadder:s1|fourbitsadder:addr1|fulladder:addr3|halfadder:halfadder2|Xor0                              ; 0                 ; 6       ;
;      - multiplicador:fazerproduto|pp6[7]                                                                                                                    ; 0                 ; 6       ;
;      - multiplicador:fazerproduto|somador16bits:s_l1_1|eightbitsadder:s1|fourbitsadder:addr1|fulladder:addr0|Or0~0                                          ; 0                 ; 6       ;
;      - multiplicador:fazerproduto|pp1[2]                                                                                                                    ; 0                 ; 6       ;
;      - multiplicador:fazerproduto|somador16bits:s_l1_1|eightbitsadder:s1|fourbitsadder:addr1|fulladder:addr0|halfadder:halfadder1|Xor0~0                    ; 0                 ; 6       ;
;      - multiplicador:fazerproduto|somador16bits:s_l1_1|eightbitsadder:s1|fourbitsadder:addr0|fulladder:addr3|halfadder:halfadder1|And0                      ; 0                 ; 6       ;
;      - multiplicador:fazerproduto|somador16bits:s_l1_1|eightbitsadder:s1|fourbitsadder:addr0|fulladder:addr3|halfadder:halfadder1|Xor0~0                    ; 0                 ; 6       ;
;      - complementodedois24bits:absolutofinal|X_invertido[7]~2                                                                                               ; 0                 ; 6       ;
;      - multiplicador:fazerproduto|somador16bits:s_l1_2|eightbitsadder:s1|fourbitsadder:addr1|fulladder:addr1|halfadder:halfadder1|Xor0~0                    ; 0                 ; 6       ;
;      - multiplicador:mt00|somador16bits:s_l2_0|eightbitsadder:s1|fourbitsadder:addr1|fulladder:addr1|halfadder:halfadder2|Xor0~2                            ; 0                 ; 6       ;
;      - multiplicador:mt00|somador16bits:s_l1_0|eightbitsadder:s1|fourbitsadder:addr1|fulladder:addr3|halfadder:halfadder2|And0                              ; 0                 ; 6       ;
;      - multiplicador:mt00|somador16bits:s_l2_1|eightbitsadder:s1|fourbitsadder:addr1|fulladder:addr3|halfadder:halfadder1|Xor0                              ; 0                 ; 6       ;
;      - multiplicador:mt00|somador16bits:s_l1_0|eightbitsadder:s1|fourbitsadder:addr0|fulladder:addr3|Or0~0                                                  ; 0                 ; 6       ;
;      - multiplicador:mt00|somador16bits:s_l1_1|eightbitsadder:s1|fourbitsadder:addr0|fulladder:addr3|halfadder:halfadder1|And0~0                            ; 0                 ; 6       ;
;      - multiplicador:mt00|somador16bits:s_l2_0|eightbitsadder:s1|fourbitsadder:addr0|fulladder:addr3|Or0~0                                                  ; 0                 ; 6       ;
;      - multiplicador:mt00|somador16bits:s_l2_0|eightbitsadder:s1|fourbitsadder:addr1|fulladder:addr0|halfadder:halfadder2|Xor0~2                            ; 0                 ; 6       ;
;      - multiplicador:fazerproduto|somador16bits:s_l1_2|eightbitsadder:s1|fourbitsadder:addr1|fulladder:addr2|Or0~9                                          ; 0                 ; 6       ;
;      - multiplicador:fazerproduto|somador16bits:s_l1_2|eightbitsadder:s1|fourbitsadder:addr1|fulladder:addr2|halfadder:halfadder2|Xor0~4                    ; 0                 ; 6       ;
;      - multiplicador:fazerproduto|somador16bits:s_l1_2|eightbitsadder:s1|fourbitsadder:addr1|fulladder:addr2|halfadder:halfadder2|Xor0~5                    ; 0                 ; 6       ;
; X[5]                                                                                                                                                        ;                   ;         ;
;      - multiplicador:mt00|pp5[5]                                                                                                                            ; 0                 ; 6       ;
;      - multiplicador:mt00|pp5[6]                                                                                                                            ; 0                 ; 6       ;
;      - multiplicador:mt00|somador16bits:s_l1_0|eightbitsadder:s1|fourbitsadder:addr1|fulladder:addr2|Or0~0                                                  ; 0                 ; 6       ;
;      - multiplicador:mt00|somador16bits:s_l1_0|eightbitsadder:s1|fourbitsadder:addr1|fulladder:addr2|halfadder:halfadder2|Xor0                              ; 0                 ; 6       ;
;      - multiplicador:mt00|somador16bits:s_l1_2|eightbitsadder:s1|fourbitsadder:addr1|fulladder:addr1|halfadder:halfadder1|Xor0~0                            ; 0                 ; 6       ;
;      - multiplicador:mt00|somador16bits:s_l1_2|eightbitsadder:s1|fourbitsadder:addr1|fulladder:addr1|halfadder:halfadder1|And0                              ; 0                 ; 6       ;
;      - multiplicador:mt00|somador16bits:s_l2_1|eightbitsadder:s2|fourbitsadder:addr0|fulladder:addr2|Or0~2                                                  ; 0                 ; 6       ;
;      - multiplicador:mt00|somador16bits:s_l1_2|eightbitsadder:s1|fourbitsadder:addr1|fulladder:addr3|Or0~0                                                  ; 0                 ; 6       ;
;      - multiplicador:mt00|somador16bits:s_l1_2|eightbitsadder:s2|fourbitsadder:addr0|fulladder:addr0|halfadder:halfadder1|Xor0                              ; 0                 ; 6       ;
;      - multiplicador:mt00|somador16bits:s_l1_2|eightbitsadder:s1|fourbitsadder:addr1|fulladder:addr3|halfadder:halfadder2|Xor0~0                            ; 0                 ; 6       ;
;      - multiplicador:mt00|somador16bits:s_l1_2|eightbitsadder:s2|fourbitsadder:addr0|fulladder:addr0|Or0~0                                                  ; 0                 ; 6       ;
;      - multiplicador:mt00|somador16bits:s_l1_1|eightbitsadder:s1|fourbitsadder:addr1|fulladder:addr3|Or0~0                                                  ; 0                 ; 6       ;
;      - multiplicador:mt00|somador16bits:s_l1_1|eightbitsadder:s2|fourbitsadder:addr0|fulladder:addr0|Or0~0                                                  ; 0                 ; 6       ;
;      - multiplicador:mt00|somador16bits:s_l1_1|eightbitsadder:s2|fourbitsadder:addr0|fulladder:addr0|halfadder:halfadder1|Xor0                              ; 0                 ; 6       ;
;      - multiplicador:mt00|somador16bits:s_final|eightbitsadder:s2|fourbitsadder:addr0|fulladder:addr3|Or0~0                                                 ; 0                 ; 6       ;
;      - multiplicador:mt00|somador16bits:s_final|eightbitsadder:s2|fourbitsadder:addr0|fulladder:addr3|halfadder:halfadder2|Xor0                             ; 0                 ; 6       ;
;      - multiplicador:fazerproduto|somador16bits:s_l1_2|eightbitsadder:s2|fourbitsadder:addr0|fulladder:addr1|halfadder:halfadder1|Xor0~0                    ; 0                 ; 6       ;
;      - multiplicador:fazerproduto|somador16bits:s_l1_2|eightbitsadder:s2|fourbitsadder:addr0|fulladder:addr2|halfadder:halfadder1|Xor0~0                    ; 0                 ; 6       ;
;      - multiplicador:fazerproduto|pp4[9]                                                                                                                    ; 0                 ; 6       ;
;      - multiplicador:fazerproduto|pp2[7]                                                                                                                    ; 0                 ; 6       ;
;      - multiplicador:fazerproduto|somador16bits:s_l1_1|eightbitsadder:s2|fourbitsadder:addr0|fulladder:addr0|Or0~0                                          ; 0                 ; 6       ;
;      - multiplicador:fazerproduto|somador16bits:s_l1_1|eightbitsadder:s2|fourbitsadder:addr0|fulladder:addr0|halfadder:halfadder1|Xor0~0                    ; 0                 ; 6       ;
;      - multiplicador:fazerproduto|pp0[5]                                                                                                                    ; 0                 ; 6       ;
;      - multiplicador:fazerproduto|somador16bits:s_l1_0|eightbitsadder:s1|fourbitsadder:addr1|fulladder:addr2|Or0~0                                          ; 0                 ; 6       ;
;      - multiplicador:fazerproduto|somador16bits:s_l1_1|eightbitsadder:s1|fourbitsadder:addr1|fulladder:addr3|halfadder:halfadder1|Xor0~0                    ; 0                 ; 6       ;
;      - multiplicador:fazerproduto|somador16bits:s_l1_0|eightbitsadder:s1|fourbitsadder:addr1|fulladder:addr2|halfadder:halfadder2|Xor0~0                    ; 0                 ; 6       ;
;      - multiplicador:fazerproduto|pp6[11]                                                                                                                   ; 0                 ; 6       ;
;      - multiplicador:fazerproduto|somador16bits:s_l1_2|eightbitsadder:s2|fourbitsadder:addr0|fulladder:addr2|Or0~0                                          ; 0                 ; 6       ;
;      - multiplicador:mt00|somador16bits:s_l2_1|eightbitsadder:s2|fourbitsadder:addr0|fulladder:addr2|Or0~3                                                  ; 0                 ; 6       ;
;      - multiplicador:mt00|somador16bits:s_final|eightbitsadder:s2|fourbitsadder:addr1|fulladder:addr1|halfadder:halfadder2|Xor0                             ; 0                 ; 6       ;
;      - multiplicador:mt00|somador16bits:s_final|eightbitsadder:s2|fourbitsadder:addr1|fulladder:addr1|halfadder:halfadder2|And0~2                           ; 0                 ; 6       ;
; X[4]                                                                                                                                                        ;                   ;         ;
;      - multiplicador:mt00|pp4[5]                                                                                                                            ; 1                 ; 6       ;
;      - multiplicador:mt00|pp2[6]                                                                                                                            ; 1                 ; 6       ;
;      - multiplicador:mt00|pp4[4]                                                                                                                            ; 1                 ; 6       ;
;      - multiplicador:mt00|somador16bits:s_l1_0|eightbitsadder:s1|fourbitsadder:addr1|fulladder:addr1|Or0~0                                                  ; 1                 ; 6       ;
;      - multiplicador:mt00|somador16bits:s_l1_1|eightbitsadder:s1|fourbitsadder:addr1|fulladder:addr2|halfadder:halfadder1|Xor0                              ; 1                 ; 6       ;
;      - multiplicador:mt00|somador16bits:s_l1_0|eightbitsadder:s1|fourbitsadder:addr1|fulladder:addr1|halfadder:halfadder2|Xor0                              ; 1                 ; 6       ;
;      - multiplicador:mt00|somador16bits:s_l1_2|eightbitsadder:s1|fourbitsadder:addr1|fulladder:addr1|halfadder:halfadder1|Xor0~0                            ; 1                 ; 6       ;
;      - multiplicador:mt00|somador16bits:s_l1_2|eightbitsadder:s1|fourbitsadder:addr1|fulladder:addr1|halfadder:halfadder1|And0                              ; 1                 ; 6       ;
;      - multiplicador:mt00|somador16bits:s_l2_1|eightbitsadder:s2|fourbitsadder:addr0|fulladder:addr2|Or0~2                                                  ; 1                 ; 6       ;
;      - multiplicador:mt00|pp4[7]                                                                                                                            ; 1                 ; 6       ;
;      - multiplicador:mt00|somador16bits:s_l1_2|eightbitsadder:s2|fourbitsadder:addr0|fulladder:addr0|halfadder:halfadder1|Xor0                              ; 1                 ; 6       ;
;      - multiplicador:mt00|somador16bits:s_l1_2|eightbitsadder:s1|fourbitsadder:addr1|fulladder:addr3|halfadder:halfadder2|Xor0~0                            ; 1                 ; 6       ;
;      - multiplicador:mt00|somador16bits:s_l1_2|eightbitsadder:s2|fourbitsadder:addr0|fulladder:addr0|Or0~0                                                  ; 1                 ; 6       ;
;      - multiplicador:mt00|somador16bits:s_l1_1|eightbitsadder:s1|fourbitsadder:addr1|fulladder:addr3|Or0~0                                                  ; 1                 ; 6       ;
;      - multiplicador:mt00|somador16bits:s_final|eightbitsadder:s2|fourbitsadder:addr0|fulladder:addr3|Or0~0                                                 ; 1                 ; 6       ;
;      - multiplicador:mt00|somador16bits:s_final|eightbitsadder:s2|fourbitsadder:addr0|fulladder:addr3|halfadder:halfadder2|Xor0                             ; 1                 ; 6       ;
;      - multiplicador:mt00|somador16bits:s_final|eightbitsadder:s2|fourbitsadder:addr0|fulladder:addr0|halfadder:halfadder2|Xor0~0                           ; 1                 ; 6       ;
;      - multiplicador:fazerproduto|pp4[8]                                                                                                                    ; 1                 ; 6       ;
;      - multiplicador:fazerproduto|somador16bits:s_l1_2|eightbitsadder:s2|fourbitsadder:addr0|fulladder:addr1|halfadder:halfadder1|Xor0~0                    ; 1                 ; 6       ;
;      - multiplicador:fazerproduto|somador16bits:s_l1_2|eightbitsadder:s2|fourbitsadder:addr0|fulladder:addr0|halfadder:halfadder1|Xor0~0                    ; 1                 ; 6       ;
;      - multiplicador:fazerproduto|somador16bits:s_l1_2|eightbitsadder:s2|fourbitsadder:addr0|fulladder:addr1|Or0~0                                          ; 1                 ; 6       ;
;      - multiplicador:fazerproduto|somador16bits:s_l2_1|eightbitsadder:s2|fourbitsadder:addr0|fulladder:addr2|halfadder:halfadder1|Xor0~0                    ; 1                 ; 6       ;
;      - multiplicador:fazerproduto|pp2[6]                                                                                                                    ; 1                 ; 6       ;
;      - multiplicador:fazerproduto|somador16bits:s_l1_1|eightbitsadder:s1|fourbitsadder:addr1|fulladder:addr3|Or0~0                                          ; 1                 ; 6       ;
;      - multiplicador:fazerproduto|pp0[4]                                                                                                                    ; 1                 ; 6       ;
;      - multiplicador:fazerproduto|somador16bits:s_l1_0|eightbitsadder:s1|fourbitsadder:addr1|fulladder:addr1|Or0~0                                          ; 1                 ; 6       ;
;      - multiplicador:fazerproduto|somador16bits:s_l1_1|eightbitsadder:s1|fourbitsadder:addr1|fulladder:addr3|halfadder:halfadder1|Xor0~0                    ; 1                 ; 6       ;
;      - multiplicador:fazerproduto|somador16bits:s_l1_1|eightbitsadder:s1|fourbitsadder:addr1|fulladder:addr2|halfadder:halfadder1|Xor0~0                    ; 1                 ; 6       ;
;      - multiplicador:fazerproduto|somador16bits:s_l1_0|eightbitsadder:s1|fourbitsadder:addr1|fulladder:addr1|halfadder:halfadder2|Xor0~0                    ; 1                 ; 6       ;
;      - multiplicador:fazerproduto|pp6[10]                                                                                                                   ; 1                 ; 6       ;
;      - multiplicador:mt00|somador16bits:s_l2_1|eightbitsadder:s2|fourbitsadder:addr0|fulladder:addr2|Or0~3                                                  ; 1                 ; 6       ;
;      - multiplicador:mt00|somador16bits:s_final|eightbitsadder:s2|fourbitsadder:addr1|fulladder:addr1|halfadder:halfadder2|Xor0                             ; 1                 ; 6       ;
;      - multiplicador:mt00|somador16bits:s_final|eightbitsadder:s2|fourbitsadder:addr1|fulladder:addr1|halfadder:halfadder2|And0~2                           ; 1                 ; 6       ;
; X[2]                                                                                                                                                        ;                   ;         ;
;      - multiplicador:mt00|pp2[6]                                                                                                                            ; 1                 ; 6       ;
;      - multiplicador:mt00|somador16bits:s_l1_1|eightbitsadder:s1|fourbitsadder:addr1|fulladder:addr2|Or0~0                                                  ; 1                 ; 6       ;
;      - multiplicador:mt00|somador16bits:s_l1_1|eightbitsadder:s1|fourbitsadder:addr1|fulladder:addr2|halfadder:halfadder1|Xor0                              ; 1                 ; 6       ;
;      - multiplicador:mt00|somador16bits:s_l1_1|eightbitsadder:s1|fourbitsadder:addr1|fulladder:addr0|Or0~0                                                  ; 1                 ; 6       ;
;      - multiplicador:mt00|somador16bits:s_l1_1|eightbitsadder:s1|fourbitsadder:addr1|fulladder:addr0|halfadder:halfadder1|Xor0                              ; 1                 ; 6       ;
;      - multiplicador:mt00|somador16bits:s_l2_0|eightbitsadder:s1|fourbitsadder:addr0|fulladder:addr3|halfadder:halfadder2|Xor0~0                            ; 1                 ; 6       ;
;      - multiplicador:mt00|somador16bits:s_l2_0|eightbitsadder:s1|fourbitsadder:addr0|fulladder:addr3|halfadder:halfadder2|Xor0~1                            ; 1                 ; 6       ;
;      - multiplicador:mt02|pp3[8]                                                                                                                            ; 1                 ; 6       ;
;      - multiplicador:mt02|pp3[7]                                                                                                                            ; 1                 ; 6       ;
;      - multiplicador:mt02|pp3[5]                                                                                                                            ; 1                 ; 6       ;
;      - multiplicador:mt02|pp3[4]                                                                                                                            ; 1                 ; 6       ;
;      - multiplicador:mt00|somador16bits:s_l1_2|eightbitsadder:s1|fourbitsadder:addr1|fulladder:addr3|Or0~0                                                  ; 1                 ; 6       ;
;      - multiplicador:mt00|pp6[8]                                                                                                                            ; 1                 ; 6       ;
;      - multiplicador:mt00|somador16bits:s_l1_2|eightbitsadder:s1|fourbitsadder:addr1|fulladder:addr3|halfadder:halfadder2|Xor0~0                            ; 1                 ; 6       ;
;      - multiplicador:mt00|somador16bits:s_l1_1|eightbitsadder:s1|fourbitsadder:addr1|fulladder:addr3|Or0~0                                                  ; 1                 ; 6       ;
;      - multiplicador:mt00|somador16bits:s_l1_1|eightbitsadder:s2|fourbitsadder:addr0|fulladder:addr0|halfadder:halfadder1|Xor0                              ; 1                 ; 6       ;
;      - multiplicador:fazerproduto|somador16bits:s_l1_2|eightbitsadder:s1|fourbitsadder:addr1|fulladder:addr3|Or0~0                                          ; 1                 ; 6       ;
;      - multiplicador:fazerproduto|pp6[8]                                                                                                                    ; 1                 ; 6       ;
;      - multiplicador:fazerproduto|somador16bits:s_l1_2|eightbitsadder:s1|fourbitsadder:addr1|fulladder:addr3|halfadder:halfadder2|Xor0~0                    ; 1                 ; 6       ;
;      - multiplicador:fazerproduto|somador16bits:s_l1_1|eightbitsadder:s1|fourbitsadder:addr1|fulladder:addr0|Or0~0                                          ; 1                 ; 6       ;
;      - multiplicador:fazerproduto|somador16bits:s_l1_1|eightbitsadder:s1|fourbitsadder:addr1|fulladder:addr1|Or0~0                                          ; 1                 ; 6       ;
;      - multiplicador:fazerproduto|pp0[2]                                                                                                                    ; 1                 ; 6       ;
;      - multiplicador:fazerproduto|somador16bits:s_l1_0|eightbitsadder:s1|fourbitsadder:addr0|fulladder:addr3|Or0~0                                          ; 1                 ; 6       ;
;      - multiplicador:fazerproduto|somador16bits:s_l1_1|eightbitsadder:s1|fourbitsadder:addr1|fulladder:addr1|halfadder:halfadder1|Xor0~0                    ; 1                 ; 6       ;
;      - multiplicador:fazerproduto|somador16bits:s_l1_1|eightbitsadder:s1|fourbitsadder:addr1|fulladder:addr0|halfadder:halfadder1|Xor0~0                    ; 1                 ; 6       ;
;      - multiplicador:fazerproduto|somador16bits:s_l1_0|eightbitsadder:s1|fourbitsadder:addr0|fulladder:addr3|halfadder:halfadder2|Xor0~0                    ; 1                 ; 6       ;
;      - multiplicador:fazerproduto|somador16bits:s_l2_1|eightbitsadder:s2|fourbitsadder:addr0|fulladder:addr0|halfadder:halfadder1|Xor0~0                    ; 1                 ; 6       ;
;      - multiplicador:mt00|somador16bits:s_final|eightbitsadder:s1|fourbitsadder:addr1|fulladder:addr2|halfadder:halfadder2|Xor0~3                           ; 1                 ; 6       ;
;      - multiplicador:mt00|somador16bits:s_l2_0|eightbitsadder:s1|fourbitsadder:addr1|fulladder:addr1|halfadder:halfadder2|Xor0~2                            ; 1                 ; 6       ;
;      - multiplicador:mt00|somador16bits:s_l2_1|eightbitsadder:s2|fourbitsadder:addr0|fulladder:addr0|halfadder:halfadder1|Xor0                              ; 1                 ; 6       ;
;      - multiplicador:mt00|somador16bits:s_l1_0|eightbitsadder:s1|fourbitsadder:addr0|fulladder:addr3|Or0~0                                                  ; 1                 ; 6       ;
;      - multiplicador:mt00|somador16bits:s_l1_1|eightbitsadder:s1|fourbitsadder:addr0|fulladder:addr3|halfadder:halfadder1|And0~0                            ; 1                 ; 6       ;
;      - multiplicador:mt00|somador16bits:s_l2_0|eightbitsadder:s1|fourbitsadder:addr0|fulladder:addr3|Or0~0                                                  ; 1                 ; 6       ;
;      - multiplicador:mt00|somador16bits:s_l2_0|eightbitsadder:s1|fourbitsadder:addr1|fulladder:addr0|halfadder:halfadder2|Xor0~2                            ; 1                 ; 6       ;
;      - multiplicador:fazerproduto|somador16bits:s_l1_2|eightbitsadder:s1|fourbitsadder:addr1|fulladder:addr2|Or0~3                                          ; 1                 ; 6       ;
;      - multiplicador:fazerproduto|somador16bits:s_l1_2|eightbitsadder:s1|fourbitsadder:addr1|fulladder:addr2|halfadder:halfadder2|Xor0~5                    ; 1                 ; 6       ;
; X[6]                                                                                                                                                        ;                   ;         ;
;      - multiplicador:mt00|pp6[6]                                                                                                                            ; 1                 ; 6       ;
;      - multiplicador:mt00|pp6[8]                                                                                                                            ; 1                 ; 6       ;
;      - multiplicador:mt00|pp6[7]                                                                                                                            ; 1                 ; 6       ;
;      - multiplicador:mt00|somador16bits:s_l2_1|eightbitsadder:s2|fourbitsadder:addr0|fulladder:addr1|Or0~0                                                  ; 1                 ; 6       ;
;      - multiplicador:mt00|somador16bits:s_l1_1|eightbitsadder:s2|fourbitsadder:addr0|fulladder:addr0|halfadder:halfadder1|Xor0                              ; 1                 ; 6       ;
;      - multiplicador:mt00|somador16bits:s_l1_0|eightbitsadder:s1|fourbitsadder:addr1|fulladder:addr3|halfadder:halfadder2|Xor0                              ; 1                 ; 6       ;
;      - multiplicador:mt00|somador16bits:s_l2_0|eightbitsadder:s2|fourbitsadder:addr0|fulladder:addr2|halfadder:halfadder2|Xor0                              ; 1                 ; 6       ;
;      - multiplicador:mt00|somador16bits:s_l2_1|eightbitsadder:s2|fourbitsadder:addr0|fulladder:addr1|halfadder:halfadder1|Xor0                              ; 1                 ; 6       ;
;      - multiplicador:mt00|somador16bits:s_l2_0|eightbitsadder:s2|fourbitsadder:addr0|fulladder:addr1|halfadder:halfadder2|Xor0                              ; 1                 ; 6       ;
;      - multiplicador:mt01|pp4[5]                                                                                                                            ; 1                 ; 6       ;
;      - multiplicador:mt01|pp4[6]                                                                                                                            ; 1                 ; 6       ;
;      - multiplicador:mt01|pp4[4]                                                                                                                            ; 1                 ; 6       ;
;      - multiplicador:mt01|pp4[7]                                                                                                                            ; 1                 ; 6       ;
;      - multiplicador:mt01|pp4[8]                                                                                                                            ; 1                 ; 6       ;
;      - multiplicador:mt01|pp4[9]                                                                                                                            ; 1                 ; 6       ;
;      - multiplicador:mt01|pp4[10]                                                                                                                           ; 1                 ; 6       ;
;      - multiplicador:fazerproduto|somador16bits:s_l1_2|eightbitsadder:s2|fourbitsadder:addr0|fulladder:addr2|halfadder:halfadder1|Xor0~0                    ; 1                 ; 6       ;
;      - multiplicador:fazerproduto|pp2[8]                                                                                                                    ; 1                 ; 6       ;
;      - multiplicador:fazerproduto|somador16bits:s_l1_1|eightbitsadder:s2|fourbitsadder:addr0|fulladder:addr0|halfadder:halfadder1|Xor0~0                    ; 1                 ; 6       ;
;      - multiplicador:fazerproduto|pp0[6]                                                                                                                    ; 1                 ; 6       ;
;      - multiplicador:fazerproduto|somador16bits:s_l1_0|eightbitsadder:s1|fourbitsadder:addr1|fulladder:addr3|halfadder:halfadder2|And0                      ; 1                 ; 6       ;
;      - multiplicador:fazerproduto|somador16bits:s_l1_0|eightbitsadder:s1|fourbitsadder:addr1|fulladder:addr3|halfadder:halfadder2|Xor0~0                    ; 1                 ; 6       ;
;      - multiplicador:fazerproduto|somador16bits:s_l2_0|eightbitsadder:s2|fourbitsadder:addr0|fulladder:addr2|halfadder:halfadder2|Xor0                      ; 1                 ; 6       ;
;      - complementodedois24bits:absolutofinal|X_invertido[9]~1                                                                                               ; 1                 ; 6       ;
;      - multiplicador:fazerproduto|pp5[11]                                                                                                                   ; 1                 ; 6       ;
;      - multiplicador:fazerproduto|pp4[10]                                                                                                                   ; 1                 ; 6       ;
;      - multiplicador:fazerproduto|pp6[12]                                                                                                                   ; 1                 ; 6       ;
;      - multiplicador:mt00|somador16bits:s_l2_1|eightbitsadder:s1|fourbitsadder:addr1|fulladder:addr2|halfadder:halfadder1|And0                              ; 1                 ; 6       ;
;      - multiplicador:mt00|somador16bits:s_l1_0|eightbitsadder:s1|fourbitsadder:addr1|fulladder:addr3|halfadder:halfadder2|And0                              ; 1                 ; 6       ;
;      - multiplicador:mt00|somador16bits:s_l2_1|eightbitsadder:s2|fourbitsadder:addr0|fulladder:addr0|halfadder:halfadder1|Xor0                              ; 1                 ; 6       ;
;      - multiplicador:mt00|somador16bits:s_l2_1|eightbitsadder:s1|fourbitsadder:addr1|fulladder:addr3|halfadder:halfadder1|Xor0                              ; 1                 ; 6       ;
;      - multiplicador:mt00|somador16bits:s_l2_1|eightbitsadder:s2|fourbitsadder:addr0|fulladder:addr2|Or0~3                                                  ; 1                 ; 6       ;
;      - multiplicador:mt00|somador16bits:s_final|eightbitsadder:s2|fourbitsadder:addr1|fulladder:addr1|halfadder:halfadder2|Xor0                             ; 1                 ; 6       ;
;      - multiplicador:mt00|somador16bits:s_final|eightbitsadder:s2|fourbitsadder:addr1|fulladder:addr1|halfadder:halfadder2|And0~2                           ; 1                 ; 6       ;
; X[3]                                                                                                                                                        ;                   ;         ;
;      - multiplicador:mt00|somador16bits:s_l1_0|eightbitsadder:s1|fourbitsadder:addr1|fulladder:addr0|Or0~0                                                  ; 0                 ; 6       ;
;      - multiplicador:mt00|somador16bits:s_l1_1|eightbitsadder:s1|fourbitsadder:addr1|fulladder:addr2|Or0~0                                                  ; 0                 ; 6       ;
;      - multiplicador:mt00|somador16bits:s_l1_1|eightbitsadder:s1|fourbitsadder:addr1|fulladder:addr2|halfadder:halfadder1|Xor0                              ; 0                 ; 6       ;
;      - multiplicador:mt00|somador16bits:s_l1_1|eightbitsadder:s1|fourbitsadder:addr1|fulladder:addr0|halfadder:halfadder1|Xor0                              ; 0                 ; 6       ;
;      - multiplicador:mt00|somador16bits:s_l1_0|eightbitsadder:s1|fourbitsadder:addr1|fulladder:addr0|halfadder:halfadder2|Xor0                              ; 0                 ; 6       ;
;      - multiplicador:mt00|somador16bits:s_l2_0|eightbitsadder:s1|fourbitsadder:addr1|fulladder:addr1|Or0~0                                                  ; 0                 ; 6       ;
;      - multiplicador:mt00|somador16bits:s_l2_0|eightbitsadder:s1|fourbitsadder:addr1|fulladder:addr1|halfadder:halfadder2|Xor0                              ; 0                 ; 6       ;
;      - multiplicador:mt00|pp4[7]                                                                                                                            ; 0                 ; 6       ;
;      - multiplicador:mt00|somador16bits:s_l1_2|eightbitsadder:s2|fourbitsadder:addr0|fulladder:addr0|halfadder:halfadder1|Xor0                              ; 0                 ; 6       ;
;      - multiplicador:mt00|somador16bits:s_l1_2|eightbitsadder:s1|fourbitsadder:addr1|fulladder:addr3|halfadder:halfadder2|Xor0~0                            ; 0                 ; 6       ;
;      - multiplicador:mt00|somador16bits:s_l1_2|eightbitsadder:s2|fourbitsadder:addr0|fulladder:addr0|Or0~0                                                  ; 0                 ; 6       ;
;      - multiplicador:mt00|somador16bits:s_l2_1|eightbitsadder:s2|fourbitsadder:addr0|fulladder:addr1|Or0~0                                                  ; 0                 ; 6       ;
;      - multiplicador:mt00|somador16bits:s_l1_1|eightbitsadder:s1|fourbitsadder:addr1|fulladder:addr3|Or0~0                                                  ; 0                 ; 6       ;
;      - multiplicador:mt00|somador16bits:s_l1_1|eightbitsadder:s2|fourbitsadder:addr0|fulladder:addr0|Or0~0                                                  ; 0                 ; 6       ;
;      - multiplicador:mt00|somador16bits:s_l1_1|eightbitsadder:s2|fourbitsadder:addr0|fulladder:addr0|halfadder:halfadder1|Xor0                              ; 0                 ; 6       ;
;      - multiplicador:mt00|somador16bits:s_l2_0|eightbitsadder:s2|fourbitsadder:addr0|fulladder:addr2|halfadder:halfadder2|Xor0                              ; 0                 ; 6       ;
;      - multiplicador:mt00|somador16bits:s_l2_1|eightbitsadder:s2|fourbitsadder:addr0|fulladder:addr1|halfadder:halfadder1|Xor0                              ; 0                 ; 6       ;
;      - multiplicador:mt00|somador16bits:s_l2_0|eightbitsadder:s2|fourbitsadder:addr0|fulladder:addr1|halfadder:halfadder2|Xor0                              ; 0                 ; 6       ;
;      - multiplicador:fazerproduto|pp4[7]                                                                                                                    ; 0                 ; 6       ;
;      - multiplicador:fazerproduto|somador16bits:s_l1_2|eightbitsadder:s2|fourbitsadder:addr0|fulladder:addr0|Or0~0                                          ; 0                 ; 6       ;
;      - multiplicador:fazerproduto|pp6[9]                                                                                                                    ; 0                 ; 6       ;
;      - multiplicador:fazerproduto|somador16bits:s_l1_2|eightbitsadder:s2|fourbitsadder:addr0|fulladder:addr0|halfadder:halfadder1|Xor0~0                    ; 0                 ; 6       ;
;      - multiplicador:fazerproduto|pp2[5]                                                                                                                    ; 0                 ; 6       ;
;      - multiplicador:fazerproduto|somador16bits:s_l1_1|eightbitsadder:s1|fourbitsadder:addr1|fulladder:addr2|Or0~0                                          ; 0                 ; 6       ;
;      - multiplicador:fazerproduto|pp0[3]                                                                                                                    ; 0                 ; 6       ;
;      - multiplicador:fazerproduto|somador16bits:s_l1_0|eightbitsadder:s1|fourbitsadder:addr1|fulladder:addr0|Or0~0                                          ; 0                 ; 6       ;
;      - multiplicador:fazerproduto|somador16bits:s_l1_1|eightbitsadder:s1|fourbitsadder:addr1|fulladder:addr2|halfadder:halfadder1|Xor0~0                    ; 0                 ; 6       ;
;      - multiplicador:fazerproduto|somador16bits:s_l1_1|eightbitsadder:s1|fourbitsadder:addr1|fulladder:addr1|halfadder:halfadder1|Xor0~0                    ; 0                 ; 6       ;
;      - multiplicador:fazerproduto|somador16bits:s_l1_0|eightbitsadder:s1|fourbitsadder:addr1|fulladder:addr0|halfadder:halfadder2|Xor0~0                    ; 0                 ; 6       ;
;      - multiplicador:fazerproduto|somador16bits:s_l2_1|eightbitsadder:s2|fourbitsadder:addr0|fulladder:addr1|halfadder:halfadder1|Xor0~0                    ; 0                 ; 6       ;
;      - multiplicador:mt00|somador16bits:s_final|eightbitsadder:s1|fourbitsadder:addr1|fulladder:addr2|halfadder:halfadder2|Xor0~3                           ; 0                 ; 6       ;
;      - multiplicador:mt00|somador16bits:s_l2_0|eightbitsadder:s1|fourbitsadder:addr1|fulladder:addr1|halfadder:halfadder2|Xor0~2                            ; 0                 ; 6       ;
;      - multiplicador:mt00|somador16bits:s_l1_0|eightbitsadder:s1|fourbitsadder:addr0|fulladder:addr3|Or0~0                                                  ; 0                 ; 6       ;
;      - multiplicador:mt00|somador16bits:s_l1_1|eightbitsadder:s1|fourbitsadder:addr0|fulladder:addr3|halfadder:halfadder1|And0~0                            ; 0                 ; 6       ;
;      - multiplicador:mt00|somador16bits:s_l2_0|eightbitsadder:s1|fourbitsadder:addr0|fulladder:addr3|Or0~0                                                  ; 0                 ; 6       ;
;      - multiplicador:mt00|somador16bits:s_l2_0|eightbitsadder:s1|fourbitsadder:addr1|fulladder:addr0|halfadder:halfadder2|Xor0~2                            ; 0                 ; 6       ;
; A[2]                                                                                                                                                        ;                   ;         ;
; A[3]                                                                                                                                                        ;                   ;         ;
;      - multiplicador:mt01|pp2[5]                                                                                                                            ; 1                 ; 6       ;
;      - multiplicador:mt01|somador16bits:s_l1_1|eightbitsadder:s1|fourbitsadder:addr1|fulladder:addr2|halfadder:halfadder1|Xor0                              ; 1                 ; 6       ;
;      - multiplicador:mt01|somador16bits:s_l1_0|eightbitsadder:s1|fourbitsadder:addr1|fulladder:addr0|Or0~0                                                  ; 1                 ; 6       ;
;      - multiplicador:mt01|somador16bits:s_l1_1|eightbitsadder:s1|fourbitsadder:addr1|fulladder:addr1|halfadder:halfadder1|Xor0                              ; 1                 ; 6       ;
;      - multiplicador:mt01|somador16bits:s_l1_0|eightbitsadder:s1|fourbitsadder:addr1|fulladder:addr0|halfadder:halfadder2|Xor0                              ; 1                 ; 6       ;
;      - multiplicador:mt01|somador16bits:s_l1_1|eightbitsadder:s1|fourbitsadder:addr1|fulladder:addr2|Or0~0                                                  ; 1                 ; 6       ;
;      - multiplicador:mt01|somador16bits:s_l1_2|eightbitsadder:s2|fourbitsadder:addr0|fulladder:addr0|halfadder:halfadder1|Xor0                              ; 1                 ; 6       ;
;      - multiplicador:mt01|somador16bits:s_l1_2|eightbitsadder:s2|fourbitsadder:addr0|fulladder:addr0|Or0~0                                                  ; 1                 ; 6       ;
;      - multiplicador:mt01|somador16bits:s_l2_1|eightbitsadder:s2|fourbitsadder:addr0|fulladder:addr1|halfadder:halfadder1|Xor0~0                            ; 1                 ; 6       ;
;      - multiplicador:mt01|pp6[9]                                                                                                                            ; 1                 ; 6       ;
; A[4]                                                                                                                                                        ;                   ;         ;
;      - multiplicador:mt02|pp4[8]                                                                                                                            ; 1                 ; 6       ;
;      - multiplicador:mt02|somador16bits:s_l1_2|eightbitsadder:s2|fourbitsadder:addr0|fulladder:addr1|halfadder:halfadder2|Xor0                              ; 1                 ; 6       ;
;      - multiplicador:mt02|somador16bits:s_l1_3|eightbitsadder:s2|fourbitsadder:addr0|fulladder:addr2|halfadder:halfadder1|Xor0                              ; 1                 ; 6       ;
;      - multiplicador:mt02|somador16bits:s_l1_2|eightbitsadder:s2|fourbitsadder:addr0|fulladder:addr1|Or0~0                                                  ; 1                 ; 6       ;
;      - multiplicador:mt02|pp2[6]~2                                                                                                                          ; 1                 ; 6       ;
;      - multiplicador:mt02|somador16bits:s_l1_1|eightbitsadder:s1|fourbitsadder:addr1|fulladder:addr3|Or0~0                                                  ; 1                 ; 6       ;
;      - multiplicador:mt02|pp3[7]                                                                                                                            ; 1                 ; 6       ;
;      - multiplicador:mt02|somador16bits:s_l1_1|eightbitsadder:s1|fourbitsadder:addr1|fulladder:addr2|halfadder:halfadder1|Xor0                              ; 1                 ; 6       ;
;      - multiplicador:mt02|pp0[4]                                                                                                                            ; 1                 ; 6       ;
;      - multiplicador:mt02|somador16bits:s_l1_3|eightbitsadder:s2|fourbitsadder:addr0|fulladder:addr3|halfadder:halfadder1|Xor0                              ; 1                 ; 6       ;
;      - multiplicador:mt02|pp6[10]                                                                                                                           ; 1                 ; 6       ;
;      - multiplicador:mt02|somador16bits:s_l1_3|eightbitsadder:s2|fourbitsadder:addr0|fulladder:addr3|Or0~0                                                  ; 1                 ; 6       ;
;      - multiplicador:mt01|somador16bits:s_l1_1|eightbitsadder:s1|fourbitsadder:addr1|fulladder:addr2|halfadder:halfadder1|Xor0                              ; 1                 ; 6       ;
;      - multiplicador:mt01|pp0[4]                                                                                                                            ; 1                 ; 6       ;
;      - multiplicador:mt01|somador16bits:s_l1_0|eightbitsadder:s1|fourbitsadder:addr1|fulladder:addr1|Or0~0                                                  ; 1                 ; 6       ;
;      - multiplicador:mt01|somador16bits:s_l1_0|eightbitsadder:s1|fourbitsadder:addr1|fulladder:addr1|halfadder:halfadder2|Xor0                              ; 1                 ; 6       ;
;      - multiplicador:mt01|pp2[6]                                                                                                                            ; 1                 ; 6       ;
;      - multiplicador:mt01|somador16bits:s_l1_1|eightbitsadder:s1|fourbitsadder:addr1|fulladder:addr3|halfadder:halfadder1|Xor0                              ; 1                 ; 6       ;
;      - multiplicador:mt01|pp4[8]                                                                                                                            ; 1                 ; 6       ;
;      - multiplicador:mt01|somador16bits:s_l1_1|eightbitsadder:s1|fourbitsadder:addr1|fulladder:addr3|Or0~0                                                  ; 1                 ; 6       ;
;      - multiplicador:mt01|somador16bits:s_l1_2|eightbitsadder:s2|fourbitsadder:addr0|fulladder:addr1|halfadder:halfadder1|Xor0~0                            ; 1                 ; 6       ;
;      - multiplicador:mt01|pp6[10]                                                                                                                           ; 1                 ; 6       ;
;      - multiplicador:mt01|somador16bits:s_l1_2|eightbitsadder:s2|fourbitsadder:addr0|fulladder:addr1|Or0~0                                                  ; 1                 ; 6       ;
;      - multiplicador:mt01|somador16bits:s_l2_1|eightbitsadder:s2|fourbitsadder:addr0|fulladder:addr2|halfadder:halfadder1|Xor0~2                            ; 1                 ; 6       ;
; A[5]                                                                                                                                                        ;                   ;         ;
;      - multiplicador:mt02|pp4[9]                                                                                                                            ; 0                 ; 6       ;
;      - multiplicador:mt02|somador16bits:s_l1_2|eightbitsadder:s2|fourbitsadder:addr0|fulladder:addr2|halfadder:halfadder2|Xor0                              ; 0                 ; 6       ;
;      - multiplicador:mt02|pp2[7]~1                                                                                                                          ; 0                 ; 6       ;
;      - multiplicador:mt02|somador16bits:s_l1_1|eightbitsadder:s2|fourbitsadder:addr0|fulladder:addr0|Or0~0                                                  ; 0                 ; 6       ;
;      - multiplicador:mt02|pp3[8]                                                                                                                            ; 0                 ; 6       ;
;      - multiplicador:mt02|pp0[5]                                                                                                                            ; 0                 ; 6       ;
;      - multiplicador:mt02|somador16bits:s_l1_2|eightbitsadder:s2|fourbitsadder:addr0|fulladder:addr2|Or0~0                                                  ; 0                 ; 6       ;
;      - multiplicador:mt02|somador16bits:s_l1_3|eightbitsadder:s2|fourbitsadder:addr0|fulladder:addr3|halfadder:halfadder1|Xor0                              ; 0                 ; 6       ;
;      - multiplicador:mt02|somador16bits:s_l1_3|eightbitsadder:s2|fourbitsadder:addr1|fulladder:addr0|halfadder:halfadder1|Xor0                              ; 0                 ; 6       ;
;      - multiplicador:mt02|pp6[11]                                                                                                                           ; 0                 ; 6       ;
;      - multiplicador:mt02|somador16bits:s_l1_3|eightbitsadder:s2|fourbitsadder:addr1|fulladder:addr0|Or0~0                                                  ; 0                 ; 6       ;
;      - multiplicador:mt01|pp0[5]                                                                                                                            ; 0                 ; 6       ;
;      - multiplicador:mt01|somador16bits:s_l1_0|eightbitsadder:s1|fourbitsadder:addr1|fulladder:addr2|halfadder:halfadder2|Xor0                              ; 0                 ; 6       ;
;      - multiplicador:mt01|somador16bits:s_l1_1|eightbitsadder:s1|fourbitsadder:addr1|fulladder:addr3|halfadder:halfadder1|Xor0                              ; 0                 ; 6       ;
;      - multiplicador:mt01|somador16bits:s_l1_0|eightbitsadder:s1|fourbitsadder:addr1|fulladder:addr2|Or0~0                                                  ; 0                 ; 6       ;
;      - multiplicador:mt01|pp2[7]                                                                                                                            ; 0                 ; 6       ;
;      - multiplicador:mt01|somador16bits:s_l1_1|eightbitsadder:s2|fourbitsadder:addr0|fulladder:addr0|halfadder:halfadder1|Xor0                              ; 0                 ; 6       ;
;      - multiplicador:mt01|pp4[9]                                                                                                                            ; 0                 ; 6       ;
;      - multiplicador:mt01|somador16bits:s_l1_1|eightbitsadder:s2|fourbitsadder:addr0|fulladder:addr0|Or0~0                                                  ; 0                 ; 6       ;
;      - multiplicador:mt01|somador16bits:s_l1_2|eightbitsadder:s2|fourbitsadder:addr0|fulladder:addr2|halfadder:halfadder1|Xor0~0                            ; 0                 ; 6       ;
;      - multiplicador:mt01|somador16bits:s_l1_2|eightbitsadder:s2|fourbitsadder:addr0|fulladder:addr2|Or0~0                                                  ; 0                 ; 6       ;
;      - multiplicador:mt01|pp6[11]                                                                                                                           ; 0                 ; 6       ;
; A[6]                                                                                                                                                        ;                   ;         ;
;      - multiplicador:mt02|pp4[10]                                                                                                                           ; 1                 ; 6       ;
;      - multiplicador:mt02|pp2[8]~0                                                                                                                          ; 1                 ; 6       ;
;      - multiplicador:mt02|pp0[6]                                                                                                                            ; 1                 ; 6       ;
;      - multiplicador:mt02|somador16bits:s_l2_0|eightbitsadder:s2|fourbitsadder:addr0|fulladder:addr2|halfadder:halfadder2|Xor0                              ; 1                 ; 6       ;
;      - multiplicador:mt02|somador16bits:s_l2_0|eightbitsadder:s2|fourbitsadder:addr0|fulladder:addr1|halfadder:halfadder2|Xor0                              ; 1                 ; 6       ;
;      - multiplicador:mt02|somador16bits:s_l1_2|eightbitsadder:s2|fourbitsadder:addr0|fulladder:addr3|halfadder:halfadder2|Xor0                              ; 1                 ; 6       ;
;      - multiplicador:mt02|somador16bits:s_l1_2|eightbitsadder:s2|fourbitsadder:addr0|fulladder:addr3|halfadder:halfadder2|And0                              ; 1                 ; 6       ;
;      - multiplicador:mt02|somador16bits:s_l1_3|eightbitsadder:s2|fourbitsadder:addr1|fulladder:addr0|halfadder:halfadder1|Xor0                              ; 1                 ; 6       ;
;      - multiplicador:mt02|pp6[12]                                                                                                                           ; 1                 ; 6       ;
;      - somador16bits:soma1|eightbitsadder:s2|fourbitsadder:addr1|fulladder:addr1|halfadder:halfadder2|Xor0~0                                                ; 1                 ; 6       ;
;      - multiplicador:mt02|somador16bits:s_l2_1|eightbitsadder:s2|fourbitsadder:addr1|fulladder:addr2|halfadder:halfadder2|Xor0                              ; 1                 ; 6       ;
;      - multiplicador:mt01|pp0[6]                                                                                                                            ; 1                 ; 6       ;
;      - multiplicador:mt01|somador16bits:s_l1_0|eightbitsadder:s1|fourbitsadder:addr1|fulladder:addr3|halfadder:halfadder2|Xor0                              ; 1                 ; 6       ;
;      - multiplicador:mt01|somador16bits:s_l1_1|eightbitsadder:s2|fourbitsadder:addr0|fulladder:addr0|halfadder:halfadder1|Xor0                              ; 1                 ; 6       ;
;      - multiplicador:mt01|somador16bits:s_l1_0|eightbitsadder:s1|fourbitsadder:addr1|fulladder:addr3|halfadder:halfadder2|And0                              ; 1                 ; 6       ;
;      - multiplicador:mt01|pp2[8]                                                                                                                            ; 1                 ; 6       ;
;      - multiplicador:mt01|somador16bits:s_l2_0|eightbitsadder:s2|fourbitsadder:addr0|fulladder:addr1|halfadder:halfadder2|Xor0~0                            ; 1                 ; 6       ;
;      - multiplicador:mt01|somador16bits:s_l2_0|eightbitsadder:s2|fourbitsadder:addr0|fulladder:addr2|halfadder:halfadder2|Xor0                              ; 1                 ; 6       ;
;      - multiplicador:mt01|pp4[10]                                                                                                                           ; 1                 ; 6       ;
;      - multiplicador:mt01|pp5[11]                                                                                                                           ; 1                 ; 6       ;
;      - multiplicador:mt01|pp6[12]                                                                                                                           ; 1                 ; 6       ;
;      - eightbitsadder:soma2|fourbitsadder:addr0|fulladder:addr2|halfadder:halfadder2|Xor0~1                                                                 ; 1                 ; 6       ;
; B[5]                                                                                                                                                        ;                   ;         ;
; B[4]                                                                                                                                                        ;                   ;         ;
;      - multiplicador:fazerproduto|pp4[8]                                                                                                                    ; 0                 ; 6       ;
;      - multiplicador:fazerproduto|pp4[7]                                                                                                                    ; 0                 ; 6       ;
;      - multiplicador:fazerproduto|somador16bits:s_l1_2|eightbitsadder:s2|fourbitsadder:addr0|fulladder:addr1|halfadder:halfadder1|Xor0~0                    ; 0                 ; 6       ;
;      - multiplicador:fazerproduto|somador16bits:s_l1_2|eightbitsadder:s2|fourbitsadder:addr0|fulladder:addr0|halfadder:halfadder1|Xor0~0                    ; 0                 ; 6       ;
;      - multiplicador:fazerproduto|somador16bits:s_l1_2|eightbitsadder:s2|fourbitsadder:addr0|fulladder:addr2|halfadder:halfadder1|Xor0~0                    ; 0                 ; 6       ;
;      - multiplicador:fazerproduto|pp4[9]                                                                                                                    ; 0                 ; 6       ;
;      - multiplicador:fazerproduto|pp4[4]                                                                                                                    ; 0                 ; 6       ;
;      - multiplicador:fazerproduto|somador16bits:s_l1_2|eightbitsadder:s1|fourbitsadder:addr1|fulladder:addr1|halfadder:halfadder1|Xor0~0                    ; 0                 ; 6       ;
;      - multiplicador:fazerproduto|pp4[10]                                                                                                                   ; 0                 ; 6       ;
;      - multiplicador:fazerproduto|somador16bits:s_l1_2|eightbitsadder:s1|fourbitsadder:addr1|fulladder:addr2|Or0~9                                          ; 0                 ; 6       ;
;      - multiplicador:fazerproduto|somador16bits:s_l1_2|eightbitsadder:s1|fourbitsadder:addr1|fulladder:addr2|halfadder:halfadder2|Xor0~4                    ; 0                 ; 6       ;
;      - multiplicador:fazerproduto|somador16bits:s_l1_2|eightbitsadder:s1|fourbitsadder:addr1|fulladder:addr2|halfadder:halfadder2|Xor0~5                    ; 0                 ; 6       ;
; B[6]                                                                                                                                                        ;                   ;         ;
;      - multiplicador:fazerproduto|pp6[9]                                                                                                                    ; 0                 ; 6       ;
;      - multiplicador:fazerproduto|pp6[8]                                                                                                                    ; 0                 ; 6       ;
;      - multiplicador:fazerproduto|pp6[6]                                                                                                                    ; 0                 ; 6       ;
;      - multiplicador:fazerproduto|pp6[7]                                                                                                                    ; 0                 ; 6       ;
;      - multiplicador:fazerproduto|somador16bits:s_l2_1|eightbitsadder:s2|fourbitsadder:addr0|fulladder:addr2|halfadder:halfadder1|Xor0~0                    ; 0                 ; 6       ;
;      - multiplicador:fazerproduto|somador16bits:s_l2_1|eightbitsadder:s2|fourbitsadder:addr0|fulladder:addr1|halfadder:halfadder1|Xor0~0                    ; 0                 ; 6       ;
;      - multiplicador:fazerproduto|somador16bits:s_l2_1|eightbitsadder:s2|fourbitsadder:addr0|fulladder:addr0|halfadder:halfadder1|Xor0~0                    ; 0                 ; 6       ;
;      - complementodedois24bits:absolutofinal|X_invertido[7]~2                                                                                               ; 0                 ; 6       ;
;      - multiplicador:fazerproduto|pp6[11]                                                                                                                   ; 0                 ; 6       ;
;      - multiplicador:fazerproduto|pp6[10]                                                                                                                   ; 0                 ; 6       ;
;      - multiplicador:fazerproduto|pp6[12]                                                                                                                   ; 0                 ; 6       ;
;      - multiplicador:fazerproduto|somador16bits:s_l2_1|eightbitsadder:s1|fourbitsadder:addr1|fulladder:addr2|halfadder:halfadder1|And0                      ; 0                 ; 6       ;
; B[3]                                                                                                                                                        ;                   ;         ;
;      - multiplicador:fazerproduto|somador16bits:s_l1_1|eightbitsadder:s1|fourbitsadder:addr1|fulladder:addr0|Or0~1                                          ; 1                 ; 6       ;
;      - multiplicador:fazerproduto|somador16bits:s_l1_1|eightbitsadder:s1|fourbitsadder:addr1|fulladder:addr1|Or0~0                                          ; 1                 ; 6       ;
;      - multiplicador:fazerproduto|somador16bits:s_l1_1|eightbitsadder:s1|fourbitsadder:addr1|fulladder:addr2|Or0~0                                          ; 1                 ; 6       ;
;      - multiplicador:fazerproduto|somador16bits:s_l1_1|eightbitsadder:s1|fourbitsadder:addr1|fulladder:addr3|Or0~0                                          ; 1                 ; 6       ;
;      - multiplicador:fazerproduto|somador16bits:s_l1_1|eightbitsadder:s2|fourbitsadder:addr0|fulladder:addr0|Or0~0                                          ; 1                 ; 6       ;
;      - multiplicador:fazerproduto|somador16bits:s_l1_1|eightbitsadder:s2|fourbitsadder:addr0|fulladder:addr0|halfadder:halfadder1|Xor0~0                    ; 1                 ; 6       ;
;      - multiplicador:fazerproduto|somador16bits:s_l1_1|eightbitsadder:s1|fourbitsadder:addr1|fulladder:addr3|halfadder:halfadder1|Xor0~0                    ; 1                 ; 6       ;
;      - multiplicador:fazerproduto|somador16bits:s_l1_1|eightbitsadder:s1|fourbitsadder:addr1|fulladder:addr2|halfadder:halfadder1|Xor0~0                    ; 1                 ; 6       ;
;      - multiplicador:fazerproduto|somador16bits:s_l1_1|eightbitsadder:s1|fourbitsadder:addr1|fulladder:addr1|halfadder:halfadder1|Xor0~0                    ; 1                 ; 6       ;
;      - multiplicador:fazerproduto|somador16bits:s_l1_1|eightbitsadder:s1|fourbitsadder:addr1|fulladder:addr0|halfadder:halfadder1|Xor0~0                    ; 1                 ; 6       ;
;      - multiplicador:fazerproduto|somador16bits:s_l1_1|eightbitsadder:s1|fourbitsadder:addr0|fulladder:addr3|halfadder:halfadder1|And0                      ; 1                 ; 6       ;
;      - multiplicador:fazerproduto|somador16bits:s_l1_1|eightbitsadder:s1|fourbitsadder:addr0|fulladder:addr3|halfadder:halfadder1|Xor0~0                    ; 1                 ; 6       ;
;      - multiplicador:fazerproduto|somador16bits:s_l2_0|eightbitsadder:s2|fourbitsadder:addr0|fulladder:addr2|halfadder:halfadder2|Xor0                      ; 1                 ; 6       ;
;      - complementodedois24bits:absolutofinal|X_invertido[9]~1                                                                                               ; 1                 ; 6       ;
; B[2]                                                                                                                                                        ;                   ;         ;
;      - multiplicador:fazerproduto|pp2[8]                                                                                                                    ; 0                 ; 6       ;
;      - multiplicador:fazerproduto|pp2[7]                                                                                                                    ; 0                 ; 6       ;
;      - multiplicador:fazerproduto|pp2[6]                                                                                                                    ; 0                 ; 6       ;
;      - multiplicador:fazerproduto|pp2[5]                                                                                                                    ; 0                 ; 6       ;
;      - multiplicador:fazerproduto|somador16bits:s_l1_1|eightbitsadder:s1|fourbitsadder:addr1|fulladder:addr0|Or0~1                                          ; 0                 ; 6       ;
;      - multiplicador:fazerproduto|somador16bits:s_l1_1|eightbitsadder:s2|fourbitsadder:addr0|fulladder:addr0|halfadder:halfadder1|Xor0~0                    ; 0                 ; 6       ;
;      - multiplicador:fazerproduto|somador16bits:s_l1_1|eightbitsadder:s1|fourbitsadder:addr1|fulladder:addr3|halfadder:halfadder1|Xor0~0                    ; 0                 ; 6       ;
;      - multiplicador:fazerproduto|somador16bits:s_l1_1|eightbitsadder:s1|fourbitsadder:addr1|fulladder:addr2|halfadder:halfadder1|Xor0~0                    ; 0                 ; 6       ;
;      - multiplicador:fazerproduto|somador16bits:s_l1_1|eightbitsadder:s1|fourbitsadder:addr1|fulladder:addr1|halfadder:halfadder1|Xor0~0                    ; 0                 ; 6       ;
;      - multiplicador:fazerproduto|somador16bits:s_l1_1|eightbitsadder:s1|fourbitsadder:addr1|fulladder:addr0|halfadder:halfadder1|Xor0~0                    ; 0                 ; 6       ;
;      - multiplicador:fazerproduto|somador16bits:s_l1_1|eightbitsadder:s1|fourbitsadder:addr0|fulladder:addr3|halfadder:halfadder1|And0                      ; 0                 ; 6       ;
;      - multiplicador:fazerproduto|pp2[2]                                                                                                                    ; 0                 ; 6       ;
;      - multiplicador:fazerproduto|somador16bits:s_l1_1|eightbitsadder:s1|fourbitsadder:addr0|fulladder:addr3|halfadder:halfadder1|Xor0~0                    ; 0                 ; 6       ;
+-------------------------------------------------------------------------------------------------------------------------------------------------------------+-------------------+---------+


+-------------------------------------------------+
; Routing Usage Summary                           ;
+-----------------------+-------------------------+
; Routing Resource Type ; Usage                   ;
+-----------------------+-------------------------+
; Block interconnects   ; 699 / 148,641 ( < 1 % ) ;
; C16 interconnects     ; 41 / 5,382 ( < 1 % )    ;
; C4 interconnects      ; 399 / 106,704 ( < 1 % ) ;
; Direct links          ; 93 / 148,641 ( < 1 % )  ;
; Global clocks         ; 0 / 20 ( 0 % )          ;
; Local interconnects   ; 365 / 49,760 ( < 1 % )  ;
; NSLEEPs               ; 0 / 500 ( 0 % )         ;
; R24 interconnects     ; 28 / 5,406 ( < 1 % )    ;
; R4 interconnects      ; 313 / 147,764 ( < 1 % ) ;
+-----------------------+-------------------------+


+----------------------------------------------------------------------------+
; LAB Logic Elements                                                         ;
+---------------------------------------------+------------------------------+
; Number of Logic Elements  (Average = 13.72) ; Number of LABs  (Total = 50) ;
+---------------------------------------------+------------------------------+
; 1                                           ; 3                            ;
; 2                                           ; 0                            ;
; 3                                           ; 0                            ;
; 4                                           ; 0                            ;
; 5                                           ; 1                            ;
; 6                                           ; 0                            ;
; 7                                           ; 1                            ;
; 8                                           ; 1                            ;
; 9                                           ; 0                            ;
; 10                                          ; 1                            ;
; 11                                          ; 0                            ;
; 12                                          ; 3                            ;
; 13                                          ; 4                            ;
; 14                                          ; 3                            ;
; 15                                          ; 5                            ;
; 16                                          ; 28                           ;
+---------------------------------------------+------------------------------+


+-----------------------------------------------------------------------------+
; LAB Signals Sourced                                                         ;
+----------------------------------------------+------------------------------+
; Number of Signals Sourced  (Average = 13.72) ; Number of LABs  (Total = 50) ;
+----------------------------------------------+------------------------------+
; 0                                            ; 0                            ;
; 1                                            ; 3                            ;
; 2                                            ; 0                            ;
; 3                                            ; 0                            ;
; 4                                            ; 0                            ;
; 5                                            ; 1                            ;
; 6                                            ; 0                            ;
; 7                                            ; 1                            ;
; 8                                            ; 1                            ;
; 9                                            ; 0                            ;
; 10                                           ; 1                            ;
; 11                                           ; 0                            ;
; 12                                           ; 3                            ;
; 13                                           ; 4                            ;
; 14                                           ; 3                            ;
; 15                                           ; 5                            ;
; 16                                           ; 28                           ;
+----------------------------------------------+------------------------------+


+--------------------------------------------------------------------------------+
; LAB Signals Sourced Out                                                        ;
+-------------------------------------------------+------------------------------+
; Number of Signals Sourced Out  (Average = 7.04) ; Number of LABs  (Total = 50) ;
+-------------------------------------------------+------------------------------+
; 0                                               ; 0                            ;
; 1                                               ; 3                            ;
; 2                                               ; 0                            ;
; 3                                               ; 0                            ;
; 4                                               ; 1                            ;
; 5                                               ; 7                            ;
; 6                                               ; 9                            ;
; 7                                               ; 8                            ;
; 8                                               ; 11                           ;
; 9                                               ; 2                            ;
; 10                                              ; 5                            ;
; 11                                              ; 4                            ;
+-------------------------------------------------+------------------------------+


+-----------------------------------------------------------------------------+
; LAB Distinct Inputs                                                         ;
+----------------------------------------------+------------------------------+
; Number of Distinct Inputs  (Average = 12.32) ; Number of LABs  (Total = 50) ;
+----------------------------------------------+------------------------------+
; 0                                            ; 0                            ;
; 1                                            ; 0                            ;
; 2                                            ; 0                            ;
; 3                                            ; 1                            ;
; 4                                            ; 1                            ;
; 5                                            ; 0                            ;
; 6                                            ; 0                            ;
; 7                                            ; 2                            ;
; 8                                            ; 3                            ;
; 9                                            ; 2                            ;
; 10                                           ; 9                            ;
; 11                                           ; 1                            ;
; 12                                           ; 4                            ;
; 13                                           ; 5                            ;
; 14                                           ; 7                            ;
; 15                                           ; 3                            ;
; 16                                           ; 3                            ;
; 17                                           ; 3                            ;
; 18                                           ; 3                            ;
; 19                                           ; 0                            ;
; 20                                           ; 1                            ;
; 21                                           ; 0                            ;
; 22                                           ; 0                            ;
; 23                                           ; 1                            ;
+----------------------------------------------+------------------------------+


+------------------------------------------+
; I/O Rules Summary                        ;
+----------------------------------+-------+
; I/O Rules Statistic              ; Total ;
+----------------------------------+-------+
; Total I/O Rules                  ; 30    ;
; Number of I/O Rules Passed       ; 12    ;
; Number of I/O Rules Failed       ; 0     ;
; Number of I/O Rules Unchecked    ; 0     ;
; Number of I/O Rules Inapplicable ; 18    ;
+----------------------------------+-------+


+-----------------------------------------------------------------------------------------------------------------------------------------------------------------------------------------------------------------------------------------------------------------------------------------------------+
; I/O Rules Details                                                                                                                                                                                                                                                                                   ;
+--------------+-----------+-----------------------------------+------------------------------------------------------------------------------------------------------+----------+--------------------------------------------------------------------------+---------------------+-------------------+
; Status       ; ID        ; Category                          ; Rule Description                                                                                     ; Severity ; Information                                                              ; Area                ; Extra Information ;
+--------------+-----------+-----------------------------------+------------------------------------------------------------------------------------------------------+----------+--------------------------------------------------------------------------+---------------------+-------------------+
; Pass         ; IO_000001 ; Capacity Checks                   ; Number of pins in an I/O bank should not exceed the number of locations available.                   ; Critical ; 0 such failures found.                                                   ; I/O                 ;                   ;
; Inapplicable ; IO_000002 ; Capacity Checks                   ; Number of clocks in an I/O bank should not exceed the number of clocks available.                    ; Critical ; No Global Signal assignments found.                                      ; I/O                 ;                   ;
; Pass         ; IO_000003 ; Capacity Checks                   ; Number of pins in a Vrefgroup should not exceed the number of locations available.                   ; Critical ; 0 such failures found.                                                   ; I/O                 ;                   ;
; Inapplicable ; IO_000004 ; Voltage Compatibility Checks      ; The I/O bank should support the requested VCCIO.                                                     ; Critical ; No IOBANK_VCCIO assignments found.                                       ; I/O                 ;                   ;
; Inapplicable ; IO_000005 ; Voltage Compatibility Checks      ; The I/O bank should not have competing VREF values.                                                  ; Critical ; No VREF I/O Standard assignments found.                                  ; I/O                 ;                   ;
; Pass         ; IO_000006 ; Voltage Compatibility Checks      ; The I/O bank should not have competing VCCIO values.                                                 ; Critical ; 0 such failures found.                                                   ; I/O                 ;                   ;
; Pass         ; IO_000007 ; Valid Location Checks             ; Checks for unavailable locations.                                                                    ; Critical ; 0 such failures found.                                                   ; I/O                 ;                   ;
; Inapplicable ; IO_000008 ; Valid Location Checks             ; Checks for reserved locations.                                                                       ; Critical ; No reserved LogicLock region found.                                      ; I/O                 ;                   ;
; Pass         ; IO_000009 ; I/O Properties Checks for One I/O ; The location should support the requested I/O standard.                                              ; Critical ; 0 such failures found.                                                   ; I/O                 ;                   ;
; Pass         ; IO_000010 ; I/O Properties Checks for One I/O ; The location should support the requested I/O direction.                                             ; Critical ; 0 such failures found.                                                   ; I/O                 ;                   ;
; Inapplicable ; IO_000011 ; I/O Properties Checks for One I/O ; The location should support the requested Current Strength.                                          ; Critical ; No Current Strength assignments found.                                   ; I/O                 ;                   ;
; Pass         ; IO_000012 ; I/O Properties Checks for One I/O ; The location should support the requested On Chip Termination value.                                 ; Critical ; 0 such failures found.                                                   ; I/O                 ;                   ;
; Inapplicable ; IO_000013 ; I/O Properties Checks for One I/O ; The location should support the requested Bus Hold value.                                            ; Critical ; No Enable Bus-Hold Circuitry assignments found.                          ; I/O                 ;                   ;
; Inapplicable ; IO_000014 ; I/O Properties Checks for One I/O ; The location should support the requested Weak Pull Up value.                                        ; Critical ; No Weak Pull-Up Resistor assignments found.                              ; I/O                 ;                   ;
; Pass         ; IO_000015 ; I/O Properties Checks for One I/O ; The location should support the requested PCI Clamp Diode.                                           ; Critical ; 0 such failures found.                                                   ; I/O                 ;                   ;
; Inapplicable ; IO_000018 ; I/O Properties Checks for One I/O ; The I/O standard should support the requested Current Strength.                                      ; Critical ; No Current Strength assignments found.                                   ; I/O                 ;                   ;
; Pass         ; IO_000019 ; I/O Properties Checks for One I/O ; The I/O standard should support the requested On Chip Termination value.                             ; Critical ; 0 such failures found.                                                   ; I/O                 ;                   ;
; Pass         ; IO_000020 ; I/O Properties Checks for One I/O ; The I/O standard should support the requested PCI Clamp Diode.                                       ; Critical ; 0 such failures found.                                                   ; I/O                 ;                   ;
; Inapplicable ; IO_000021 ; I/O Properties Checks for One I/O ; The I/O standard should support the requested Weak Pull Up value.                                    ; Critical ; No Weak Pull-Up Resistor assignments found.                              ; I/O                 ;                   ;
; Inapplicable ; IO_000022 ; I/O Properties Checks for One I/O ; The I/O standard should support the requested Bus Hold value.                                        ; Critical ; No Enable Bus-Hold Circuitry assignments found.                          ; I/O                 ;                   ;
; Inapplicable ; IO_000023 ; I/O Properties Checks for One I/O ; The I/O standard should support the Open Drain value.                                                ; Critical ; No open drain assignments found.                                         ; I/O                 ;                   ;
; Pass         ; IO_000024 ; I/O Properties Checks for One I/O ; The I/O direction should support the On Chip Termination value.                                      ; Critical ; 0 such failures found.                                                   ; I/O                 ;                   ;
; Inapplicable ; IO_000026 ; I/O Properties Checks for One I/O ; On Chip Termination and Current Strength should not be used at the same time.                        ; Critical ; No Current Strength assignments found.                                   ; I/O                 ;                   ;
; Inapplicable ; IO_000027 ; I/O Properties Checks for One I/O ; Weak Pull Up and Bus Hold should not be used at the same time.                                       ; Critical ; No Enable Bus-Hold Circuitry or Weak Pull-Up Resistor assignments found. ; I/O                 ;                   ;
; Inapplicable ; IO_000045 ; I/O Properties Checks for One I/O ; The I/O standard should support the requested Slew Rate value.                                       ; Critical ; No Slew Rate assignments found.                                          ; I/O                 ;                   ;
; Inapplicable ; IO_000046 ; I/O Properties Checks for One I/O ; The location should support the requested Slew Rate value.                                           ; Critical ; No Slew Rate assignments found.                                          ; I/O                 ;                   ;
; Inapplicable ; IO_000047 ; I/O Properties Checks for One I/O ; On Chip Termination and Slew Rate should not be used at the same time.                               ; Critical ; No Slew Rate assignments found.                                          ; I/O                 ;                   ;
; Pass         ; IO_000033 ; Electromigration Checks           ; Current density for consecutive I/Os should not exceed 160mA for row I/Os and 160mA for column I/Os. ; Critical ; 0 such failures found.                                                   ; I/O                 ;                   ;
; Inapplicable ; IO_000034 ; SI Related Distance Checks        ; Single-ended outputs should be 5 LAB row(s) away from a differential I/O.                            ; High     ; No Differential I/O Standard assignments found.                          ; I/O                 ;                   ;
; Inapplicable ; IO_000042 ; SI Related SSO Limit Checks       ; No more than 20 outputs are allowed in a VREF group when VREF is being read from.                    ; High     ; No VREF I/O Standard assignments found.                                  ; I/O                 ;                   ;
; ----         ; ----      ; Disclaimer                        ; OCT rules are checked but not reported.                                                              ; None     ; ----                                                                     ; On Chip Termination ;                   ;
+--------------+-----------+-----------------------------------+------------------------------------------------------------------------------------------------------+----------+--------------------------------------------------------------------------+---------------------+-------------------+


+--------------------------------------------------------------------------------------------------------------------------------------------------------------------------------------------------------------------------------------------------------------------------------------------------------------------------------------------------------------------------------------------------------------------------------------------------------------------------+
; I/O Rules Matrix                                                                                                                                                                                                                                                                                                                                                                                                                                                         ;
+--------------------+--------------+--------------+--------------+--------------+--------------+-----------+--------------+--------------+-----------+-----------+--------------+--------------+--------------+--------------+--------------+--------------+--------------+--------------+--------------+--------------+--------------+--------------+--------------+--------------+--------------+--------------+--------------+-----------+--------------+--------------+
; Pin/Rules          ; IO_000001    ; IO_000002    ; IO_000003    ; IO_000004    ; IO_000005    ; IO_000006 ; IO_000007    ; IO_000008    ; IO_000009 ; IO_000010 ; IO_000011    ; IO_000012    ; IO_000013    ; IO_000014    ; IO_000015    ; IO_000018    ; IO_000019    ; IO_000020    ; IO_000021    ; IO_000022    ; IO_000023    ; IO_000024    ; IO_000026    ; IO_000027    ; IO_000045    ; IO_000046    ; IO_000047    ; IO_000033 ; IO_000034    ; IO_000042    ;
+--------------------+--------------+--------------+--------------+--------------+--------------+-----------+--------------+--------------+-----------+-----------+--------------+--------------+--------------+--------------+--------------+--------------+--------------+--------------+--------------+--------------+--------------+--------------+--------------+--------------+--------------+--------------+--------------+-----------+--------------+--------------+
; Total Pass         ; 8            ; 0            ; 8            ; 0            ; 0            ; 56        ; 8            ; 0            ; 56        ; 56        ; 0            ; 24           ; 0            ; 0            ; 32           ; 0            ; 24           ; 32           ; 0            ; 0            ; 0            ; 24           ; 0            ; 0            ; 0            ; 0            ; 0            ; 56        ; 0            ; 0            ;
; Total Unchecked    ; 0            ; 0            ; 0            ; 0            ; 0            ; 0         ; 0            ; 0            ; 0         ; 0         ; 0            ; 0            ; 0            ; 0            ; 0            ; 0            ; 0            ; 0            ; 0            ; 0            ; 0            ; 0            ; 0            ; 0            ; 0            ; 0            ; 0            ; 0         ; 0            ; 0            ;
; Total Inapplicable ; 48           ; 56           ; 48           ; 56           ; 56           ; 0         ; 48           ; 56           ; 0         ; 0         ; 56           ; 32           ; 56           ; 56           ; 24           ; 56           ; 32           ; 24           ; 56           ; 56           ; 56           ; 32           ; 56           ; 56           ; 56           ; 56           ; 56           ; 0         ; 56           ; 56           ;
; Total Fail         ; 0            ; 0            ; 0            ; 0            ; 0            ; 0         ; 0            ; 0            ; 0         ; 0         ; 0            ; 0            ; 0            ; 0            ; 0            ; 0            ; 0            ; 0            ; 0            ; 0            ; 0            ; 0            ; 0            ; 0            ; 0            ; 0            ; 0            ; 0         ; 0            ; 0            ;
; Y[0]               ; Inapplicable ; Inapplicable ; Inapplicable ; Inapplicable ; Inapplicable ; Pass      ; Inapplicable ; Inapplicable ; Pass      ; Pass      ; Inapplicable ; Pass         ; Inapplicable ; Inapplicable ; Inapplicable ; Inapplicable ; Pass         ; Inapplicable ; Inapplicable ; Inapplicable ; Inapplicable ; Pass         ; Inapplicable ; Inapplicable ; Inapplicable ; Inapplicable ; Inapplicable ; Pass      ; Inapplicable ; Inapplicable ;
; Y[1]               ; Inapplicable ; Inapplicable ; Inapplicable ; Inapplicable ; Inapplicable ; Pass      ; Inapplicable ; Inapplicable ; Pass      ; Pass      ; Inapplicable ; Pass         ; Inapplicable ; Inapplicable ; Inapplicable ; Inapplicable ; Pass         ; Inapplicable ; Inapplicable ; Inapplicable ; Inapplicable ; Pass         ; Inapplicable ; Inapplicable ; Inapplicable ; Inapplicable ; Inapplicable ; Pass      ; Inapplicable ; Inapplicable ;
; Y[2]               ; Inapplicable ; Inapplicable ; Inapplicable ; Inapplicable ; Inapplicable ; Pass      ; Inapplicable ; Inapplicable ; Pass      ; Pass      ; Inapplicable ; Pass         ; Inapplicable ; Inapplicable ; Inapplicable ; Inapplicable ; Pass         ; Inapplicable ; Inapplicable ; Inapplicable ; Inapplicable ; Pass         ; Inapplicable ; Inapplicable ; Inapplicable ; Inapplicable ; Inapplicable ; Pass      ; Inapplicable ; Inapplicable ;
; Y[3]               ; Inapplicable ; Inapplicable ; Inapplicable ; Inapplicable ; Inapplicable ; Pass      ; Inapplicable ; Inapplicable ; Pass      ; Pass      ; Inapplicable ; Pass         ; Inapplicable ; Inapplicable ; Inapplicable ; Inapplicable ; Pass         ; Inapplicable ; Inapplicable ; Inapplicable ; Inapplicable ; Pass         ; Inapplicable ; Inapplicable ; Inapplicable ; Inapplicable ; Inapplicable ; Pass      ; Inapplicable ; Inapplicable ;
; Y[4]               ; Inapplicable ; Inapplicable ; Inapplicable ; Inapplicable ; Inapplicable ; Pass      ; Inapplicable ; Inapplicable ; Pass      ; Pass      ; Inapplicable ; Pass         ; Inapplicable ; Inapplicable ; Inapplicable ; Inapplicable ; Pass         ; Inapplicable ; Inapplicable ; Inapplicable ; Inapplicable ; Pass         ; Inapplicable ; Inapplicable ; Inapplicable ; Inapplicable ; Inapplicable ; Pass      ; Inapplicable ; Inapplicable ;
; Y[5]               ; Inapplicable ; Inapplicable ; Inapplicable ; Inapplicable ; Inapplicable ; Pass      ; Inapplicable ; Inapplicable ; Pass      ; Pass      ; Inapplicable ; Pass         ; Inapplicable ; Inapplicable ; Inapplicable ; Inapplicable ; Pass         ; Inapplicable ; Inapplicable ; Inapplicable ; Inapplicable ; Pass         ; Inapplicable ; Inapplicable ; Inapplicable ; Inapplicable ; Inapplicable ; Pass      ; Inapplicable ; Inapplicable ;
; Y[6]               ; Inapplicable ; Inapplicable ; Inapplicable ; Inapplicable ; Inapplicable ; Pass      ; Inapplicable ; Inapplicable ; Pass      ; Pass      ; Inapplicable ; Pass         ; Inapplicable ; Inapplicable ; Inapplicable ; Inapplicable ; Pass         ; Inapplicable ; Inapplicable ; Inapplicable ; Inapplicable ; Pass         ; Inapplicable ; Inapplicable ; Inapplicable ; Inapplicable ; Inapplicable ; Pass      ; Inapplicable ; Inapplicable ;
; Y[7]               ; Inapplicable ; Inapplicable ; Inapplicable ; Inapplicable ; Inapplicable ; Pass      ; Inapplicable ; Inapplicable ; Pass      ; Pass      ; Inapplicable ; Pass         ; Inapplicable ; Inapplicable ; Inapplicable ; Inapplicable ; Pass         ; Inapplicable ; Inapplicable ; Inapplicable ; Inapplicable ; Pass         ; Inapplicable ; Inapplicable ; Inapplicable ; Inapplicable ; Inapplicable ; Pass      ; Inapplicable ; Inapplicable ;
; Y[8]               ; Inapplicable ; Inapplicable ; Inapplicable ; Inapplicable ; Inapplicable ; Pass      ; Inapplicable ; Inapplicable ; Pass      ; Pass      ; Inapplicable ; Pass         ; Inapplicable ; Inapplicable ; Inapplicable ; Inapplicable ; Pass         ; Inapplicable ; Inapplicable ; Inapplicable ; Inapplicable ; Pass         ; Inapplicable ; Inapplicable ; Inapplicable ; Inapplicable ; Inapplicable ; Pass      ; Inapplicable ; Inapplicable ;
; Y[9]               ; Inapplicable ; Inapplicable ; Inapplicable ; Inapplicable ; Inapplicable ; Pass      ; Inapplicable ; Inapplicable ; Pass      ; Pass      ; Inapplicable ; Pass         ; Inapplicable ; Inapplicable ; Inapplicable ; Inapplicable ; Pass         ; Inapplicable ; Inapplicable ; Inapplicable ; Inapplicable ; Pass         ; Inapplicable ; Inapplicable ; Inapplicable ; Inapplicable ; Inapplicable ; Pass      ; Inapplicable ; Inapplicable ;
; Y[10]              ; Inapplicable ; Inapplicable ; Inapplicable ; Inapplicable ; Inapplicable ; Pass      ; Inapplicable ; Inapplicable ; Pass      ; Pass      ; Inapplicable ; Pass         ; Inapplicable ; Inapplicable ; Inapplicable ; Inapplicable ; Pass         ; Inapplicable ; Inapplicable ; Inapplicable ; Inapplicable ; Pass         ; Inapplicable ; Inapplicable ; Inapplicable ; Inapplicable ; Inapplicable ; Pass      ; Inapplicable ; Inapplicable ;
; Y[11]              ; Inapplicable ; Inapplicable ; Inapplicable ; Inapplicable ; Inapplicable ; Pass      ; Inapplicable ; Inapplicable ; Pass      ; Pass      ; Inapplicable ; Pass         ; Inapplicable ; Inapplicable ; Inapplicable ; Inapplicable ; Pass         ; Inapplicable ; Inapplicable ; Inapplicable ; Inapplicable ; Pass         ; Inapplicable ; Inapplicable ; Inapplicable ; Inapplicable ; Inapplicable ; Pass      ; Inapplicable ; Inapplicable ;
; Y[12]              ; Inapplicable ; Inapplicable ; Inapplicable ; Inapplicable ; Inapplicable ; Pass      ; Inapplicable ; Inapplicable ; Pass      ; Pass      ; Inapplicable ; Pass         ; Inapplicable ; Inapplicable ; Inapplicable ; Inapplicable ; Pass         ; Inapplicable ; Inapplicable ; Inapplicable ; Inapplicable ; Pass         ; Inapplicable ; Inapplicable ; Inapplicable ; Inapplicable ; Inapplicable ; Pass      ; Inapplicable ; Inapplicable ;
; Y[13]              ; Inapplicable ; Inapplicable ; Inapplicable ; Inapplicable ; Inapplicable ; Pass      ; Inapplicable ; Inapplicable ; Pass      ; Pass      ; Inapplicable ; Pass         ; Inapplicable ; Inapplicable ; Inapplicable ; Inapplicable ; Pass         ; Inapplicable ; Inapplicable ; Inapplicable ; Inapplicable ; Pass         ; Inapplicable ; Inapplicable ; Inapplicable ; Inapplicable ; Inapplicable ; Pass      ; Inapplicable ; Inapplicable ;
; Y[14]              ; Inapplicable ; Inapplicable ; Inapplicable ; Inapplicable ; Inapplicable ; Pass      ; Inapplicable ; Inapplicable ; Pass      ; Pass      ; Inapplicable ; Pass         ; Inapplicable ; Inapplicable ; Inapplicable ; Inapplicable ; Pass         ; Inapplicable ; Inapplicable ; Inapplicable ; Inapplicable ; Pass         ; Inapplicable ; Inapplicable ; Inapplicable ; Inapplicable ; Inapplicable ; Pass      ; Inapplicable ; Inapplicable ;
; Y[15]              ; Inapplicable ; Inapplicable ; Inapplicable ; Inapplicable ; Inapplicable ; Pass      ; Inapplicable ; Inapplicable ; Pass      ; Pass      ; Inapplicable ; Pass         ; Inapplicable ; Inapplicable ; Inapplicable ; Inapplicable ; Pass         ; Inapplicable ; Inapplicable ; Inapplicable ; Inapplicable ; Pass         ; Inapplicable ; Inapplicable ; Inapplicable ; Inapplicable ; Inapplicable ; Pass      ; Inapplicable ; Inapplicable ;
; Y[16]              ; Inapplicable ; Inapplicable ; Inapplicable ; Inapplicable ; Inapplicable ; Pass      ; Inapplicable ; Inapplicable ; Pass      ; Pass      ; Inapplicable ; Pass         ; Inapplicable ; Inapplicable ; Inapplicable ; Inapplicable ; Pass         ; Inapplicable ; Inapplicable ; Inapplicable ; Inapplicable ; Pass         ; Inapplicable ; Inapplicable ; Inapplicable ; Inapplicable ; Inapplicable ; Pass      ; Inapplicable ; Inapplicable ;
; Y[17]              ; Inapplicable ; Inapplicable ; Inapplicable ; Inapplicable ; Inapplicable ; Pass      ; Inapplicable ; Inapplicable ; Pass      ; Pass      ; Inapplicable ; Pass         ; Inapplicable ; Inapplicable ; Inapplicable ; Inapplicable ; Pass         ; Inapplicable ; Inapplicable ; Inapplicable ; Inapplicable ; Pass         ; Inapplicable ; Inapplicable ; Inapplicable ; Inapplicable ; Inapplicable ; Pass      ; Inapplicable ; Inapplicable ;
; Y[18]              ; Inapplicable ; Inapplicable ; Inapplicable ; Inapplicable ; Inapplicable ; Pass      ; Inapplicable ; Inapplicable ; Pass      ; Pass      ; Inapplicable ; Pass         ; Inapplicable ; Inapplicable ; Inapplicable ; Inapplicable ; Pass         ; Inapplicable ; Inapplicable ; Inapplicable ; Inapplicable ; Pass         ; Inapplicable ; Inapplicable ; Inapplicable ; Inapplicable ; Inapplicable ; Pass      ; Inapplicable ; Inapplicable ;
; Y[19]              ; Inapplicable ; Inapplicable ; Inapplicable ; Inapplicable ; Inapplicable ; Pass      ; Inapplicable ; Inapplicable ; Pass      ; Pass      ; Inapplicable ; Pass         ; Inapplicable ; Inapplicable ; Inapplicable ; Inapplicable ; Pass         ; Inapplicable ; Inapplicable ; Inapplicable ; Inapplicable ; Pass         ; Inapplicable ; Inapplicable ; Inapplicable ; Inapplicable ; Inapplicable ; Pass      ; Inapplicable ; Inapplicable ;
; Y[20]              ; Inapplicable ; Inapplicable ; Inapplicable ; Inapplicable ; Inapplicable ; Pass      ; Inapplicable ; Inapplicable ; Pass      ; Pass      ; Inapplicable ; Pass         ; Inapplicable ; Inapplicable ; Inapplicable ; Inapplicable ; Pass         ; Inapplicable ; Inapplicable ; Inapplicable ; Inapplicable ; Pass         ; Inapplicable ; Inapplicable ; Inapplicable ; Inapplicable ; Inapplicable ; Pass      ; Inapplicable ; Inapplicable ;
; Y[21]              ; Inapplicable ; Inapplicable ; Inapplicable ; Inapplicable ; Inapplicable ; Pass      ; Inapplicable ; Inapplicable ; Pass      ; Pass      ; Inapplicable ; Pass         ; Inapplicable ; Inapplicable ; Inapplicable ; Inapplicable ; Pass         ; Inapplicable ; Inapplicable ; Inapplicable ; Inapplicable ; Pass         ; Inapplicable ; Inapplicable ; Inapplicable ; Inapplicable ; Inapplicable ; Pass      ; Inapplicable ; Inapplicable ;
; Y[22]              ; Inapplicable ; Inapplicable ; Inapplicable ; Inapplicable ; Inapplicable ; Pass      ; Inapplicable ; Inapplicable ; Pass      ; Pass      ; Inapplicable ; Pass         ; Inapplicable ; Inapplicable ; Inapplicable ; Inapplicable ; Pass         ; Inapplicable ; Inapplicable ; Inapplicable ; Inapplicable ; Pass         ; Inapplicable ; Inapplicable ; Inapplicable ; Inapplicable ; Inapplicable ; Pass      ; Inapplicable ; Inapplicable ;
; Y[23]              ; Inapplicable ; Inapplicable ; Inapplicable ; Inapplicable ; Inapplicable ; Pass      ; Inapplicable ; Inapplicable ; Pass      ; Pass      ; Inapplicable ; Pass         ; Inapplicable ; Inapplicable ; Inapplicable ; Inapplicable ; Pass         ; Inapplicable ; Inapplicable ; Inapplicable ; Inapplicable ; Pass         ; Inapplicable ; Inapplicable ; Inapplicable ; Inapplicable ; Inapplicable ; Pass      ; Inapplicable ; Inapplicable ;
; C[0]               ; Inapplicable ; Inapplicable ; Inapplicable ; Inapplicable ; Inapplicable ; Pass      ; Inapplicable ; Inapplicable ; Pass      ; Pass      ; Inapplicable ; Inapplicable ; Inapplicable ; Inapplicable ; Pass         ; Inapplicable ; Inapplicable ; Pass         ; Inapplicable ; Inapplicable ; Inapplicable ; Inapplicable ; Inapplicable ; Inapplicable ; Inapplicable ; Inapplicable ; Inapplicable ; Pass      ; Inapplicable ; Inapplicable ;
; A[0]               ; Inapplicable ; Inapplicable ; Inapplicable ; Inapplicable ; Inapplicable ; Pass      ; Inapplicable ; Inapplicable ; Pass      ; Pass      ; Inapplicable ; Inapplicable ; Inapplicable ; Inapplicable ; Pass         ; Inapplicable ; Inapplicable ; Pass         ; Inapplicable ; Inapplicable ; Inapplicable ; Inapplicable ; Inapplicable ; Inapplicable ; Inapplicable ; Inapplicable ; Inapplicable ; Pass      ; Inapplicable ; Inapplicable ;
; B[0]               ; Inapplicable ; Inapplicable ; Inapplicable ; Inapplicable ; Inapplicable ; Pass      ; Inapplicable ; Inapplicable ; Pass      ; Pass      ; Inapplicable ; Inapplicable ; Inapplicable ; Inapplicable ; Pass         ; Inapplicable ; Inapplicable ; Pass         ; Inapplicable ; Inapplicable ; Inapplicable ; Inapplicable ; Inapplicable ; Inapplicable ; Inapplicable ; Inapplicable ; Inapplicable ; Pass      ; Inapplicable ; Inapplicable ;
; X[0]               ; Pass         ; Inapplicable ; Pass         ; Inapplicable ; Inapplicable ; Pass      ; Pass         ; Inapplicable ; Pass      ; Pass      ; Inapplicable ; Inapplicable ; Inapplicable ; Inapplicable ; Pass         ; Inapplicable ; Inapplicable ; Pass         ; Inapplicable ; Inapplicable ; Inapplicable ; Inapplicable ; Inapplicable ; Inapplicable ; Inapplicable ; Inapplicable ; Inapplicable ; Pass      ; Inapplicable ; Inapplicable ;
; C[4]               ; Inapplicable ; Inapplicable ; Inapplicable ; Inapplicable ; Inapplicable ; Pass      ; Inapplicable ; Inapplicable ; Pass      ; Pass      ; Inapplicable ; Inapplicable ; Inapplicable ; Inapplicable ; Pass         ; Inapplicable ; Inapplicable ; Pass         ; Inapplicable ; Inapplicable ; Inapplicable ; Inapplicable ; Inapplicable ; Inapplicable ; Inapplicable ; Inapplicable ; Inapplicable ; Pass      ; Inapplicable ; Inapplicable ;
; C[5]               ; Inapplicable ; Inapplicable ; Inapplicable ; Inapplicable ; Inapplicable ; Pass      ; Inapplicable ; Inapplicable ; Pass      ; Pass      ; Inapplicable ; Inapplicable ; Inapplicable ; Inapplicable ; Pass         ; Inapplicable ; Inapplicable ; Pass         ; Inapplicable ; Inapplicable ; Inapplicable ; Inapplicable ; Inapplicable ; Inapplicable ; Inapplicable ; Inapplicable ; Inapplicable ; Pass      ; Inapplicable ; Inapplicable ;
; C[6]               ; Inapplicable ; Inapplicable ; Inapplicable ; Inapplicable ; Inapplicable ; Pass      ; Inapplicable ; Inapplicable ; Pass      ; Pass      ; Inapplicable ; Inapplicable ; Inapplicable ; Inapplicable ; Pass         ; Inapplicable ; Inapplicable ; Pass         ; Inapplicable ; Inapplicable ; Inapplicable ; Inapplicable ; Inapplicable ; Inapplicable ; Inapplicable ; Inapplicable ; Inapplicable ; Pass      ; Inapplicable ; Inapplicable ;
; C[7]               ; Inapplicable ; Inapplicable ; Inapplicable ; Inapplicable ; Inapplicable ; Pass      ; Inapplicable ; Inapplicable ; Pass      ; Pass      ; Inapplicable ; Inapplicable ; Inapplicable ; Inapplicable ; Pass         ; Inapplicable ; Inapplicable ; Pass         ; Inapplicable ; Inapplicable ; Inapplicable ; Inapplicable ; Inapplicable ; Inapplicable ; Inapplicable ; Inapplicable ; Inapplicable ; Pass      ; Inapplicable ; Inapplicable ;
; C[3]               ; Inapplicable ; Inapplicable ; Inapplicable ; Inapplicable ; Inapplicable ; Pass      ; Inapplicable ; Inapplicable ; Pass      ; Pass      ; Inapplicable ; Inapplicable ; Inapplicable ; Inapplicable ; Pass         ; Inapplicable ; Inapplicable ; Pass         ; Inapplicable ; Inapplicable ; Inapplicable ; Inapplicable ; Inapplicable ; Inapplicable ; Inapplicable ; Inapplicable ; Inapplicable ; Pass      ; Inapplicable ; Inapplicable ;
; C[1]               ; Inapplicable ; Inapplicable ; Inapplicable ; Inapplicable ; Inapplicable ; Pass      ; Inapplicable ; Inapplicable ; Pass      ; Pass      ; Inapplicable ; Inapplicable ; Inapplicable ; Inapplicable ; Pass         ; Inapplicable ; Inapplicable ; Pass         ; Inapplicable ; Inapplicable ; Inapplicable ; Inapplicable ; Inapplicable ; Inapplicable ; Inapplicable ; Inapplicable ; Inapplicable ; Pass      ; Inapplicable ; Inapplicable ;
; C[2]               ; Inapplicable ; Inapplicable ; Inapplicable ; Inapplicable ; Inapplicable ; Pass      ; Inapplicable ; Inapplicable ; Pass      ; Pass      ; Inapplicable ; Inapplicable ; Inapplicable ; Inapplicable ; Pass         ; Inapplicable ; Inapplicable ; Pass         ; Inapplicable ; Inapplicable ; Inapplicable ; Inapplicable ; Inapplicable ; Inapplicable ; Inapplicable ; Inapplicable ; Inapplicable ; Pass      ; Inapplicable ; Inapplicable ;
; A[1]               ; Inapplicable ; Inapplicable ; Inapplicable ; Inapplicable ; Inapplicable ; Pass      ; Inapplicable ; Inapplicable ; Pass      ; Pass      ; Inapplicable ; Inapplicable ; Inapplicable ; Inapplicable ; Pass         ; Inapplicable ; Inapplicable ; Pass         ; Inapplicable ; Inapplicable ; Inapplicable ; Inapplicable ; Inapplicable ; Inapplicable ; Inapplicable ; Inapplicable ; Inapplicable ; Pass      ; Inapplicable ; Inapplicable ;
; A[7]               ; Inapplicable ; Inapplicable ; Inapplicable ; Inapplicable ; Inapplicable ; Pass      ; Inapplicable ; Inapplicable ; Pass      ; Pass      ; Inapplicable ; Inapplicable ; Inapplicable ; Inapplicable ; Pass         ; Inapplicable ; Inapplicable ; Pass         ; Inapplicable ; Inapplicable ; Inapplicable ; Inapplicable ; Inapplicable ; Inapplicable ; Inapplicable ; Inapplicable ; Inapplicable ; Pass      ; Inapplicable ; Inapplicable ;
; X[7]               ; Pass         ; Inapplicable ; Pass         ; Inapplicable ; Inapplicable ; Pass      ; Pass         ; Inapplicable ; Pass      ; Pass      ; Inapplicable ; Inapplicable ; Inapplicable ; Inapplicable ; Pass         ; Inapplicable ; Inapplicable ; Pass         ; Inapplicable ; Inapplicable ; Inapplicable ; Inapplicable ; Inapplicable ; Inapplicable ; Inapplicable ; Inapplicable ; Inapplicable ; Pass      ; Inapplicable ; Inapplicable ;
; B[7]               ; Inapplicable ; Inapplicable ; Inapplicable ; Inapplicable ; Inapplicable ; Pass      ; Inapplicable ; Inapplicable ; Pass      ; Pass      ; Inapplicable ; Inapplicable ; Inapplicable ; Inapplicable ; Pass         ; Inapplicable ; Inapplicable ; Pass         ; Inapplicable ; Inapplicable ; Inapplicable ; Inapplicable ; Inapplicable ; Inapplicable ; Inapplicable ; Inapplicable ; Inapplicable ; Pass      ; Inapplicable ; Inapplicable ;
; B[1]               ; Inapplicable ; Inapplicable ; Inapplicable ; Inapplicable ; Inapplicable ; Pass      ; Inapplicable ; Inapplicable ; Pass      ; Pass      ; Inapplicable ; Inapplicable ; Inapplicable ; Inapplicable ; Pass         ; Inapplicable ; Inapplicable ; Pass         ; Inapplicable ; Inapplicable ; Inapplicable ; Inapplicable ; Inapplicable ; Inapplicable ; Inapplicable ; Inapplicable ; Inapplicable ; Pass      ; Inapplicable ; Inapplicable ;
; X[1]               ; Pass         ; Inapplicable ; Pass         ; Inapplicable ; Inapplicable ; Pass      ; Pass         ; Inapplicable ; Pass      ; Pass      ; Inapplicable ; Inapplicable ; Inapplicable ; Inapplicable ; Pass         ; Inapplicable ; Inapplicable ; Pass         ; Inapplicable ; Inapplicable ; Inapplicable ; Inapplicable ; Inapplicable ; Inapplicable ; Inapplicable ; Inapplicable ; Inapplicable ; Pass      ; Inapplicable ; Inapplicable ;
; X[5]               ; Pass         ; Inapplicable ; Pass         ; Inapplicable ; Inapplicable ; Pass      ; Pass         ; Inapplicable ; Pass      ; Pass      ; Inapplicable ; Inapplicable ; Inapplicable ; Inapplicable ; Pass         ; Inapplicable ; Inapplicable ; Pass         ; Inapplicable ; Inapplicable ; Inapplicable ; Inapplicable ; Inapplicable ; Inapplicable ; Inapplicable ; Inapplicable ; Inapplicable ; Pass      ; Inapplicable ; Inapplicable ;
; X[4]               ; Pass         ; Inapplicable ; Pass         ; Inapplicable ; Inapplicable ; Pass      ; Pass         ; Inapplicable ; Pass      ; Pass      ; Inapplicable ; Inapplicable ; Inapplicable ; Inapplicable ; Pass         ; Inapplicable ; Inapplicable ; Pass         ; Inapplicable ; Inapplicable ; Inapplicable ; Inapplicable ; Inapplicable ; Inapplicable ; Inapplicable ; Inapplicable ; Inapplicable ; Pass      ; Inapplicable ; Inapplicable ;
; X[2]               ; Pass         ; Inapplicable ; Pass         ; Inapplicable ; Inapplicable ; Pass      ; Pass         ; Inapplicable ; Pass      ; Pass      ; Inapplicable ; Inapplicable ; Inapplicable ; Inapplicable ; Pass         ; Inapplicable ; Inapplicable ; Pass         ; Inapplicable ; Inapplicable ; Inapplicable ; Inapplicable ; Inapplicable ; Inapplicable ; Inapplicable ; Inapplicable ; Inapplicable ; Pass      ; Inapplicable ; Inapplicable ;
; X[6]               ; Pass         ; Inapplicable ; Pass         ; Inapplicable ; Inapplicable ; Pass      ; Pass         ; Inapplicable ; Pass      ; Pass      ; Inapplicable ; Inapplicable ; Inapplicable ; Inapplicable ; Pass         ; Inapplicable ; Inapplicable ; Pass         ; Inapplicable ; Inapplicable ; Inapplicable ; Inapplicable ; Inapplicable ; Inapplicable ; Inapplicable ; Inapplicable ; Inapplicable ; Pass      ; Inapplicable ; Inapplicable ;
; X[3]               ; Pass         ; Inapplicable ; Pass         ; Inapplicable ; Inapplicable ; Pass      ; Pass         ; Inapplicable ; Pass      ; Pass      ; Inapplicable ; Inapplicable ; Inapplicable ; Inapplicable ; Pass         ; Inapplicable ; Inapplicable ; Pass         ; Inapplicable ; Inapplicable ; Inapplicable ; Inapplicable ; Inapplicable ; Inapplicable ; Inapplicable ; Inapplicable ; Inapplicable ; Pass      ; Inapplicable ; Inapplicable ;
; A[2]               ; Inapplicable ; Inapplicable ; Inapplicable ; Inapplicable ; Inapplicable ; Pass      ; Inapplicable ; Inapplicable ; Pass      ; Pass      ; Inapplicable ; Inapplicable ; Inapplicable ; Inapplicable ; Pass         ; Inapplicable ; Inapplicable ; Pass         ; Inapplicable ; Inapplicable ; Inapplicable ; Inapplicable ; Inapplicable ; Inapplicable ; Inapplicable ; Inapplicable ; Inapplicable ; Pass      ; Inapplicable ; Inapplicable ;
; A[3]               ; Inapplicable ; Inapplicable ; Inapplicable ; Inapplicable ; Inapplicable ; Pass      ; Inapplicable ; Inapplicable ; Pass      ; Pass      ; Inapplicable ; Inapplicable ; Inapplicable ; Inapplicable ; Pass         ; Inapplicable ; Inapplicable ; Pass         ; Inapplicable ; Inapplicable ; Inapplicable ; Inapplicable ; Inapplicable ; Inapplicable ; Inapplicable ; Inapplicable ; Inapplicable ; Pass      ; Inapplicable ; Inapplicable ;
; A[4]               ; Inapplicable ; Inapplicable ; Inapplicable ; Inapplicable ; Inapplicable ; Pass      ; Inapplicable ; Inapplicable ; Pass      ; Pass      ; Inapplicable ; Inapplicable ; Inapplicable ; Inapplicable ; Pass         ; Inapplicable ; Inapplicable ; Pass         ; Inapplicable ; Inapplicable ; Inapplicable ; Inapplicable ; Inapplicable ; Inapplicable ; Inapplicable ; Inapplicable ; Inapplicable ; Pass      ; Inapplicable ; Inapplicable ;
; A[5]               ; Inapplicable ; Inapplicable ; Inapplicable ; Inapplicable ; Inapplicable ; Pass      ; Inapplicable ; Inapplicable ; Pass      ; Pass      ; Inapplicable ; Inapplicable ; Inapplicable ; Inapplicable ; Pass         ; Inapplicable ; Inapplicable ; Pass         ; Inapplicable ; Inapplicable ; Inapplicable ; Inapplicable ; Inapplicable ; Inapplicable ; Inapplicable ; Inapplicable ; Inapplicable ; Pass      ; Inapplicable ; Inapplicable ;
; A[6]               ; Inapplicable ; Inapplicable ; Inapplicable ; Inapplicable ; Inapplicable ; Pass      ; Inapplicable ; Inapplicable ; Pass      ; Pass      ; Inapplicable ; Inapplicable ; Inapplicable ; Inapplicable ; Pass         ; Inapplicable ; Inapplicable ; Pass         ; Inapplicable ; Inapplicable ; Inapplicable ; Inapplicable ; Inapplicable ; Inapplicable ; Inapplicable ; Inapplicable ; Inapplicable ; Pass      ; Inapplicable ; Inapplicable ;
; B[5]               ; Inapplicable ; Inapplicable ; Inapplicable ; Inapplicable ; Inapplicable ; Pass      ; Inapplicable ; Inapplicable ; Pass      ; Pass      ; Inapplicable ; Inapplicable ; Inapplicable ; Inapplicable ; Pass         ; Inapplicable ; Inapplicable ; Pass         ; Inapplicable ; Inapplicable ; Inapplicable ; Inapplicable ; Inapplicable ; Inapplicable ; Inapplicable ; Inapplicable ; Inapplicable ; Pass      ; Inapplicable ; Inapplicable ;
; B[4]               ; Inapplicable ; Inapplicable ; Inapplicable ; Inapplicable ; Inapplicable ; Pass      ; Inapplicable ; Inapplicable ; Pass      ; Pass      ; Inapplicable ; Inapplicable ; Inapplicable ; Inapplicable ; Pass         ; Inapplicable ; Inapplicable ; Pass         ; Inapplicable ; Inapplicable ; Inapplicable ; Inapplicable ; Inapplicable ; Inapplicable ; Inapplicable ; Inapplicable ; Inapplicable ; Pass      ; Inapplicable ; Inapplicable ;
; B[6]               ; Inapplicable ; Inapplicable ; Inapplicable ; Inapplicable ; Inapplicable ; Pass      ; Inapplicable ; Inapplicable ; Pass      ; Pass      ; Inapplicable ; Inapplicable ; Inapplicable ; Inapplicable ; Pass         ; Inapplicable ; Inapplicable ; Pass         ; Inapplicable ; Inapplicable ; Inapplicable ; Inapplicable ; Inapplicable ; Inapplicable ; Inapplicable ; Inapplicable ; Inapplicable ; Pass      ; Inapplicable ; Inapplicable ;
; B[3]               ; Inapplicable ; Inapplicable ; Inapplicable ; Inapplicable ; Inapplicable ; Pass      ; Inapplicable ; Inapplicable ; Pass      ; Pass      ; Inapplicable ; Inapplicable ; Inapplicable ; Inapplicable ; Pass         ; Inapplicable ; Inapplicable ; Pass         ; Inapplicable ; Inapplicable ; Inapplicable ; Inapplicable ; Inapplicable ; Inapplicable ; Inapplicable ; Inapplicable ; Inapplicable ; Pass      ; Inapplicable ; Inapplicable ;
; B[2]               ; Inapplicable ; Inapplicable ; Inapplicable ; Inapplicable ; Inapplicable ; Pass      ; Inapplicable ; Inapplicable ; Pass      ; Pass      ; Inapplicable ; Inapplicable ; Inapplicable ; Inapplicable ; Pass         ; Inapplicable ; Inapplicable ; Pass         ; Inapplicable ; Inapplicable ; Inapplicable ; Inapplicable ; Inapplicable ; Inapplicable ; Inapplicable ; Inapplicable ; Inapplicable ; Pass      ; Inapplicable ; Inapplicable ;
+--------------------+--------------+--------------+--------------+--------------+--------------+-----------+--------------+--------------+-----------+-----------+--------------+--------------+--------------+--------------+--------------+--------------+--------------+--------------+--------------+--------------+--------------+--------------+--------------+--------------+--------------+--------------+--------------+-----------+--------------+--------------+


+-------------------------------------------------------------------------------------------+
; Fitter Device Options                                                                     ;
+------------------------------------------------------------------+------------------------+
; Option                                                           ; Setting                ;
+------------------------------------------------------------------+------------------------+
; Enable user-supplied start-up clock (CLKUSR)                     ; Off                    ;
; Enable device-wide reset (DEV_CLRn)                              ; Off                    ;
; Enable device-wide output enable (DEV_OE)                        ; Off                    ;
; Enable INIT_DONE output                                          ; Off                    ;
; Configuration scheme                                             ; Internal Configuration ;
; Enable Error Detection CRC_ERROR pin                             ; Off                    ;
; Enable open drain on CRC_ERROR pin                               ; Off                    ;
; Enable nCONFIG, nSTATUS, and CONF_DONE pins                      ; On                     ;
; Enable JTAG pin sharing                                          ; Off                    ;
; Enable nCE pin                                                   ; Off                    ;
; Enable CONFIG_SEL pin                                            ; On                     ;
; Enable input tri-state on active configuration pins in user mode ; Off                    ;
; Configuration Voltage Level                                      ; Auto                   ;
; Force Configuration Voltage Level                                ; Off                    ;
; Data[0]                                                          ; Unreserved             ;
; Data[1]/ASDO                                                     ; Unreserved             ;
; FLASH_nCE/nCSO                                                   ; Unreserved             ;
; DCLK                                                             ; Unreserved             ;
+------------------------------------------------------------------+------------------------+


+------------------------------------+
; Operating Settings and Conditions  ;
+---------------------------+--------+
; Setting                   ; Value  ;
+---------------------------+--------+
; Nominal Core Voltage      ; 1.20 V ;
; Low Junction Temperature  ; 0 °C   ;
; High Junction Temperature ; 85 °C  ;
+---------------------------+--------+


+-----------------+
; Fitter Messages ;
+-----------------+
Warning (18236): Number of processors has not been specified which may cause overloading on shared machines.  Set the global assignment NUM_PARALLEL_PROCESSORS in your QSF to an appropriate value for best performance.
Info (20030): Parallel compilation is enabled and will use 12 of the 12 processors detected
Info (119006): Selected device 10M50DAF484C7G for design "halfadder"
Info (21077): Low junction temperature is 0 degrees C
Info (21077): High junction temperature is 85 degrees C
Info (171003): Fitter is performing an Auto Fit compilation, which may decrease Fitter effort to reduce compilation time
Warning (292013): Feature LogicLock is only available with a valid subscription license. You can purchase a software subscription to gain full access to this feature.
Info (176444): Device migration not selected. If you intend to use device migration later, you may need to change the pin assignments as they may be incompatible with other devices
    Info (176445): Device 10M08DAF484I7G is compatible
    Info (176445): Device 10M08DAF484I7P is compatible
    Info (176445): Device 10M16DAF484A7G is compatible
    Info (176445): Device 10M16DAF484C7G is compatible
    Info (176445): Device 10M16DAF484I7G is compatible
    Info (176445): Device 10M16DAF484I7P is compatible
    Info (176445): Device 10M25DAF484A7G is compatible
    Info (176445): Device 10M25DAF484C7G is compatible
    Info (176445): Device 10M25DAF484I7G is compatible
    Info (176445): Device 10M50DAF484I7G is compatible
    Info (176445): Device 10M50DAF484I7P is compatible
    Info (176445): Device 10M40DAF484C7G is compatible
    Info (176445): Device 10M40DAF484I7G is compatible
Info (169124): Fitter converted 8 user pins into dedicated programming pins
    Info (169125): Pin ~ALTERA_TMS~ is reserved at location H2
    Info (169125): Pin ~ALTERA_TCK~ is reserved at location G2
    Info (169125): Pin ~ALTERA_TDI~ is reserved at location L4
    Info (169125): Pin ~ALTERA_TDO~ is reserved at location M5
    Info (169125): Pin ~ALTERA_CONFIG_SEL~ is reserved at location H10
    Info (169125): Pin ~ALTERA_nCONFIG~ is reserved at location H9
    Info (169125): Pin ~ALTERA_nSTATUS~ is reserved at location G9
    Info (169125): Pin ~ALTERA_CONF_DONE~ is reserved at location F8
Info (169141): DATA[0] dual-purpose pin not reserved
Info (12825): Data[1]/ASDO dual-purpose pin not reserved
Info (12825): nCSO dual-purpose pin not reserved
Info (12825): DCLK dual-purpose pin not reserved
Warning (15714): Some pins have incomplete I/O assignments. Refer to the I/O Assignment Warnings report for details
Critical Warning (169085): No exact pin location assignment(s) for 48 pins of 56 total pins. For the list of pins please refer to the I/O Assignment Warnings table in the fitter report.
Critical Warning (332012): Synopsys Design Constraints File file not found: 'halfadder.sdc'. A Synopsys Design Constraints File is required by the Timing Analyzer to get proper timing constraints. Without it, the Compiler will not properly optimize the design.
Info (332144): No user constrained base clocks found in the design
Info (332096): The command derive_clocks did not find any clocks to derive.  No clocks were created or changed.
Warning (332068): No clocks defined in design.
Info (332143): No user constrained clock uncertainty found in the design. Calling "derive_clock_uncertainty"
Info (332154): The derive_clock_uncertainty command did not apply clock uncertainty to any clock-to-clock transfers.
Info (332130): Timing requirements not specified -- quality metrics such as performance may be sacrificed to reduce compilation time.
Info (176233): Starting register packing
Info (176235): Finished register packing
    Extra Info (176219): No registers were packed into other blocks
Info (176214): Statistics of I/O pins that need to be placed that use the same VCCIO and VREF, before I/O pin placement
    Info (176211): Number of I/O pins in group: 48 (unused VREF, 2.5V VCCIO, 24 input, 24 output, 0 bidirectional)
        Info (176212): I/O standards used: 2.5 V.
Info (176215): I/O bank details before I/O pin placement
    Info (176214): Statistics of I/O banks
        Info (176213): I/O bank number 1A does not use VREF pins and has undetermined VCCIO pins. 0 total pin(s) used --  16 pins available
        Info (176213): I/O bank number 1B does not use VREF pins and has undetermined VCCIO pins. 4 total pin(s) used --  20 pins available
        Info (176213): I/O bank number 2 does not use VREF pins and has undetermined VCCIO pins. 0 total pin(s) used --  36 pins available
        Info (176213): I/O bank number 3 does not use VREF pins and has undetermined VCCIO pins. 0 total pin(s) used --  48 pins available
        Info (176213): I/O bank number 4 does not use VREF pins and has undetermined VCCIO pins. 0 total pin(s) used --  48 pins available
        Info (176213): I/O bank number 5 does not use VREF pins and has undetermined VCCIO pins. 0 total pin(s) used --  40 pins available
        Info (176213): I/O bank number 6 does not use VREF pins and has undetermined VCCIO pins. 0 total pin(s) used --  60 pins available
        Info (176213): I/O bank number 7 does not use VREF pins and has undetermined VCCIO pins. 8 total pin(s) used --  44 pins available
        Info (176213): I/O bank number 8 does not use VREF pins and has undetermined VCCIO pins. 4 total pin(s) used --  32 pins available
Warning (15705): Ignored locations or region assignments to the following nodes
    Warning (15706): Node "Carry" is assigned to location or region, but does not exist in design
    Warning (15706): Node "Erro" is assigned to location or region, but does not exist in design
    Warning (15706): Node "Overflow" is assigned to location or region, but does not exist in design
    Warning (15706): Node "Zero" is assigned to location or region, but does not exist in design
    Warning (15706): Node "btn1" is assigned to location or region, but does not exist in design
    Warning (15706): Node "btn2" is assigned to location or region, but does not exist in design
    Warning (15706): Node "cem[0]" is assigned to location or region, but does not exist in design
    Warning (15706): Node "cem[1]" is assigned to location or region, but does not exist in design
    Warning (15706): Node "cem[2]" is assigned to location or region, but does not exist in design
    Warning (15706): Node "cem[3]" is assigned to location or region, but does not exist in design
    Warning (15706): Node "cem[4]" is assigned to location or region, but does not exist in design
    Warning (15706): Node "cem[5]" is assigned to location or region, but does not exist in design
    Warning (15706): Node "cem[6]" is assigned to location or region, but does not exist in design
    Warning (15706): Node "dez[0]" is assigned to location or region, but does not exist in design
    Warning (15706): Node "dez[1]" is assigned to location or region, but does not exist in design
    Warning (15706): Node "dez[2]" is assigned to location or region, but does not exist in design
    Warning (15706): Node "dez[3]" is assigned to location or region, but does not exist in design
    Warning (15706): Node "dez[4]" is assigned to location or region, but does not exist in design
    Warning (15706): Node "dez[5]" is assigned to location or region, but does not exist in design
    Warning (15706): Node "dez[6]" is assigned to location or region, but does not exist in design
    Warning (15706): Node "dezmil[0]" is assigned to location or region, but does not exist in design
    Warning (15706): Node "dezmil[1]" is assigned to location or region, but does not exist in design
    Warning (15706): Node "dezmil[2]" is assigned to location or region, but does not exist in design
    Warning (15706): Node "dezmil[3]" is assigned to location or region, but does not exist in design
    Warning (15706): Node "dezmil[4]" is assigned to location or region, but does not exist in design
    Warning (15706): Node "dezmil[5]" is assigned to location or region, but does not exist in design
    Warning (15706): Node "dezmil[6]" is assigned to location or region, but does not exist in design
    Warning (15706): Node "mil[0]" is assigned to location or region, but does not exist in design
    Warning (15706): Node "mil[1]" is assigned to location or region, but does not exist in design
    Warning (15706): Node "mil[2]" is assigned to location or region, but does not exist in design
    Warning (15706): Node "mil[3]" is assigned to location or region, but does not exist in design
    Warning (15706): Node "mil[4]" is assigned to location or region, but does not exist in design
    Warning (15706): Node "mil[5]" is assigned to location or region, but does not exist in design
    Warning (15706): Node "mil[6]" is assigned to location or region, but does not exist in design
    Warning (15706): Node "sinal[0]" is assigned to location or region, but does not exist in design
    Warning (15706): Node "sinal[1]" is assigned to location or region, but does not exist in design
    Warning (15706): Node "sinal[2]" is assigned to location or region, but does not exist in design
    Warning (15706): Node "sinal[3]" is assigned to location or region, but does not exist in design
    Warning (15706): Node "sinal[4]" is assigned to location or region, but does not exist in design
    Warning (15706): Node "sinal[5]" is assigned to location or region, but does not exist in design
    Warning (15706): Node "sinal[6]" is assigned to location or region, but does not exist in design
    Warning (15706): Node "sw8" is assigned to location or region, but does not exist in design
    Warning (15706): Node "sw9" is assigned to location or region, but does not exist in design
    Warning (15706): Node "um[0]" is assigned to location or region, but does not exist in design
    Warning (15706): Node "um[1]" is assigned to location or region, but does not exist in design
    Warning (15706): Node "um[2]" is assigned to location or region, but does not exist in design
    Warning (15706): Node "um[3]" is assigned to location or region, but does not exist in design
    Warning (15706): Node "um[4]" is assigned to location or region, but does not exist in design
    Warning (15706): Node "um[5]" is assigned to location or region, but does not exist in design
    Warning (15706): Node "um[6]" is assigned to location or region, but does not exist in design
Info (171121): Fitter preparation operations ending: elapsed time is 00:00:01
Info (14896): Fitter has disabled Advanced Physical Optimization because it is not supported for the current family.
Info (170189): Fitter placement preparation operations beginning
Info (170190): Fitter placement preparation operations ending: elapsed time is 00:00:00
Info (170191): Fitter placement operations beginning
Info (170137): Fitter placement was successful
Info (170192): Fitter placement operations ending: elapsed time is 00:00:01
Info (170193): Fitter routing operations beginning
Info (170195): Router estimated average interconnect usage is 0% of the available device resources
    Info (170196): Router estimated peak interconnect usage is 4% of the available device resources in the region that extends from location X45_Y33 to location X55_Y43
Info (170199): The Fitter performed an Auto Fit compilation.  Optimizations were skipped to reduce compilation time.
    Info (170201): Optimizations that may affect the design's routability were skipped
    Info (170200): Optimizations that may affect the design's timing were skipped
Info (170194): Fitter routing operations ending: elapsed time is 00:00:00
Info (11888): Total time spent on timing analysis during the Fitter is 0.12 seconds.
Info (334003): Started post-fitting delay annotation
Info (334004): Delay annotation completed successfully
Info (334003): Started post-fitting delay annotation
Info (334004): Delay annotation completed successfully
Info (11218): Fitter post-fit operations ending: elapsed time is 00:00:01
Warning (171167): Found invalid Fitter assignments. See the Ignored Assignments panel in the Fitter Compilation Report for more information.
Info (144001): Generated suppressed messages file C:/Users/Tatiane/Documents/Eletronica/PBL-CD/PBL2/projeto/output_files/halfadder.fit.smsg
Info: Quartus Prime Fitter was successful. 0 errors, 58 warnings
    Info: Peak virtual memory: 6255 megabytes
    Info: Processing ended: Sat Sep 19 16:26:06 2026
    Info: Elapsed time: 00:00:08
    Info: Total CPU time (on all processors): 00:00:05


+----------------------------+
; Fitter Suppressed Messages ;
+----------------------------+
The suppressed messages can be found in C:/Users/Tatiane/Documents/Eletronica/PBL-CD/PBL2/projeto/output_files/halfadder.fit.smsg.


